0.08163028665256533, 0.0, 0.0, 0.0, 0.0, 0.0, 0.0547121160982508, 0.0, 0.0, 0.0, 0.0, 0.0, 0.0, 0.0, 0.0, 0.0, 0.0, 0.0, 0.0, 0.0, 0.01844891561322247, 0.09834516121190066, 0.0, 0.0, 0.0, 0.0, 0.0, 0.11431666773772267, 
0.07025607210522337, 0.0019565443515223062, 0.17373503331903703, 0.0, 0.0, 0.0, 0.14457777201587207, 0.0, 0.02277178615737805, 0.0, 0.0, 0.0, 0.0, 0.09248782932950629, 0.0, 0.023733498738163154, 0.13733062103186625, 0.0, 0.0, 0.0, 0.021287936322517367, 0.08561918793865847, 0.0030431378696331324, 0.0, 0.0, 0.0, 0.0, 0.09660870267140635, 
0.058881857557881424, 0.0039130887030446124, 0.34747006663807406, 0.0, 0.0, 0.0, 0.23444342793349335, 0.0, 0.0455435723147561, 0.0, 0.0, 0.0, 0.0, 0.18497565865901258, 0.0, 0.04746699747632631, 0.2746612420637325, 0.0, 0.0, 0.0, 0.02412695703181227, 0.07289321466541629, 0.006086275739266265, 0.0, 0.0, 0.0, 0.0, 0.07890073760509003, 
0.047507643010539474, 0.005869633054566919, 0.5212050999571111, 0.0, 0.0, 0.0, 0.32430908385111457, 0.0, 0.06831535847213416, 0.0, 0.0, 0.0, 0.0, 0.2774634879885189, 0.0, 0.07120049621448946, 0.41199186309559876, 0.0, 0.0, 0.0, 0.026965977741107167, 0.060167241392174095, 0.009129413608899397, 0.0, 0.0, 0.0, 0.0, 0.0611927725387737, 
0.03613342846319752, 0.007826177406089225, 0.6949401332761481, 0.0, 0.0, 0.0, 0.41417473976873587, 0.0, 0.0910871446295122, 0.0, 0.0, 0.0, 0.0, 0.36995131731802516, 0.0, 0.09493399495265262, 0.549322484127465, 0.0, 0.0, 0.0, 0.02980499845040207, 0.0474412681189319, 0.01217255147853253, 0.0, 0.0, 0.0, 0.0, 0.04348480747245738, 
0.024759213915855567, 0.00978272175761153, 0.8686751665951852, 0.0, 0.0, 0.0, 0.5040403956863572, 0.0, 0.11385893078689024, 0.0, 0.0, 0.0, 0.0, 0.46243914664753144, 0.0, 0.11866749369081576, 0.6866531051593312, 0.0, 0.0, 0.0, 0.03264401915969697, 0.0347152948456897, 0.015215689348165662, 0.0, 0.0, 0.0, 0.0, 0.025776842406141063, 
0.02339938167736343, 0.009936763015951908, 0.711571477024739, 0.019514277971926557, 0.0, 0.0, 0.40323231654908576, 0.0, 0.10807381355959249, 0.01744658994609682, 0.0, 0.0, 0.0, 0.36995131731802516, 0.0, 0.10268992814421318, 0.7348668394095494, 0.009585834118922738, 0.0, 0.0, 0.026115215327757575, 0.02777223587655176, 0.01217255147853253, 0.0, 0.0, 0.0, 0.0, 0.02062147392491285, 
0.022039549438871292, 0.010090804274292283, 0.5544677874542929, 0.03902855594385311, 0.0, 0.0, 0.3024242374118143, 0.0, 0.10228869633229473, 0.03489317989219364, 0.0, 0.0, 0.0, 0.27746348798851883, 0.0, 0.08671236259761061, 0.7830805736597677, 0.019171668237845475, 0.0, 0.0, 0.01958641149581818, 0.02082917690741382, 0.009129413608899397, 0.0, 0.0, 0.0, 0.0, 0.015466105443684638, 
0.020679717200379158, 0.010244845532632661, 0.3973640978838468, 0.05854283391577967, 0.0, 0.0, 0.20161615827454282, 0.0, 0.09650357910499698, 0.05233976983829046, 0.0, 0.0, 0.0, 0.18497565865901255, 0.0, 0.07073479705100805, 0.8312943079099859, 0.028757502356768213, 0.0, 0.0, 0.013057607663878784, 0.013886117938275877, 0.006086275739266265, 0.0, 0.0, 0.0, 0.0, 0.010310736962456426, 
0.01931988496188702, 0.010398886790973037, 0.24026040831340068, 0.07805711188770623, 0.0, 0.0, 0.10080807913727141, 0.0, 0.09071846187769922, 0.06978635978438728, 0.0, 0.0, 0.0, 0.09248782932950628, 0.0, 0.054757231504405465, 0.8795080421602041, 0.03834333647569095, 0.0, 0.0, 0.006528803831939392, 0.0069430589691379385, 0.0030431378696331324, 0.0, 0.0, 0.0, 0.0, 0.005155368481228214, 
0.017960052723394883, 0.010552928049313414, 0.08315671874295448, 0.09757138985963279, 0.0, 0.0, 0.0, 0.0, 0.08493334465040146, 0.08723294973048411, 0.0, 0.0, 0.0, 0.0, 0.0, 0.0387796659578029, 0.9277217764104223, 0.047929170594613685, 0.0, 0.0, 0.0, 0.0, 0.0, 0.0, 0.0, 0.0, 0.0, 0.0, 
0.10105647876561047, 0.008442342439450731, 0.07725826984900828, 0.09763374503972552, 0.0, 0.0, 0.005209913861958715, 0.09448119380197398, 0.19810170145389377, 0.0895003809681092, 0.0, 0.0, 0.0, 0.0, 0.0008777810980814579, 0.0452609955497962, 0.9421774211283378, 0.045356170258154194, 0.0, 0.0, 0.0, 0.01933179847673163, 0.0, 0.0008751762972090684, 0.0, 0.0, 0.0, 0.005043719188574746, 
0.18415290480782606, 0.0063317568295880484, 0.07135982095506209, 0.09769610021981825, 0.0, 0.0, 0.01041982772391743, 0.18896238760394796, 0.31127005825738613, 0.09176781220573428, 0.0, 0.0, 0.0, 0.0, 0.0017555621961629158, 0.0517423251417895, 0.9566330658462534, 0.0427831699216947, 0.0, 0.0, 0.0, 0.03866359695346326, 0.0, 0.0017503525944181368, 0.0, 0.0, 0.0, 0.010087438377149493, 
0.26724933085004166, 0.004221171219725366, 0.06546137206111588, 0.097758455399911, 0.0, 0.0, 0.015629741585876145, 0.28344358140592196, 0.4244384150608784, 0.09403524344335935, 0.0, 0.0, 0.0, 0.0, 0.0026333432942443735, 0.0582236547337828, 0.9710887105641689, 0.04021016958523521, 0.0, 0.0, 0.0, 0.05799539543019489, 0.0, 0.0026255288916272055, 0.0, 0.0, 0.0, 0.01513115756572424, 
0.3503457568922573, 0.002110585609862683, 0.059562923167169685, 0.09782081058000373, 0.0, 0.0, 0.02083965544783486, 0.3779247752078959, 0.5376067718643708, 0.09630267468098444, 0.0, 0.0, 0.0, 0.0, 0.0035111243923258316, 0.0647049843257761, 0.9855443552820845, 0.03763716924877572, 0.0, 0.0, 0.0, 0.07732719390692652, 0.0, 0.0035007051888362737, 0.0, 0.0, 0.0, 0.020174876754298986, 
0.4334421829344729, 0.0, 0.05366447427322349, 0.09788316576009647, 0.0, 0.0, 0.026049569309793578, 0.4724059690098699, 0.6507751286678631, 0.09857010591860953, 0.0, 0.0, 0.0, 0.0, 0.00438890549040729, 0.0711863139177694, 1.0, 0.03506416891231623, 0.0, 0.0, 0.0, 0.09665899238365816, 0.0, 0.004375881486045342, 0.0, 0.0, 0.0, 0.02521859594287373, 
0.4291423250730505, 0.017997728628530458, 0.06118909486714543, 0.2170559093922876, 0.0, 0.0, 0.02083965544783486, 0.5631161915527223, 0.6684298269304182, 0.07973729619355713, 0.0, 0.0, 0.0, 0.0, 0.012134293458094476, 0.0736014928147174, 0.991893895039459, 0.043611020261198834, 0.0, 0.0, 0.0, 0.07732719390692652, 0.0009011921092071847, 0.00440194680538215, 0.0, 0.0, 0.0, 0.029828087520891288, 
0.4248424672116281, 0.035995457257060916, 0.06871371546106737, 0.33622865302447874, 0.0, 0.0, 0.01562974158587615, 0.6538264140955747, 0.6860845251929734, 0.060904486468504736, 0.0, 0.0, 0.0, 0.0, 0.019879681425781663, 0.07601667171166539, 0.9837877900789181, 0.05215787161008144, 0.0, 0.0, 0.0, 0.0579953954301949, 0.0018023842184143695, 0.004428012124718959, 0.0, 0.0, 0.0, 0.03443757909890885, 
0.42054260935020565, 0.05399318588559138, 0.07623833605498931, 0.4554013966566699, 0.0, 0.0, 0.010419827723917433, 0.7445366366384271, 0.7037392234555284, 0.042071676743452344, 0.0, 0.0, 0.0, 0.0, 0.02762506939346885, 0.07843185060861337, 0.9756816851183772, 0.060704722958964036, 0.0, 0.0, 0.0, 0.03866359695346327, 0.002703576327621554, 0.004454077444055768, 0.0, 0.0, 0.0, 0.03904707067692641, 
0.41624275148878326, 0.07199091451412183, 0.08376295664891126, 0.574574140288861, 0.0, 0.0, 0.005209913861958716, 0.8352468591812794, 0.7213939217180836, 0.023238867018399945, 0.0, 0.0, 0.0, 0.0, 0.03537045736115604, 0.08084702950556136, 0.9675755801578363, 0.06925157430784665, 0.0, 0.0, 0.0, 0.019331798476731638, 0.003604768436828739, 0.004480142763392577, 0.0, 0.0, 0.0, 0.043656562254943965, 
0.41194289362736086, 0.08998864314265229, 0.09128757724283319, 0.6937468839210522, 0.0, 0.0, 0.0, 0.9259570817241318, 0.7390486199806386, 0.004406057293347548, 0.0, 0.0, 0.0, 0.0, 0.04311584532884322, 0.08326220840250935, 0.9594694751972953, 0.07779842565672924, 0.0, 0.0, 0.0, 0.0, 0.004505960546035924, 0.004506208082729385, 0.0, 0.0, 0.0, 0.04826605383296152, 
0.3458765009338355, 0.07199091451412183, 0.07303006179426655, 0.5656615607179688, 0.0, 0.0, 0.0, 0.7458861547125996, 0.591238895984511, 0.0035248458346780385, 0.0, 0.0, 0.0, 0.0, 0.05116624512670358, 0.07162006307115364, 0.939190013816802, 0.07809781268095824, 0.0, 0.0, 0.0, 0.0, 0.003604768436828739, 0.0036049664661835083, 0.0, 0.0, 0.0, 0.03861284306636922, 
0.27981010824031016, 0.05399318588559137, 0.05477254634569992, 0.43757623751488545, 0.0, 0.0, 0.0, 0.5658152277010673, 0.44342917198838316, 0.0026436343760085287, 0.0, 0.0, 0.0, 0.0, 0.05921664492456393, 0.05997791773979794, 0.9189105524363086, 0.07839719970518721, 0.0, 0.0, 0.0, 0.0, 0.002703576327621554, 0.0027037248496376313, 0.0, 0.0, 0.0, 0.028959632299776914, 
0.2137437155467848, 0.03599545725706091, 0.03651503089713328, 0.3094909143118021, 0.0, 0.0, 0.0, 0.3857443006895349, 0.2956194479922554, 0.0017624229173390195, 0.0, 0.0, 0.0, 0.0, 0.06726704472242429, 0.048335772408442224, 0.8986310910558153, 0.0786965867294162, 0.0, 0.0, 0.0, 0.0, 0.0018023842184143697, 0.001802483233091754, 0.0, 0.0, 0.0, 0.019306421533184612, 
0.14767732285325946, 0.017997728628530454, 0.018257515448566644, 0.18140559110871868, 0.0, 0.0, 0.0, 0.20567337367800265, 0.14780972399612768, 0.0008812114586695097, 0.0, 0.0, 0.0, 0.0, 0.07531744452028463, 0.03669362707708652, 0.8783516296753219, 0.07899597375364519, 0.0, 0.0, 0.0, 0.0, 0.0009011921092071848, 0.000901241616545877, 0.0, 0.0, 0.0, 0.009653210766592306, 
0.08161093015973417, 0.0, 0.0, 0.05332026790563522, 0.0, 0.0, 0.0, 0.025602446666470366, 0.0, 0.0, 0.0, 0.0, 0.0, 0.0, 0.08336784431814499, 0.025051481745730814, 0.8580721682948286, 0.07929536077787418, 0.0, 0.0, 0.0, 0.0, 0.0, 0.0, 0.0, 0.0, 0.0, 0.0, 
0.06528874412778733, 0.0, 0.0, 0.042656214324508175, 0.0, 0.0, 0.0, 0.026824124940694718, 0.006310082404153783, 0.0, 0.0022046442849525385, 0.0, 0.0, 0.0, 0.07691798002364633, 0.02868573709296682, 0.8800362754746691, 0.07741228019716932, 0.0, 0.0, 0.0, 0.0, 0.0, 0.0, 0.0, 0.0, 0.0, 0.0, 
0.0489665580958405, 0.0, 0.0, 0.031992160743381126, 0.0, 0.0, 0.0, 0.02804580321491907, 0.012620164808307566, 0.0, 0.004409288569905077, 0.0, 0.0, 0.0, 0.07046811572914768, 0.03231999244020283, 0.9020003826545097, 0.07552919961646447, 0.0, 0.0, 0.0, 0.0, 0.0, 0.0, 0.0, 0.0, 0.0, 0.0, 
0.03264437206389367, 0.0, 0.0, 0.021328107162254084, 0.0, 0.0, 0.0, 0.029267481489143425, 0.01893024721246135, 0.0, 0.006613932854857616, 0.0, 0.0, 0.0, 0.06401825143464902, 0.03595424778743884, 0.9239644898343502, 0.07364611903575963, 0.0, 0.0, 0.0, 0.0, 0.0, 0.0, 0.0, 0.0, 0.0, 0.0, 
0.016322186031946836, 0.0, 0.0, 0.010664053581127042, 0.0, 0.0, 0.0, 0.030489159763367777, 0.025240329616615133, 0.0, 0.008818577139810154, 0.0, 0.0, 0.0, 0.05756838714015036, 0.039588503134674845, 0.9459285970141907, 0.07176303845505477, 0.0, 0.0, 0.0, 0.0, 0.0, 0.0, 0.0, 0.0, 0.0, 0.0, 
0.0, 0.0, 0.0, 0.0, 0.0, 0.0, 0.0, 0.03171083803759213, 0.031550412020768914, 0.0, 0.011023221424762692, 0.0, 0.0, 0.0, 0.05111852284565171, 0.04322275848191085, 0.9678927041940313, 0.06987995787434992, 0.0, 0.0, 0.0, 0.0, 0.0, 0.0, 0.0, 0.0, 0.0, 0.0, 
0.0, 0.0, 0.0, 0.0, 0.0, 0.0, 0.0, 0.025368670430073702, 0.025240329616615133, 0.0010301984873198628, 0.011609265813576713, 0.0, 0.0, 0.0, 0.04089481827652137, 0.04271430028085724, 0.9491894274262104, 0.06882387140538798, 0.0, 0.0, 0.0, 0.0, 0.0, 0.0, 0.0, 0.0, 0.0, 0.0, 
0.0, 0.0, 0.0, 0.0, 0.0, 0.0, 0.0, 0.019026502822555278, 0.018930247212461348, 0.0020603969746397256, 0.012195310202390735, 0.0, 0.0, 0.0, 0.030671113707391024, 0.04220584207980362, 0.9304861506583895, 0.06776778493642605, 0.0, 0.0, 0.0, 0.0, 0.0, 0.0, 0.0, 0.0, 0.0, 0.0, 
0.0, 0.0, 0.0, 0.0, 0.0, 0.0, 0.0, 0.012684335215036854, 0.012620164808307563, 0.0030905954619595884, 0.012781354591204757, 0.0, 0.0, 0.0, 0.02044740913826068, 0.04169738387875001, 0.9117828738905686, 0.06671169846746411, 0.0, 0.0, 0.0, 0.0, 0.0, 0.0, 0.0, 0.0, 0.0, 0.0, 
0.0, 0.0, 0.0, 0.0, 0.0, 0.0, 0.0, 0.006342167607518427, 0.0063100824041537815, 0.004120793949279451, 0.013367398980018779, 0.0, 0.0, 0.0, 0.01022370456913034, 0.04118892567769639, 0.8930795971227476, 0.06565561199850217, 0.0, 0.0, 0.0, 0.0, 0.0, 0.0, 0.0, 0.0, 0.0, 0.0, 
0.0, 0.0, 0.0, 0.0, 0.0, 0.0, 0.0, 0.0, 0.0, 0.005150992436599314, 0.0139534433688328, 0.0, 0.0, 0.0, 0.0, 0.04068046747664278, 0.8743763203549267, 0.06459952552954024, 0.0, 0.0, 0.0, 0.0, 0.0, 0.0, 0.0, 0.0, 0.0, 0.0, 
0.0, 0.0, 0.0, 0.0, 0.0, 0.0, 0.0, 0.0017425791874736273, 0.0035716927889324892, 0.005741752675266003, 0.01731476623800437, 0.0, 0.0, 0.0, 0.0, 0.032544373981314226, 0.8742680467861821, 0.06423679928424791, 0.0, 0.0, 0.0, 0.0, 0.0, 0.0, 0.0, 0.0, 0.0, 0.0, 
0.0, 0.0, 0.0, 0.0, 0.0, 0.0, 0.0, 0.0034851583749472546, 0.0071433855778649785, 0.006332512913932692, 0.020676089107175936, 0.0, 0.0, 0.0, 0.0, 0.024408280485985666, 0.8741597732174374, 0.06387407303895558, 0.0, 0.0, 0.0, 0.0, 0.0, 0.0, 0.0, 0.0, 0.0, 0.0, 
0.0, 0.0, 0.0, 0.0, 0.0, 0.0, 0.0, 0.005227737562420882, 0.010715078366797467, 0.00692327315259938, 0.024037411976347508, 0.0, 0.0, 0.0, 0.0, 0.01627218699065711, 0.8740514996486929, 0.06351134679366326, 0.0, 0.0, 0.0, 0.0, 0.0, 0.0, 0.0, 0.0, 0.0, 0.0, 
0.0, 0.0, 0.0, 0.0, 0.0, 0.0, 0.0, 0.006970316749894509, 0.014286771155729957, 0.007514033391266069, 0.027398734845519076, 0.0, 0.0, 0.0, 0.0, 0.008136093495328553, 0.8739432260799482, 0.06314862054837092, 0.0, 0.0, 0.0, 0.0, 0.0, 0.0, 0.0, 0.0, 0.0, 0.0, 
0.0, 0.0, 0.0, 0.0, 0.0, 0.0, 0.0, 0.008712895937368136, 0.017858463944662447, 0.008104793629932758, 0.030760057714690644, 0.0, 0.0, 0.0, 0.0, 0.0, 0.8738349525112036, 0.0627858943030786, 0.0, 0.0, 0.0, 0.0, 0.0, 0.0, 0.0, 0.0, 0.0, 0.0, 
0.0, 0.0, 0.0, 0.0, 0.0, 0.0, 0.0, 0.006970316749894509, 0.014286771155729957, 0.008220592866611446, 0.032053979863465296, 0.0, 0.0, 0.0, 0.0, 0.0, 0.8990679620089629, 0.05984288461989794, 0.0, 0.0, 0.0, 0.0, 0.0, 0.0, 0.0, 0.0, 0.0, 0.0, 
0.0, 0.0, 0.0, 0.0, 0.0, 0.0, 0.0, 0.005227737562420882, 0.010715078366797469, 0.008336392103290135, 0.033347902012239944, 0.0, 0.0, 0.0, 0.0, 0.0, 0.9243009715067222, 0.05689987493671727, 0.0, 0.0, 0.0, 0.0, 0.0, 0.0, 0.0, 0.0, 0.0, 0.0, 
0.0, 0.0, 0.0, 0.0, 0.0, 0.0, 0.0, 0.003485158374947254, 0.00714338557786498, 0.008452191339968823, 0.0346418241610146, 0.0, 0.0, 0.0, 0.0, 0.0, 0.9495339810044814, 0.05395686525353661, 0.0, 0.0, 0.0, 0.0, 0.0, 0.0, 0.0, 0.0, 0.0, 0.0, 
0.0, 0.0, 0.0, 0.0, 0.0, 0.0, 0.0, 0.001742579187473627, 0.00357169278893249, 0.008567990576647512, 0.035935746309789254, 0.0, 0.0, 0.0, 0.0, 0.0, 0.9747669905022407, 0.05101385557035594, 0.0, 0.0, 0.0, 0.0, 0.0, 0.0, 0.0, 0.0, 0.0, 0.0, 
0.0, 0.0, 0.0, 0.0, 0.0, 0.0, 0.0, 0.0, 0.0, 0.0086837898133262, 0.0372296684585639, 0.0, 0.0, 0.0, 0.0, 0.0, 1.0, 0.04807084588717528, 0.0, 0.0, 0.0, 0.0, 0.0, 0.0, 0.0, 0.0, 0.0, 0.0, 
0.0, 0.00447853257610258, 0.0, 0.0, 0.0, 0.0, 0.0, 0.07971166936886359, 0.08082336128343404, 0.013316236040956074, 0.04402424869043485, 0.0, 0.0, 0.0, 0.0, 0.0, 0.9831072637842618, 0.04656791463352195, 0.0, 0.0, 0.0, 0.0, 0.0, 0.0, 0.0, 0.0, 0.0, 0.0, 
0.0, 0.00895706515220516, 0.0, 0.0, 0.0, 0.0, 0.0, 0.15942333873772718, 0.16164672256686807, 0.01794868226858595, 0.05081882892230579, 0.0, 0.0, 0.0, 0.0, 0.0, 0.9662145275685237, 0.04506498337986863, 0.0, 0.0, 0.0, 0.0, 0.0, 0.0, 0.0, 0.0, 0.0, 0.0, 
0.0, 0.013435597728307741, 0.0, 0.0, 0.0, 0.0, 0.0, 0.23913500810659077, 0.2424700838503021, 0.022581128496215824, 0.05761340915417674, 0.0, 0.0, 0.0, 0.0, 0.0, 0.9493217913527855, 0.043562052126215306, 0.0, 0.0, 0.0, 0.0, 0.0, 0.0, 0.0, 0.0, 0.0, 0.0, 
0.0, 0.01791413030441032, 0.0, 0.0, 0.0, 0.0, 0.0, 0.31884667747545437, 0.32329344513373615, 0.027213574723845696, 0.06440798938604768, 0.0, 0.0, 0.0, 0.0, 0.0, 0.9324290551370473, 0.042059120872561986, 0.0, 0.0, 0.0, 0.0, 0.0, 0.0, 0.0, 0.0, 0.0, 0.0, 
0.0, 0.0223926628805129, 0.0, 0.0, 0.0, 0.0, 0.0, 0.39855834684431796, 0.4041168064171702, 0.031846020951475575, 0.07120256961791863, 0.0, 0.0, 0.0, 0.0, 0.0, 0.9155363189213092, 0.04055618961890866, 0.0, 0.0, 0.0, 0.0, 0.0, 0.0, 0.0, 0.0, 0.0, 0.0, 
0.0, 0.01791413030441032, 0.0, 0.0, 0.0, 0.0, 0.0, 0.31884667747545437, 0.32329344513373615, 0.030358883824101894, 0.07257396380416022, 0.0, 0.0, 0.0, 0.0, 0.0, 0.9005756046885168, 0.04092012479933816, 0.0, 0.0, 0.0, 0.0, 0.0, 0.0, 0.0, 0.0, 0.0, 0.0, 
0.0, 0.01343559772830774, 0.0, 0.0, 0.0, 0.0, 0.0, 0.23913500810659077, 0.2424700838503021, 0.028871746696728217, 0.0739453579904018, 0.0, 0.0, 0.0, 0.0, 0.0, 0.8856148904557246, 0.04128405997976766, 0.0, 0.0, 0.0, 0.0, 0.0, 0.0, 0.0, 0.0, 0.0, 0.0, 
0.0, 0.008957065152205158, 0.0, 0.0, 0.0, 0.0, 0.0, 0.15942333873772718, 0.16164672256686807, 0.027384609569354536, 0.07531675217664338, 0.0, 0.0, 0.0, 0.0, 0.0, 0.8706541762229323, 0.04164799516019717, 0.0, 0.0, 0.0, 0.0, 0.0, 0.0, 0.0, 0.0, 0.0, 0.0, 
0.0, 0.004478532576102579, 0.0, 0.0, 0.0, 0.0, 0.0, 0.07971166936886359, 0.08082336128343404, 0.02589747244198086, 0.07668814636288497, 0.0, 0.0, 0.0, 0.0, 0.0, 0.8556934619901401, 0.04201193034062667, 0.0, 0.0, 0.0, 0.0, 0.0, 0.0, 0.0, 0.0, 0.0, 0.0, 
0.0, 0.0, 0.0, 0.0, 0.0, 0.0, 0.0, 0.0, 0.0, 0.02441033531460718, 0.07805954054912656, 0.0, 0.0, 0.0, 0.0, 0.0, 0.8407327477573477, 0.04237586552105617, 0.0, 0.0, 0.0, 0.0, 0.0, 0.0, 0.0, 0.0, 0.0, 0.0, 
0.0, 0.0, 0.0, 0.0, 0.0, 0.0, 0.0, 0.0, 0.0, 0.024416071108275754, 0.08250513356096127, 0.0, 0.0, 0.0, 0.0, 0.0, 0.8540447614435873, 0.04465018862411603, 0.0, 0.0, 0.0, 0.001766051352306582, 0.0, 0.0, 0.0, 0.0, 0.0, 0.0, 
0.0, 0.0, 0.0, 0.0, 0.0, 0.0, 0.0, 0.0, 0.0, 0.02442180690194433, 0.086950726572796, 0.0, 0.0, 0.0, 0.0, 0.0, 0.8673567751298269, 0.0469245117271759, 0.0, 0.0, 0.0, 0.003532102704613164, 0.0, 0.0, 0.0, 0.0, 0.0, 0.0, 
0.0, 0.0, 0.0, 0.0, 0.0, 0.0, 0.0, 0.0, 0.0, 0.024427542695612904, 0.09139631958463071, 0.0, 0.0, 0.0, 0.0, 0.0, 0.8806687888160665, 0.04919883483023576, 0.0, 0.0, 0.0, 0.005298154056919746, 0.0, 0.0, 0.0, 0.0, 0.0, 0.0, 
0.0, 0.0, 0.0, 0.0, 0.0, 0.0, 0.0, 0.0, 0.0, 0.02443327848928148, 0.09584191259646543, 0.0, 0.0, 0.0, 0.0, 0.0, 0.893980802502306, 0.05147315793329563, 0.0, 0.0, 0.0, 0.007064205409226328, 0.0, 0.0, 0.0, 0.0, 0.0, 0.0, 
0.0, 0.0, 0.0, 0.0, 0.0, 0.0, 0.0, 0.0, 0.0, 0.024439014282950054, 0.10028750560830015, 0.0, 0.0, 0.0, 0.0, 0.0, 0.9072928161885456, 0.05374748103635549, 0.0, 0.0, 0.0, 0.00883025676153291, 0.0, 0.0, 0.0, 0.0, 0.0, 0.0, 
0.0, 0.0, 0.0, 0.0, 0.0, 0.0, 0.0, 0.0, 0.0, 0.022462564898928773, 0.2802300044866401, 0.0, 0.0, 0.0, 0.0, 0.0, 0.8985635388425529, 0.05845414555636351, 0.0, 0.0, 0.0, 0.00884590069238833, 0.0, 0.0, 0.0, 0.0, 0.0, 0.0, 
0.0, 0.0, 0.0, 0.0, 0.0, 0.0, 0.0, 0.0, 0.0, 0.02048611551490749, 0.46017250336498006, 0.0, 0.0, 0.0, 0.0, 0.0, 0.8898342614965602, 0.06316081007637153, 0.0, 0.0, 0.0, 0.008861544623243749, 0.0, 0.0, 0.0, 0.0, 0.0, 0.0, 
0.0, 0.0, 0.0, 0.0, 0.0, 0.0, 0.0, 0.0, 0.0, 0.018509666130886213, 0.64011500224332, 0.0, 0.0, 0.0, 0.0, 0.0, 0.8811049841505675, 0.06786747459637957, 0.0, 0.0, 0.0, 0.008877188554099169, 0.0, 0.0, 0.0, 0.0, 0.0, 0.0, 
0.0, 0.0, 0.0, 0.0, 0.0, 0.0, 0.0, 0.0, 0.0, 0.01653321674686493, 0.82005750112166, 0.0, 0.0, 0.0, 0.0, 0.0, 0.8723757068045748, 0.07257413911638759, 0.0, 0.0, 0.0, 0.008892832484954588, 0.0, 0.0, 0.0, 0.0, 0.0, 0.0, 
0.0, 0.0, 0.0, 0.0, 0.0, 0.0, 0.0, 0.0, 0.0, 0.014556767362843651, 1.0, 0.0, 0.0, 0.0, 0.0, 0.0, 0.863646429458582, 0.07728080363639561, 0.0, 0.0, 0.0, 0.008908476415810008, 0.0, 0.0, 0.0, 0.0, 0.0, 0.0, 
0.0, 0.0, 0.0, 0.0, 0.0, 0.0, 0.0, 0.0, 0.0, 0.015510420981689433, 1.0, 0.0, 0.0, 0.0, 0.0, 0.0, 0.868941117425857, 0.08105766184876623, 0.0, 0.0, 0.0, 0.017606877823653166, 0.0, 0.0, 0.0, 0.0, 0.0, 0.0, 
0.0, 0.0, 0.0, 0.0, 0.0, 0.0, 0.0, 0.0, 0.0, 0.016464074600535217, 1.0, 0.0, 0.0, 0.0, 0.0, 0.0, 0.8742358053931318, 0.08483452006113684, 0.0, 0.0, 0.0, 0.02630527923149633, 0.0, 0.0, 0.0, 0.0, 0.0, 0.0, 
0.0, 0.0, 0.0, 0.0, 0.0, 0.0, 0.0, 0.0, 0.0, 0.017417728219381, 1.0, 0.0, 0.0, 0.0, 0.0, 0.0, 0.8795304933604068, 0.08861137827350746, 0.0, 0.0, 0.0, 0.035003680639339486, 0.0, 0.0, 0.0, 0.0, 0.0, 0.0, 
0.0, 0.0, 0.0, 0.0, 0.0, 0.0, 0.0, 0.0, 0.0, 0.018371381838226782, 1.0, 0.0, 0.0, 0.0, 0.0, 0.0, 0.8848251813276816, 0.09238823648587806, 0.0, 0.0, 0.0, 0.04370208204718265, 0.0, 0.0, 0.0, 0.0, 0.0, 0.0, 
0.0, 0.0, 0.0, 0.0, 0.0, 0.0, 0.0, 0.0, 0.0, 0.019325035457072565, 1.0, 0.0, 0.0, 0.0, 0.0, 0.0, 0.8901198692949566, 0.09616509469824867, 0.0, 0.0, 0.0, 0.052400483455025806, 0.0, 0.0, 0.0, 0.0, 0.0, 0.0, 
0.0, 0.0, 0.0, 0.0, 0.0, 0.0, 0.0, 0.0, 0.0, 0.017011292013522132, 1.0, 0.0, 0.0, 0.0, 0.0, 0.0, 0.8470760831679189, 0.09033579485001896, 0.0, 0.0, 0.0, 0.04797341168476843, 0.0, 0.0, 0.0, 0.0, 0.0, 0.0, 
0.0, 0.0, 0.0, 0.0, 0.0, 0.0, 0.0, 0.0, 0.0, 0.014697548569971696, 1.0, 0.0, 0.0, 0.0, 0.0, 0.0, 0.8040322970408813, 0.08450649500178925, 0.0, 0.0, 0.0, 0.043546339914511054, 0.0, 0.0, 0.0, 0.0, 0.0, 0.0, 
0.0, 0.0, 0.0, 0.0, 0.0, 0.0, 0.0, 0.0, 0.0, 0.012383805126421264, 1.0, 0.0, 0.0, 0.0, 0.0, 0.0, 0.7609885109138437, 0.07867719515355953, 0.0, 0.0, 0.0, 0.03911926814425367, 0.0, 0.0, 0.0, 0.0, 0.0, 0.0, 
0.0, 0.0, 0.0, 0.0, 0.0, 0.0, 0.0, 0.0, 0.0, 0.01007006168287083, 1.0, 0.0, 0.0, 0.0, 0.0, 0.0, 0.717944724786806, 0.07284789530532981, 0.0, 0.0, 0.0, 0.034692196373996294, 0.0, 0.0, 0.0, 0.0, 0.0, 0.0, 
0.0, 0.0, 0.0, 0.0, 0.0, 0.0, 0.0, 0.0, 0.0, 0.007756318239320396, 1.0, 0.0, 0.0, 0.0, 0.0, 0.0, 0.6749009386597684, 0.06701859545710011, 0.0, 0.0, 0.0, 0.030265124603738914, 0.0, 0.0, 0.0, 0.0, 0.0, 0.0, 
0.0, 0.0, 0.0, 0.0, 0.0, 0.0, 0.0, 0.0, 0.0, 0.007708316473068374, 1.0, 0.0, 0.0, 0.0, 0.0, 0.0, 0.6810523482240793, 0.06690402258065815, 0.0, 0.0, 0.0, 0.02824379553235494, 0.0, 0.0, 0.00459564990304248, 0.0, 0.0, 0.0, 
0.0, 0.0, 0.0, 0.0, 0.0, 0.0, 0.0, 0.0, 0.0, 0.0076603147068163525, 1.0, 0.0, 0.0, 0.0, 0.0, 0.0, 0.6872037577883902, 0.0667894497042162, 0.0, 0.0, 0.0, 0.026222466460970963, 0.0, 0.0, 0.00919129980608496, 0.0, 0.0, 0.0, 
0.0, 0.0, 0.0, 0.0, 0.0, 0.0, 0.0, 0.0, 0.0, 0.007612312940564332, 1.0, 0.0, 0.0, 0.0, 0.0, 0.0, 0.6933551673527011, 0.06667487682777423, 0.0, 0.0, 0.0, 0.02420113738958699, 0.0, 0.0, 0.013786949709127439, 0.0, 0.0, 0.0, 
0.0, 0.0, 0.0, 0.0, 0.0, 0.0, 0.0, 0.0, 0.0, 0.00756431117431231, 1.0, 0.0, 0.0, 0.0, 0.0, 0.0, 0.6995065769170119, 0.06656030395133228, 0.0, 0.0, 0.0, 0.022179808318203015, 0.0, 0.0, 0.01838259961216992, 0.0, 0.0, 0.0, 
0.0, 0.0, 0.0, 0.0, 0.0, 0.0, 0.0, 0.0, 0.0, 0.007516309408060288, 1.0, 0.0, 0.0, 0.0, 0.0, 0.0, 0.7056579864813228, 0.06644573107489032, 0.0, 0.0, 0.0, 0.020158479246819037, 0.0, 0.0, 0.0229782495152124, 0.0, 0.0, 0.0, 
0.0, 0.0, 0.0, 0.0, 0.0, 0.0, 0.0, 0.0, 0.0, 0.008914750819052061, 1.0, 0.0, 0.0, 0.0, 0.0, 0.0, 0.5802751505773867, 0.06320428870062225, 0.0, 0.0, 0.0, 0.031061189745599214, 0.0, 0.0, 0.02574508638816848, 0.0, 0.0, 0.0, 
0.0, 0.0, 0.0, 0.0, 0.0, 0.0, 0.0, 0.0, 0.0, 0.010313192230043833, 1.0, 0.0, 0.0, 0.0, 0.0, 0.0, 0.45489231467345054, 0.05996284632635417, 0.0, 0.0, 0.0, 0.04196390024437939, 0.0, 0.0, 0.02851192326112456, 0.0, 0.0, 0.0, 
0.0, 0.0, 0.0, 0.0, 0.0, 0.0, 0.0, 0.0, 0.0, 0.011711633641035606, 1.0, 0.0, 0.0, 0.0, 0.0, 0.0, 0.3295094787695144, 0.056721403952086094, 0.0, 0.0, 0.0, 0.05286661074315956, 0.0, 0.0, 0.031278760134080645, 0.0, 0.0, 0.0, 
0.0, 0.0, 0.0, 0.0, 0.0, 0.0, 0.0, 0.0, 0.0, 0.013110075052027378, 1.0, 0.0, 0.0, 0.0, 0.0, 0.0, 0.20412664286557825, 0.05347996157781802, 0.0, 0.0, 0.0, 0.06376932124193974, 0.0, 0.0, 0.03404559700703673, 0.0, 0.0, 0.0, 
0.0, 0.0, 0.0, 0.0, 0.0, 0.0, 0.0, 0.0, 0.0, 0.01450851646301915, 1.0, 0.0, 0.0, 0.0, 0.0, 0.0, 0.07874380696164203, 0.05023851920354994, 0.0, 0.0, 0.0, 0.07467203174071992, 0.0, 0.0, 0.036812433879992806, 0.0, 0.0, 0.0, 
0.0, 0.0, 0.0, 0.0, 0.0, 0.0, 0.0, 0.0, 0.0, 0.015825871537692295, 1.0, 0.0, 0.0, 0.0, 0.0, 0.0, 0.22086357851051586, 0.05299735297073795, 0.0, 0.0, 0.0, 0.08357274836062145, 0.0, 0.0, 0.17715091294614288, 0.0, 0.0, 0.0, 
0.0, 0.0, 0.0, 0.0, 0.0, 0.0, 0.0, 0.0, 0.0, 0.01714322661236544, 1.0, 0.0, 0.0, 0.0, 0.0, 0.0, 0.36298335005938964, 0.05575618673792596, 0.0, 0.0, 0.0, 0.092473464980523, 0.0, 0.0, 0.317489392012293, 0.0, 0.0, 0.0, 
0.0, 0.0, 0.0, 0.0, 0.0, 0.0, 0.0, 0.0, 0.0, 0.018460581687038586, 1.0, 0.0, 0.0, 0.0, 0.0, 0.0, 0.5051031216082635, 0.05851502050511398, 0.0, 0.0, 0.0, 0.10137418160042454, 0.0, 0.0, 0.457827871078443, 0.0, 0.0, 0.0, 
0.0, 0.0, 0.0, 0.0, 0.0, 0.0, 0.0, 0.0, 0.0, 0.01977793676171173, 1.0, 0.0, 0.0, 0.0, 0.0, 0.0, 0.6472228931571373, 0.06127385427230199, 0.0, 0.0, 0.0, 0.11027489822032607, 0.0, 0.0, 0.5981663501445931, 0.0, 0.0, 0.0, 
0.0, 0.0, 0.0, 0.0, 0.0, 0.0, 0.0, 0.0, 0.0, 0.021095291836384877, 1.0, 0.0, 0.0, 0.0, 0.0, 0.0, 0.7893426647060111, 0.06403268803949, 0.0, 0.0, 0.0, 0.11917561484022762, 0.0, 0.0, 0.7385048292107431, 0.0, 0.0, 0.0, 
0.0, 0.0, 0.0, 0.0, 0.0, 0.0, 0.0, 0.0, 0.0, 0.020863414726080682, 0.9845246375405073, 0.0, 0.0, 0.0, 0.0, 0.0, 0.6490705860491144, 0.05856946160540003, 0.0, 0.0, 0.0, 0.29534049187218203, 0.0, 0.0, 0.7118827950699305, 0.0, 0.0, 0.0, 
0.0, 0.0, 0.0, 0.0, 0.0, 0.0, 0.0, 0.0, 0.0, 0.020631537615776484, 0.9690492750810147, 0.0, 0.0, 0.0, 0.0, 0.0, 0.5087985073922178, 0.05310623517131007, 0.0, 0.0, 0.0, 0.4715053689041365, 0.0, 0.0, 0.6852607609291178, 0.0, 0.0, 0.0, 
0.0, 0.0, 0.0, 0.0, 0.0, 0.0, 0.0, 0.0, 0.0, 0.02039966050547229, 0.9535739126215221, 0.0, 0.0, 0.0, 0.0, 0.0, 0.3685264287353211, 0.047643008737220105, 0.0, 0.0, 0.0, 0.647670245936091, 0.0, 0.0, 0.6586387267883052, 0.0, 0.0, 0.0, 
0.0, 0.0, 0.0, 0.0, 0.0, 0.0, 0.0, 0.0, 0.0, 0.02016778339516809, 0.9380985501620295, 0.0, 0.0, 0.0, 0.0, 0.0, 0.22825435007842443, 0.042179782303130145, 0.0, 0.0, 0.0, 0.8238351229680454, 0.0, 0.0, 0.6320166926474926, 0.0, 0.0, 0.0, 
0.0, 0.0, 0.0, 0.0, 0.0, 0.0, 0.0, 0.0, 0.0, 0.019935906284863896, 0.9226231877025368, 0.0, 0.0, 0.0, 0.0, 0.0, 0.08798227142152783, 0.03671655586904018, 0.0, 0.0, 0.0, 0.9999999999999999, 0.0, 0.0, 0.60539465850668, 0.0, 0.0, 0.0, 
0.0, 0.0, 0.0, 0.0, 0.0, 0.0, 0.0, 0.0, 0.0, 0.019809234337265034, 0.9380985501620295, 0.0, 0.0, 0.0, 0.0, 0.0, 0.08932132305883493, 0.04080516157494024, 0.0, 0.0, 0.0, 0.9418031425314201, 0.0, 0.0, 0.6172298466450719, 0.0, 0.0, 0.0, 
0.0, 0.0, 0.0, 0.0, 0.0, 0.0, 0.0, 0.0, 0.0, 0.01968256238966617, 0.9535739126215221, 0.0, 0.0, 0.0, 0.0, 0.0, 0.09066037469614203, 0.0448937672808403, 0.0, 0.0, 0.0, 0.8836062850628401, 0.0, 0.0, 0.6290650347834638, 0.0, 0.0, 0.0, 
0.0, 0.0, 0.0, 0.0, 0.0, 0.0, 0.0, 0.0, 0.0, 0.019555890442067313, 0.9690492750810149, 0.0, 0.0, 0.0, 0.0, 0.0, 0.09199942633344914, 0.04898237298674036, 0.0, 0.0, 0.0, 0.8254094275942603, 0.0, 0.0, 0.6409002229218558, 0.0, 0.0, 0.0, 
0.0, 0.0, 0.0, 0.0, 0.0, 0.0, 0.0, 0.0, 0.0, 0.01942921849446845, 0.9845246375405076, 0.0, 0.0, 0.0, 0.0, 0.0, 0.09333847797075624, 0.05307097869264042, 0.0, 0.0, 0.0, 0.7672125701256804, 0.0, 0.0, 0.6527354110602477, 0.0, 0.0, 0.0, 
0.0, 0.0, 0.0, 0.0, 0.0, 0.0, 0.0, 0.0, 0.0, 0.019302546546869588, 1.0000000000000002, 0.0, 0.0, 0.0, 0.0, 0.0, 0.09467752960806335, 0.05715958439854048, 0.0, 0.0, 0.0, 0.7090157126571005, 0.0, 0.0, 0.6645705991986396, 0.0, 0.0, 0.0, 
0.0, 0.0, 0.0, 0.0, 0.0, 0.0, 0.0, 0.0, 0.0, 0.018234416266888327, 1.0000000000000002, 0.0, 0.0, 0.0, 0.0, 0.0, 0.08569182412161329, 0.051712111318720416, 0.0, 0.0, 0.0, 0.7475687607345278, 0.0, 0.0, 0.686562681489993, 0.0, 0.0, 0.0, 
0.0, 0.0, 0.0, 0.0, 0.0, 0.0, 0.0, 0.0, 0.0, 0.017166285986907063, 1.0, 0.0, 0.0, 0.0, 0.0, 0.0, 0.07670611863516322, 0.04626463823890036, 0.0, 0.0, 0.0, 0.7861218088119551, 0.0, 0.0, 0.7085547637813464, 0.0, 0.0, 0.0, 
0.0, 0.0, 0.0, 0.0, 0.0, 0.0, 0.0, 0.0, 0.0, 0.016098155706925802, 1.0, 0.0, 0.0, 0.0, 0.0, 0.0, 0.06772041314871316, 0.0408171651590803, 0.0, 0.0, 0.0, 0.8246748568893825, 0.0, 0.0, 0.7305468460726998, 0.0, 0.0, 0.0, 
0.0, 0.0, 0.0, 0.0, 0.0, 0.0, 0.0, 0.0, 0.0, 0.01503002542694454, 1.0, 0.0, 0.0, 0.0, 0.0, 0.0, 0.0587347076622631, 0.035369692079260245, 0.0, 0.0, 0.0, 0.8632279049668097, 0.0, 0.0, 0.7525389283640532, 0.0, 0.0, 0.0, 
0.0, 0.0, 0.0, 0.0, 0.0, 0.0, 0.0, 0.0, 0.0, 0.013961895146963277, 0.9999999999999999, 0.0, 0.0, 0.0, 0.0, 0.0, 0.04974900217581304, 0.029922218999440184, 0.0, 0.0, 0.0, 0.901780953044237, 0.0, 0.0, 0.7745310106554066, 0.0, 0.0, 0.0, 
0.08532454006102384, 0.0, 0.0, 0.0, 0.0, 0.0, 0.0, 0.0, 0.0, 0.016734661150213805, 0.9999999999999999, 0.0021110732657634466, 0.0, 0.0, 0.0, 0.0, 0.05702564337114791, 0.03236200331076627, 0.0, 0.0, 0.08349898922444404, 0.8862107949037537, 0.0, 0.0, 0.7450768623414691, 0.0, 0.004752649255627593, 0.09473678989816213, 
0.17064908012204769, 0.0, 0.0, 0.0, 0.0, 0.0, 0.0, 0.0, 0.0, 0.019507427153464332, 0.9999999999999999, 0.004222146531526893, 0.0, 0.0, 0.0, 0.0, 0.06430228456648279, 0.03480178762209235, 0.0, 0.0, 0.16699797844888808, 0.8706406367632702, 0.0, 0.0, 0.7156227140275316, 0.0, 0.009505298511255186, 0.18947357979632426, 
0.2559736201830715, 0.0, 0.0, 0.0, 0.0, 0.0, 0.0, 0.0, 0.0, 0.02228019315671486, 1.0, 0.00633321979729034, 0.0, 0.0, 0.0, 0.0, 0.07157892576181767, 0.03724157193341844, 0.0, 0.0, 0.2504969676733321, 0.8550704786227868, 0.0, 0.0, 0.6861685657135941, 0.0, 0.01425794776688278, 0.2842103696944864, 
0.34129816024409537, 0.0, 0.0, 0.0, 0.0, 0.0, 0.0, 0.0, 0.0, 0.025052959159965388, 1.0, 0.008444293063053786, 0.0, 0.0, 0.0, 0.0, 0.07885556695715254, 0.039681356244744524, 0.0, 0.0, 0.33399595689777617, 0.8395003204823034, 0.0, 0.0, 0.6567144173996566, 0.0, 0.019010597022510373, 0.3789471595926485, 
0.42662270030511923, 0.0, 0.0, 0.0, 0.0, 0.0, 0.0, 0.0, 0.0, 0.027825725163215916, 1.0, 0.010555366328817232, 0.0, 0.0, 0.0, 0.0, 0.08613220815248741, 0.04212114055607061, 0.0, 0.0, 0.4174949461222202, 0.82393016234182, 0.0, 0.0, 0.6272602690857191, 0.0, 0.023763246278137966, 0.47368394949081066, 
0.46180825398723024, 0.08261781369718385, 0.0035228757928324043, 0.0, 0.0008642798495307871, 0.0, 0.0, 0.08667631898189157, 0.08498207825072596, 0.03713275149594308, 1.0, 0.020178471741117393, 0.0, 0.0, 0.000874373138317416, 0.0, 0.07872882260965292, 0.04216458257239004, 0.0, 0.0, 0.33399595689777617, 0.8260317498473931, 0.0, 0.0, 0.6434441218657613, 0.0, 0.019010597022510373, 0.3789471595926485, 
0.4969938076693412, 0.1652356273943677, 0.007045751585664809, 0.0, 0.0017285596990615742, 0.0, 0.0, 0.17335263796378314, 0.1699641565014519, 0.04643977782867023, 1.0, 0.029801577153417552, 0.0, 0.0, 0.001748746276634832, 0.0, 0.07132543706681842, 0.042208024588709474, 0.0, 0.0, 0.2504969676733321, 0.8281333373529662, 0.0, 0.0, 0.6596279746458035, 0.0, 0.01425794776688278, 0.28421036969448643, 
0.5321793613514523, 0.24785344109155155, 0.010568627378497213, 0.0, 0.002592839548592361, 0.0, 0.0, 0.26002895694567474, 0.25494623475217787, 0.05574680416139739, 0.9999999999999999, 0.03942468256571772, 0.0, 0.0, 0.002623119414952248, 0.0, 0.06392205152398392, 0.0422514666050289, 0.0, 0.0, 0.16699797844888808, 0.8302349248585394, 0.0, 0.0, 0.6758118274258458, 0.0, 0.009505298511255186, 0.1894735797963243, 
0.5673649150335632, 0.3304712547887354, 0.014091503171329617, 0.0, 0.0034571193981231484, 0.0, 0.0, 0.3467052759275663, 0.3399283130029038, 0.06505383049412455, 0.9999999999999999, 0.04904778797801788, 0.0, 0.0, 0.003497492553269664, 0.0, 0.05651866598114943, 0.04229490862134834, 0.0, 0.0, 0.08349898922444404, 0.8323365123641125, 0.0, 0.0, 0.691995680205888, 0.0, 0.004752649255627593, 0.09473678989816214, 
0.6025504687156742, 0.41308906848591925, 0.01761437896416202, 0.0, 0.004321399247653936, 0.0, 0.0, 0.4333815949094578, 0.4249103912536298, 0.07436085682685172, 0.9999999999999999, 0.05867089339031804, 0.0, 0.0, 0.00437186569158708, 0.0, 0.04911528043831493, 0.04233835063766777, 0.0, 0.0, 0.0, 0.8344380998696856, 0.0, 0.0, 0.7081795329859302, 0.0, 0.0, 0.0, 
0.5934689345196912, 0.3304712547887354, 0.014091503171329617, 0.0, 0.0034571193981231484, 0.0, 0.0, 0.3467052759275663, 0.3399283130029038, 0.06578723668721066, 0.9958065109972825, 0.06028440446456569, 0.0, 0.0, 0.003497492553269664, 0.0, 0.04314834329757581, 0.05103922745368698, 0.0, 0.0, 0.0, 0.8282952528049526, 0.11833446548699218, 0.0, 0.7316596592674263, 0.0, 0.0, 0.0, 
0.5843874003237083, 0.24785344109155155, 0.010568627378497213, 0.0, 0.002592839548592361, 0.0, 0.0, 0.2600289569456747, 0.25494623475217787, 0.057213616547569617, 0.9916130219945651, 0.061897915538813346, 0.0, 0.0, 0.002623119414952248, 0.0, 0.0371814061568367, 0.0597401042697062, 0.0, 0.0, 0.0, 0.8221524057402196, 0.23666893097398436, 0.0, 0.7551397855489225, 0.0, 0.0, 0.0, 
0.5753058661277253, 0.1652356273943677, 0.007045751585664808, 0.0, 0.0017285596990615744, 0.0, 0.0, 0.17335263796378308, 0.1699641565014519, 0.04863999640792857, 0.9874195329918477, 0.063511426613061, 0.0, 0.0, 0.001748746276634832, 0.0, 0.031214469016097576, 0.06844098108572541, 0.0, 0.0, 0.0, 0.8160095586754866, 0.35500339646097656, 0.0, 0.7786199118304186, 0.0, 0.0, 0.0, 
0.5662243319317424, 0.08261781369718385, 0.003522875792832404, 0.0, 0.0008642798495307872, 0.0, 0.0, 0.08667631898189154, 0.08498207825072596, 0.04006637626828752, 0.9832260439891304, 0.06512493768730865, 0.0, 0.0, 0.000874373138317416, 0.0, 0.025247531875358456, 0.07714185790174463, 0.0, 0.0, 0.0, 0.8098667116107536, 0.47333786194796873, 0.0, 0.8021000381119148, 0.0, 0.0, 0.0, 
0.5571427977357594, 0.0, 0.0, 0.0, 0.0, 0.0, 0.0, 0.0, 0.0, 0.03149275612864647, 0.979032554986413, 0.06673844876155631, 0.0, 0.0, 0.0, 0.0, 0.019280594734619336, 0.08584273471776384, 0.0, 0.0, 0.0, 0.8037238645460206, 0.5916723274349609, 0.0, 0.8255801643934109, 0.0, 0.0, 0.0, 
0.4457142381886075, 0.0, 0.0, 0.0, 0.0, 0.0, 0.0, 0.0, 0.0, 0.027258209379964284, 0.9738941382963018, 0.07171891365592277, 0.0, 0.0, 0.0, 0.0, 0.017303477563372683, 0.07628826192330149, 0.0, 0.0, 0.0061349752056539565, 0.726191374133526, 0.47333786194796873, 0.0, 0.6634231650777118, 0.0, 0.001752713702591144, 0.0, 
0.33428567864145564, 0.0, 0.0, 0.0, 0.0, 0.0, 0.0, 0.0, 0.0, 0.023023662631282096, 0.9687557216061907, 0.07669937855028923, 0.0, 0.0, 0.0, 0.0, 0.01532636039212603, 0.06673378912883912, 0.0, 0.0, 0.012269950411307913, 0.6486588837210313, 0.35500339646097656, 0.0, 0.5012661657620128, 0.0, 0.003505427405182288, 0.0, 
0.22285711909430372, 0.0, 0.0, 0.0, 0.0, 0.0, 0.0, 0.0, 0.0, 0.018789115882599905, 0.9636173049160796, 0.08167984344465568, 0.0, 0.0, 0.0, 0.0, 0.013349243220879378, 0.05717931633437677, 0.0, 0.0, 0.01840492561696187, 0.5711263933085367, 0.23666893097398434, 0.0, 0.3391091664463136, 0.0, 0.005258141107773432, 0.0, 
0.11142855954715186, 0.0, 0.0, 0.0, 0.0, 0.0, 0.0, 0.0, 0.0, 0.014554569133917717, 0.9584788882259685, 0.08666030833902214, 0.0, 0.0, 0.0, 0.0, 0.011372126049632725, 0.04762484353991442, 0.0, 0.0, 0.024539900822615826, 0.49359390289604205, 0.11833446548699217, 0.0, 0.17695216713061457, 0.0, 0.007010854810364576, 0.0, 
0.0, 0.0, 0.0, 0.0, 0.0, 0.0, 0.0, 0.0, 0.0, 0.01032002238523553, 0.9533404715358573, 0.0916407732333886, 0.0, 0.0, 0.0, 0.0, 0.009395008878386072, 0.03807037074545207, 0.0, 0.0, 0.030674876028269783, 0.4160614124835474, 0.0, 0.0, 0.014795167814915544, 0.0, 0.00876356851295572, 0.0, 
0.0, 0.0, 0.0, 0.0, 0.0, 0.0, 0.0, 0.0, 0.0, 0.009293976101252882, 0.9530577943373476, 0.09183504956797821, 0.0, 0.0008854515270593571, 0.0, 0.0, 0.007516007102708858, 0.12061987455436633, 0.0, 0.0, 0.11420974976318948, 0.3347766552862921, 0.0, 0.0, 0.012709212625830388, 0.0, 0.007010854810364576, 0.11218168317074521, 
0.0, 0.0, 0.0, 0.0, 0.0, 0.0, 0.0, 0.0, 0.0, 0.008267929817270231, 0.952775117138838, 0.09202932590256784, 0.0, 0.0017709030541187142, 0.0, 0.0, 0.005637005327031644, 0.20316937836328058, 0.0, 0.0, 0.1977446234981092, 0.2534918980890367, 0.0, 0.0, 0.010623257436745233, 0.0, 0.005258141107773433, 0.22436336634149043, 
0.0, 0.0, 0.0, 0.0, 0.0, 0.0, 0.0, 0.0, 0.0, 0.007241883533287582, 0.9524924399403283, 0.09222360223715745, 0.0, 0.0026563545811780715, 0.0, 0.0, 0.0037580035513544285, 0.2857188821721949, 0.0, 0.0, 0.2812794972330289, 0.1722071408917814, 0.0, 0.0, 0.008537302247660077, 0.0, 0.003505427405182289, 0.33654504951223563, 
0.0, 0.0, 0.0, 0.0, 0.0, 0.0, 0.0, 0.0, 0.0, 0.006215837249304933, 0.9522097627418187, 0.09241787857174708, 0.0, 0.0035418061082374283, 0.0, 0.0, 0.0018790017756772142, 0.3682683859811091, 0.0, 0.0, 0.3648143709679486, 0.0909223836945261, 0.0, 0.0, 0.006451347058574921, 0.0, 0.0017527137025911445, 0.44872673268298086, 
0.0, 0.0, 0.0, 0.0, 0.0, 0.0, 0.0, 0.0, 0.0, 0.005189790965322284, 0.951927085543309, 0.09261215490633669, 0.0, 0.004427257635296785, 0.0, 0.0, 0.0, 0.45081788979002335, 0.0, 0.0, 0.4483492447028683, 0.009637626497270766, 0.0, 0.0, 0.004365391869489765, 0.0, 0.0, 0.5609084158537261, 
0.0, 0.0, 0.0, 0.0, 0.0, 0.0, 0.0, 0.0, 0.0, 0.007397557182458064, 0.9433520213768356, 0.27408972392506936, 0.0, 0.0035418061082374283, 0.0, 0.0, 0.0, 0.4925595331472262, 0.0, 0.004410803522758156, 0.4729438807584282, 0.015864717119916633, 0.0, 0.0, 0.007359559997847904, 0.0, 0.0008682549214731675, 0.5504714986063907, 
0.0, 0.0, 0.0, 0.0, 0.0, 0.0, 0.0, 0.0, 0.0, 0.009605323399593845, 0.9347769572103622, 0.455567292943802, 0.0, 0.002656354581178071, 0.0, 0.0, 0.0, 0.5343011765044291, 0.0, 0.008821607045516312, 0.49753851681398803, 0.0220918077425625, 0.0, 0.0, 0.010353728126206043, 0.0, 0.001736509842946335, 0.5400345813590552, 
0.0, 0.0, 0.0, 0.0, 0.0, 0.0, 0.0, 0.0, 0.0, 0.011813089616729625, 0.9262018930438888, 0.6370448619625346, 0.0, 0.0017709030541187137, 0.0, 0.0, 0.0, 0.5760428198616321, 0.0, 0.013232410568274467, 0.5221331528695479, 0.028318898365208366, 0.0, 0.0, 0.013347896254564184, 0.0, 0.0026047647644195024, 0.5295976641117198, 
0.0, 0.0, 0.0, 0.0, 0.0, 0.0, 0.0, 0.0, 0.0, 0.014020855833865406, 0.9176268288774154, 0.8185224309812673, 0.0, 0.0008854515270593569, 0.0, 0.0, 0.0, 0.617784463218835, 0.0, 0.017643214091032623, 0.5467277889251078, 0.03454598898785423, 0.0, 0.0, 0.016342064382922322, 0.0, 0.00347301968589267, 0.5191607468643844, 
0.0, 0.0, 0.0, 0.0, 0.0, 0.0, 0.0, 0.0, 0.0, 0.016228622051001187, 0.9090517647109421, 1.0, 0.0, 0.0, 0.0, 0.0, 0.0, 0.6595261065760378, 0.0, 0.022054017613790777, 0.5713224249806677, 0.0407730796105001, 0.0, 0.0, 0.01933623251128046, 0.0, 0.004341274607365837, 0.508723829617049, 
0.0, 0.0, 0.0, 0.0, 0.0, 0.0, 0.0, 0.0, 0.0, 0.015817130320286036, 0.8816268004993796, 1.0, 0.0, 0.0, 0.0038653688720542054, 0.0, 0.0, 0.644215892468027, 0.0, 0.017643214091032623, 0.5640025170680026, 0.04195528672033163, 0.0, 0.0, 0.01638009018312638, 0.0, 0.00347301968589267, 0.5244501340509583, 
0.0, 0.0, 0.0, 0.0, 0.0, 0.0, 0.0, 0.0, 0.0, 0.015405638589570886, 0.8542018362878171, 1.0, 0.0, 0.0, 0.007730737744108411, 0.0, 0.0, 0.6289056783600163, 0.0, 0.013232410568274466, 0.5566826091553376, 0.04313749383016316, 0.0, 0.0, 0.0134239478549723, 0.0, 0.0026047647644195024, 0.5401764384848676, 
0.0, 0.0, 0.0, 0.0, 0.0, 0.0, 0.0, 0.0, 0.0, 0.014994146858855736, 0.8267768720762546, 1.0, 0.0, 0.0, 0.011596106616162616, 0.0, 0.0, 0.6135954642520055, 0.0, 0.00882160704551631, 0.5493627012426727, 0.0443197009399947, 0.0, 0.0, 0.010467805526818218, 0.0, 0.001736509842946335, 0.5559027429187768, 
0.0, 0.0, 0.0, 0.0, 0.0, 0.0, 0.0, 0.0, 0.0, 0.014582655128140585, 0.7993519078646921, 1.0, 0.0, 0.0, 0.015461475488216822, 0.0, 0.0, 0.5982852501439948, 0.0, 0.004410803522758154, 0.5420427933300077, 0.04550190804982623, 0.0, 0.0, 0.007511663198664137, 0.0, 0.0008682549214731675, 0.5716290473526862, 
0.0, 0.0, 0.0, 0.0, 0.0, 0.0, 0.0, 0.0, 0.0, 0.014171163397425435, 0.7719269436531296, 1.0, 0.0, 0.0, 0.019326844360271028, 0.0, 0.0, 0.582975036035984, 0.0, 0.0, 0.5347228854173427, 0.04668411515965776, 0.0, 0.0, 0.004555520870510057, 0.0, 0.0, 0.5873553517865955, 
0.0, 0.0, 0.0, 0.0, 0.0, 0.0, 0.0, 0.0037665513606357564, 0.0, 0.012234664884479935, 0.7345933959953924, 1.0, 0.0, 0.0, 0.026582099975963433, 0.0008734078159155634, 0.0, 0.5830923586528302, 0.0, 0.0, 0.42777830833387415, 0.1288834656338768, 0.0, 0.0, 0.0036444166964080455, 0.0, 0.0, 0.583285684373653, 
0.0, 0.0, 0.0, 0.0, 0.0, 0.0, 0.0, 0.007533102721271513, 0.0, 0.010298166371534433, 0.6972598483376551, 1.0, 0.0, 0.0, 0.03383735559165584, 0.0017468156318311268, 0.0, 0.5832096812696763, 0.0, 0.0, 0.3208337312504056, 0.21108281610809582, 0.0, 0.0, 0.0027333125223060343, 0.0, 0.0, 0.5792160169607106, 
0.0, 0.0, 0.0, 0.0, 0.0, 0.0, 0.0, 0.011299654081907268, 0.0, 0.008361667858588932, 0.6599263006799179, 1.0, 0.0, 0.0, 0.04109261120734825, 0.00262022344774669, 0.0, 0.5833270038865224, 0.0, 0.0, 0.2138891541669371, 0.2932821665823149, 0.0, 0.0, 0.0018222083482040225, 0.0, 0.0, 0.575146349547768, 
0.0, 0.0, 0.0, 0.0, 0.0, 0.0, 0.0, 0.015066205442543026, 0.0, 0.006425169345643431, 0.6225927530221806, 1.0, 0.0, 0.0, 0.04834786682304065, 0.0034936312636622536, 0.0, 0.5834443265033685, 0.0, 0.0, 0.10694457708346855, 0.3754815170565339, 0.0, 0.0, 0.0009111041741020113, 0.0, 0.0, 0.5710766821348255, 
0.0, 0.0, 0.0, 0.0, 0.0, 0.0, 0.0, 0.018832756803178783, 0.0, 0.004488670832697931, 0.5852592053644433, 1.0, 0.0, 0.0, 0.05560312243873306, 0.004367039079577817, 0.0, 0.5835616491202147, 0.0, 0.0, 0.0, 0.4576808675307529, 0.0, 0.0, 0.0, 0.0, 0.0, 0.5670070147218831, 
0.0, 0.07610178453096633, 0.0026919073509057674, 0.0, 0.0, 0.0, 0.0, 0.015066205442543026, 0.0, 0.0035909366661583445, 0.6123872377743843, 1.0, 0.0, 0.0, 0.15562590701051562, 0.0034936312636622536, 0.0, 0.5958151986661093, 0.0, 0.0, 0.0, 0.46545337904462425, 0.0, 0.0, 0.0, 0.0, 0.0, 0.5394922423949234, 
0.0, 0.15220356906193266, 0.005383814701811535, 0.0, 0.0, 0.0, 0.0, 0.01129965408190727, 0.0, 0.0026932024996187583, 0.6395152701843253, 1.0, 0.0, 0.0, 0.2556486915822982, 0.00262022344774669, 0.0, 0.608068748212004, 0.0, 0.0, 0.0, 0.4732258905584956, 0.0, 0.0, 0.0, 0.0, 0.0, 0.5119774700679638, 
0.0, 0.228305353592899, 0.008075722052717303, 0.0, 0.0, 0.0, 0.0, 0.007533102721271515, 0.0, 0.0017954683330791725, 0.6666433025942663, 1.0, 0.0, 0.0, 0.35567147615408073, 0.001746815631831127, 0.0, 0.6203222977578987, 0.0, 0.0, 0.0, 0.48099840207236705, 0.0, 0.0, 0.0, 0.0, 0.0, 0.4844626977410042, 
0.0, 0.30440713812386533, 0.01076762940362307, 0.0, 0.0, 0.0, 0.0, 0.0037665513606357573, 0.0, 0.0008977341665395862, 0.6937713350042073, 1.0, 0.0, 0.0, 0.45569426072586333, 0.0008734078159155635, 0.0, 0.6325758473037933, 0.0, 0.0, 0.0, 0.4887709135862384, 0.0, 0.0, 0.0, 0.0, 0.0, 0.4569479254140446, 
0.0, 0.38050892265483166, 0.013459536754528838, 0.0, 0.0, 0.0, 0.0, 0.0, 0.0, 0.0, 0.7208993674141483, 1.0, 0.0, 0.0, 0.555717045297646, 0.0, 0.0, 0.644829396849688, 0.0, 0.0, 0.0, 0.4965434251001098, 0.0, 0.0, 0.0, 0.0, 0.0, 0.42943315308708496, 
0.09204761506276052, 0.3860594791386253, 0.016354989092278262, 0.003701328516840903, 0.0026678172118571827, 0.0, 0.0, 0.08319041387125536, 0.0069789472767858435, 0.0009188371603068233, 0.7511853636328789, 1.0, 0.0, 0.0, 0.6082329687932363, 0.0, 0.0, 0.689848302198927, 0.0, 0.0, 0.0, 0.5446196936555183, 0.0, 0.0, 0.011780453541203348, 0.0, 0.0, 0.343546522469668, 
0.18409523012552104, 0.391610035622419, 0.019250441430027684, 0.007402657033681806, 0.005335634423714365, 0.0, 0.0, 0.16638082774251073, 0.013957894553571687, 0.0018376743206136466, 0.7814713598516094, 1.0, 0.0, 0.0, 0.6607488922888267, 0.0, 0.0, 0.7348672075481659, 0.0, 0.0, 0.0, 0.5926959622109269, 0.0, 0.0, 0.023560907082406695, 0.0, 0.0, 0.25765989185225097, 
0.2761428451882816, 0.3971605921062126, 0.022145893767777106, 0.011103985550522708, 0.008003451635571548, 0.0, 0.0, 0.2495712416137661, 0.02093684183035753, 0.00275651148092047, 0.81175735607034, 1.0, 0.0, 0.0, 0.713264815784417, 0.0, 0.0, 0.779886112897405, 0.0, 0.0, 0.0, 0.6407722307663354, 0.0, 0.0, 0.03534136062361004, 0.0, 0.0, 0.17177326123483394, 
0.3681904602510421, 0.40271114859000623, 0.025041346105526528, 0.014805314067363611, 0.01067126884742873, 0.0, 0.0, 0.33276165548502146, 0.027915789107143374, 0.003675348641227293, 0.8420433522890706, 1.0, 0.0, 0.0, 0.7657807392800073, 0.0, 0.0, 0.824905018246644, 0.0, 0.0, 0.0, 0.6888484993217439, 0.0, 0.0, 0.04712181416481339, 0.0, 0.0, 0.08588663061741697, 
0.4602380753138026, 0.4082617050737999, 0.02793679844327595, 0.018506642584204515, 0.013339086059285913, 0.0, 0.0, 0.4159520693562768, 0.03489473638392922, 0.004594185801534117, 0.8723293485078012, 1.0, 0.0, 0.0, 0.8182966627755978, 0.0, 0.0, 0.8699239235958829, 0.0, 0.0, 0.0, 0.7369247678771524, 0.0, 0.0, 0.05890226770601674, 0.0, 0.0, 0.0, 
0.4614275504170063, 0.4150613517766582, 0.026028402849553173, 0.014805314067363611, 0.09911852127481113, 0.0, 0.0, 0.4294487510608737, 0.12315343816356325, 0.003675348641227293, 0.8883600116768684, 1.0, 0.0, 0.0008653519292106217, 0.7950253508025592, 0.008347332353683994, 0.0, 0.8726365472572631, 0.0, 0.0, 0.0784969297805378, 0.5982719306299233, 0.0, 0.0, 0.05466422127745047, 0.0, 0.007104456970180942, 0.08230985255150759, 
0.4626170255202099, 0.4218609984795166, 0.024120007255830397, 0.01110398555052271, 0.18489795649033636, 0.0, 0.0, 0.4429454327654706, 0.2114121399431973, 0.00275651148092047, 0.9043906748459356, 1.0, 0.0, 0.0017307038584212435, 0.7717540388295206, 0.01669466470736799, 0.0, 0.8753491709186433, 0.0, 0.0, 0.1569938595610756, 0.45961909338269424, 0.0, 0.0, 0.050426174848884196, 0.0, 0.014208913940361884, 0.16461970510301518, 
0.46380650062341355, 0.4286606451823749, 0.02221161166210762, 0.007402657033681807, 0.2706773917058616, 0.0, 0.0, 0.45644211447006744, 0.2996708417228313, 0.0018376743206136468, 0.9204213380150028, 0.9999999999999999, 0.0, 0.002596055787631865, 0.7484827268564821, 0.025041997061051983, 0.0, 0.8780617945800235, 0.0, 0.0, 0.23549078934161338, 0.32096625613546514, 0.0, 0.0, 0.04618812842031793, 0.0, 0.021313370910542827, 0.2469295576545228, 
0.46499597572661716, 0.4354602918852333, 0.020303216068384845, 0.0037013285168409037, 0.3564568269213868, 0.0, 0.0, 0.46993879617466433, 0.38792954350246533, 0.0009188371603068234, 0.93645200118407, 0.9999999999999999, 0.0, 0.003461407716842487, 0.7252114148834435, 0.03338932941473598, 0.0, 0.8807744182414037, 0.0, 0.0, 0.3139877191221512, 0.18231341888823605, 0.0, 0.0, 0.04195008199175165, 0.0, 0.028417827880723768, 0.32923941020603037, 
0.4661854508298208, 0.4422599385880916, 0.01839482047466207, 0.0, 0.44223626213691203, 0.0, 0.0, 0.4834354778792612, 0.47618824528209935, 0.0, 0.9524826643531372, 0.9999999999999999, 0.0, 0.004326759646053109, 0.701940102910405, 0.04173666176841997, 0.0, 0.8834870419027839, 0.0, 0.0, 0.39248464890268897, 0.04366058164100695, 0.0, 0.0, 0.037712035563185385, 0.0, 0.03552228485090471, 0.41154926275753795, 
0.4620616216866389, 0.43681101617094426, 0.018365177080832108, 0.0026795450098056044, 0.36003536303458267, 0.0, 0.0, 0.4773174713874969, 0.5321177833442888, 0.0, 0.9542220440245094, 0.9999999999999999, 0.0, 0.003461407716842487, 0.6781668755185545, 0.041996746361223636, 0.0, 0.8891396832513833, 0.0, 0.0, 0.4032285320270316, 0.04220528667062308, 0.0, 0.0, 0.03500656635221476, 0.0, 0.035469053715278136, 0.4207643331108462, 
0.4579377925434569, 0.43136209375379686, 0.018335533687002144, 0.005359090019611209, 0.2778344639322533, 0.0, 0.0, 0.4711994648957326, 0.5880473214064783, 0.0, 0.9559614236958816, 0.9999999999999999, 0.0, 0.0025960557876318654, 0.654393648126704, 0.042256830954027304, 0.0, 0.8947923245999826, 0.0, 0.0, 0.4139724151513743, 0.040749991700239206, 0.0, 0.0, 0.032301097141244135, 0.0, 0.03541582257965156, 0.4299794034641545, 
0.45381396340027497, 0.4259131713366495, 0.018305890293172183, 0.008038635029416813, 0.19563356482992394, 0.0, 0.0, 0.46508145840396825, 0.6439768594686678, 0.0, 0.9577008033672538, 1.0, 0.0, 0.001730703858421244, 0.6306204207348535, 0.04251691554683097, 0.0, 0.900444965948582, 0.0, 0.0, 0.424716298275717, 0.03929469672985533, 0.0, 0.0, 0.029595627930273507, 0.0, 0.03536259144402499, 0.4391944738174628, 
0.449690134257093, 0.4204642489195021, 0.018276246899342218, 0.010718180039222418, 0.11343266572759458, 0.0, 0.0, 0.45896345191220395, 0.6999063975308573, 0.0, 0.959440183038626, 1.0, 0.0, 0.000865351929210622, 0.606847193343003, 0.04277700013963464, 0.0, 0.9060976072971814, 0.0, 0.0, 0.43546018140005965, 0.03783940175947146, 0.0, 0.0, 0.02689015871930288, 0.0, 0.035309360308398416, 0.44840954417077106, 
0.44556630511391104, 0.4150153265023548, 0.018246603505512257, 0.013397725049028022, 0.031231766625265237, 0.0, 0.0, 0.45284544542043964, 0.7558359355930467, 0.0, 0.9611795627099982, 1.0, 0.0, 0.0, 0.5830739659511525, 0.04303708473243831, 0.0, 0.9117502486457807, 0.0, 0.0, 0.4462040645244023, 0.036384106789087586, 0.0, 0.0, 0.024184689508332254, 0.0, 0.03525612917277184, 0.4576246145240793, 
0.4463298651631497, 0.4130340318867003, 0.014597282804409806, 0.01533749073346612, 0.031232488550280175, 0.0, 0.0, 0.4565549523348107, 0.6046687484744374, 0.0, 0.9184216933178581, 1.0, 0.0, 0.0, 0.5758713096132387, 0.050868316900785214, 0.0, 0.9151290642082945, 0.0, 0.0, 0.35696325161952186, 0.03958823995196968, 0.0, 0.0, 0.019347751606665804, 0.0, 0.028204903338217475, 0.3660996916192635, 
0.4470934252123884, 0.41105273727104574, 0.010947962103307354, 0.017277256417904216, 0.031233210475295113, 0.0, 0.0, 0.46026445924918175, 0.45350156135582803, 0.0, 0.8756638239257178, 1.0, 0.0, 0.0, 0.568668653275325, 0.05869954906913212, 0.0, 0.9185078797708085, 0.0, 0.0, 0.2677224387146414, 0.042792373114851776, 0.0, 0.0, 0.014510813704999351, 0.0, 0.021153677503663107, 0.2745747687144476, 
0.4478569852616271, 0.40907144265539125, 0.007298641402204903, 0.019217022102342315, 0.03123393240031005, 0.0, 0.0, 0.4639739661635528, 0.30233437423721865, 0.0, 0.8329059545335777, 1.0, 0.0, 0.0, 0.5614659969374114, 0.06653078123747902, 0.0, 0.9218866953333223, 0.0, 0.0, 0.1784816258097609, 0.04599650627773387, 0.0, 0.0, 0.0096738758033329, 0.0, 0.014102451669108736, 0.18304984580963168, 
0.44862054531086576, 0.4070901480397367, 0.0036493207011024514, 0.021156787786780415, 0.03123465432532499, 0.0, 0.0, 0.46768347307792385, 0.15116718711860933, 0.0, 0.7901480851414375, 1.0, 0.0, 0.0, 0.5542633405994977, 0.07436201340582593, 0.0, 0.9252655108958363, 0.0, 0.0, 0.08924081290488045, 0.04920063944061597, 0.0, 0.0, 0.004836937901666449, 0.0, 0.007051225834554368, 0.09152492290481584, 
0.4493841053601044, 0.4051088534240822, 0.0, 0.02309655347121851, 0.031235376250339928, 0.0, 0.0, 0.4713929799922949, 0.0, 0.0, 0.7473902157492974, 1.0, 0.0, 0.0, 0.5470606842615839, 0.08219324557417283, 0.0, 0.9286443264583502, 0.0, 0.0, 0.0, 0.052404772603498066, 0.0, 0.0, 0.0, 0.0, 0.0, 0.0, 
0.45318578363786655, 0.4015826301767518, 0.0008890472202658683, 0.02405370062101494, 0.10072565853754721, 0.0, 0.0, 0.47262178011853956, 0.0, 0.0, 0.7570239845117923, 1.0, 0.0, 0.0, 0.5571573438040244, 0.08233364831476711, 0.0, 0.9203169028058124, 0.0, 0.0, 0.08522500891893595, 0.04292111836949061, 0.0, 0.0, 0.0, 0.0, 0.0, 0.1033776311735846, 
0.45698746191562867, 0.3980564069294213, 0.0017780944405317366, 0.025010847770811372, 0.1702159408247545, 0.0, 0.0, 0.4738505802447842, 0.0, 0.0, 0.7666577532742873, 1.0, 0.0, 0.0, 0.5672540033464647, 0.0824740510553614, 0.0, 0.9119894791532747, 0.0, 0.0, 0.1704500178378719, 0.03343746413548316, 0.0, 0.0, 0.0, 0.0, 0.0, 0.2067552623471692, 
0.4607891401933908, 0.39453018368209086, 0.0026671416607976046, 0.025967994920607806, 0.2397062231119618, 0.0, 0.0, 0.4750793803710289, 0.0, 0.0, 0.7762915220367822, 1.0, 0.0, 0.0, 0.5773506628889051, 0.08261445379595568, 0.0, 0.9036620555007369, 0.0, 0.0, 0.25567502675680787, 0.023953809901475706, 0.0, 0.0, 0.0, 0.0, 0.0, 0.3101328935207538, 
0.4645908184711529, 0.3910039604347604, 0.003556188881063473, 0.026925142070404237, 0.3091965053991691, 0.0, 0.0, 0.4763081804972736, 0.0, 0.0, 0.7859252907992772, 1.0, 0.0, 0.0, 0.5874473224313455, 0.08275485653654997, 0.0, 0.8953346318481992, 0.0, 0.0, 0.3409000356757438, 0.014470155667468253, 0.0, 0.0, 0.0, 0.0, 0.0, 0.4135105246943384, 
0.46839249674891503, 0.38747773718742995, 0.004445236101329342, 0.027882289220200668, 0.37868678768637637, 0.0, 0.0, 0.47753698062351824, 0.0, 0.0, 0.7955590595617721, 1.0, 0.0, 0.0, 0.5975439819737859, 0.08289525927714425, 0.0, 0.8870072081956614, 0.0, 0.0, 0.42612504459467976, 0.004986501433460801, 0.0, 0.0, 0.0, 0.0, 0.0, 0.516888155867923, 
0.46416570731654916, 0.38953475701087503, 0.004426000126785292, 0.022305831376160535, 0.3029494301491011, 0.0, 0.0, 0.4722494166854455, 0.0008724796167866637, 0.0, 0.8217872097625762, 0.9508295086419092, 0.0, 0.0, 0.6162511126586719, 0.08278799021039557, 0.0, 0.909605766556529, 0.0, 0.0, 0.3409000356757438, 0.006067969184913096, 0.0, 0.0, 0.0036010331169360173, 0.0, 0.0, 0.4135105246943384, 
0.45993891788418334, 0.39159177683432017, 0.004406764152241242, 0.016729373532120402, 0.22721207261182583, 0.0, 0.0, 0.46696185274737284, 0.0017449592335733275, 0.0, 0.8480153599633804, 0.9016590172838183, 0.0, 0.0, 0.634958243343558, 0.08268072114364688, 0.0, 0.9322043249173968, 0.0, 0.0, 0.25567502675680787, 0.00714943693636539, 0.0, 0.0, 0.007202066233872035, 0.0, 0.0, 0.3101328935207538, 
0.45571212845181747, 0.39364879665776525, 0.004387528177697192, 0.011152915688080266, 0.15147471507455057, 0.0, 0.0, 0.4616742888093001, 0.0026174388503599913, 0.0, 0.8742435101641846, 0.8524885259257274, 0.0, 0.0, 0.6536653740284439, 0.08257345207689819, 0.0, 0.9548028832782645, 0.0, 0.0, 0.1704500178378719, 0.008230904687817685, 0.0, 0.0, 0.010803099350808053, 0.0, 0.0, 0.20675526234716923, 
0.45148533901945165, 0.3957058164812104, 0.004368292203153142, 0.005576457844040133, 0.07573735753727528, 0.0, 0.0, 0.45638672487122744, 0.003489918467146655, 0.0, 0.9004716603649887, 0.8033180345676365, 0.0, 0.0, 0.67237250471333, 0.0824661830101495, 0.0, 0.9774014416391322, 0.0, 0.0, 0.08522500891893597, 0.00931237243926998, 0.0, 0.0, 0.01440413246774407, 0.0, 0.0, 0.10337763117358462, 
0.4472585495870858, 0.3977628363046555, 0.004349056228609092, 0.0, 0.0, 0.0, 0.0, 0.4510991609331547, 0.004362398083933319, 0.0, 0.9266998105657929, 0.7541475432095457, 0.0, 0.0, 0.691079635398216, 0.08235891394340082, 0.0, 0.9999999999999999, 0.0, 0.0, 0.0, 0.010393840190722274, 0.0, 0.0, 0.018005165584680086, 0.0, 0.0, 0.0, 
0.44833511813797466, 0.40734026935319706, 0.006155274929743986, 0.0, 0.0, 0.0, 0.0, 0.44941784771766424, 0.012028006095675808, 0.0, 0.7708432809459049, 0.7518553644725983, 0.0, 0.0, 0.7021580373265077, 0.08418204797757119, 0.0, 0.9999999999999999, 0.0, 0.0, 0.0, 0.010330209466453138, 0.0, 0.0, 0.01440413246774407, 0.0, 0.0, 0.0, 
0.44941168668886355, 0.4169177024017386, 0.00796149363087888, 0.0, 0.0, 0.0, 0.0, 0.44773653450217377, 0.019693614107418295, 0.0, 0.614986751326017, 0.7495631857356508, 0.0, 0.0, 0.7132364392547993, 0.08600518201174154, 0.0, 0.9999999999999999, 0.0, 0.0, 0.0, 0.010266578742184002, 0.0, 0.0, 0.010803099350808051, 0.0, 0.0, 0.0, 
0.4504882552397525, 0.42649513545028017, 0.009767712332013774, 0.0, 0.0, 0.0, 0.0, 0.4460552212866833, 0.027359222119160784, 0.0, 0.45913022170612905, 0.7472710069987033, 0.0, 0.0, 0.724314841183091, 0.0878283160459119, 0.0, 1.0, 0.0, 0.0, 0.0, 0.010202948017914867, 0.0, 0.0, 0.007202066233872033, 0.0, 0.0, 0.0, 
0.4515648237906414, 0.4360725684988217, 0.011573931033148667, 0.0, 0.0, 0.0, 0.0, 0.4443739080711928, 0.035024830130903274, 0.0, 0.3032736920862411, 0.7449788282617559, 0.0, 0.0, 0.7353932431113825, 0.08965145008008225, 0.0, 1.0, 0.0, 0.0, 0.0, 0.010139317293645731, 0.0, 0.0, 0.0036010331169360164, 0.0, 0.0, 0.0, 
0.4526413923415303, 0.4456500015473633, 0.013380149734283562, 0.0, 0.0, 0.0, 0.0, 0.44269259485570234, 0.04269043814264576, 0.0, 0.1474171624663531, 0.7426866495248085, 0.0, 0.0, 0.7464716450396742, 0.09147458411425262, 0.0, 1.0, 0.0, 0.0, 0.0, 0.010075686569376595, 0.0, 0.0, 0.0, 0.0, 0.0, 0.0, 
0.4526472817763606, 0.4388864039374599, 0.011578731271010848, 0.0, 0.0008852451499607212, 0.0, 0.0, 0.43949045165028267, 0.0405168597893009, 0.0, 0.3120013736093107, 0.7173163023252521, 0.0009000734316185262, 0.0, 0.7501783882827194, 0.24973032399711237, 0.0, 1.0, 0.0, 0.0, 0.0, 0.009116142337394462, 0.0, 0.0, 0.0, 0.0, 0.0, 0.0, 
0.4526531712111909, 0.43212280632755656, 0.009777312807738131, 0.0, 0.0017704902999214425, 0.0, 0.0, 0.436288308444863, 0.038343281435956035, 0.0, 0.4765855847522682, 0.6919459551256958, 0.0018001468632370525, 0.0, 0.7538851315257648, 0.40798606387997216, 0.0, 1.0, 0.0, 0.0, 0.0, 0.008156598105412327, 0.0, 0.0, 0.0, 0.0, 0.0, 0.0, 
0.45265906064602124, 0.42535920871765315, 0.007975894344465417, 0.0, 0.002655735449882164, 0.0, 0.0, 0.43308616523944327, 0.03616970308261118, 0.0, 0.6411697958952258, 0.6665756079261395, 0.002700220294855579, 0.0, 0.75759187476881, 0.5662418037628318, 0.0, 1.0, 0.0, 0.0, 0.0, 0.007197053873430195, 0.0, 0.0, 0.0, 0.0, 0.0, 0.0, 
0.45266495008085156, 0.4185956111077498, 0.006174475881192702, 0.0, 0.003540980599842885, 0.0, 0.0, 0.4298840220340236, 0.03399612472926632, 0.0, 0.8057540070381832, 0.6412052607265831, 0.003600293726474105, 0.0, 0.7612986180118553, 0.7244975436456916, 0.0, 1.0, 0.0, 0.0, 0.0, 0.006237509641448061, 0.0, 0.0, 0.0, 0.0, 0.0, 0.0, 
0.4526708395156819, 0.4118320134978464, 0.0043730574179199865, 0.0, 0.004426225749803606, 0.0, 0.0, 0.4266818788286039, 0.031822546375921454, 0.0, 0.9703382181811407, 0.6158349135270268, 0.004500367158092631, 0.0, 0.7650053612549005, 0.8827532835285514, 0.0, 1.0, 0.0, 0.0, 0.0, 0.005277965409465927, 0.0, 0.0, 0.0, 0.0, 0.0, 0.0, 
0.48883666813544696, 0.41128928693024475, 0.003498445934335989, 0.0, 0.007632180391057921, 0.0, 0.0, 0.4295742938737612, 0.03296178844507857, 0.0, 0.9646710161667194, 0.6465862372733577, 0.00471006195123617, 0.0, 0.760681610662769, 0.9062026268228411, 0.0, 0.9894468296457326, 0.0, 0.0, 0.0, 0.005155356484360526, 0.0, 0.0, 0.0, 0.0, 0.0, 0.0, 
0.525002496755212, 0.4107465603626431, 0.002623834450751992, 0.0, 0.010838135032312235, 0.0, 0.0, 0.43246670891891853, 0.034101030514235686, 0.0, 0.9590038141522981, 0.6773375610196887, 0.004919756744379711, 0.0, 0.7563578600706374, 0.9296519701171309, 0.0, 0.9788936592914652, 0.0, 0.0, 0.0, 0.0050327475592551255, 0.0, 0.0, 0.0, 0.0, 0.0, 0.0, 
0.5611683253749772, 0.41020383379504144, 0.001749222967167995, 0.0, 0.014044089673566552, 0.0, 0.0, 0.43535912396407583, 0.03524027258339281, 0.0, 0.9533366121378767, 0.7080888847660196, 0.00512945153752325, 0.0, 0.7520341094785059, 0.9531013134114206, 0.0, 0.9683404889371979, 0.0, 0.0, 0.0, 0.004910138634149724, 0.0, 0.0, 0.0, 0.0, 0.0, 0.0, 
0.5973341539947423, 0.4096611072274398, 0.0008746114835839975, 0.0, 0.017250044314820866, 0.0, 0.0, 0.43825153900923314, 0.036379514652549926, 0.0, 0.9476694101234554, 0.7388402085123507, 0.00533914633066679, 0.0, 0.7477103588863744, 0.9765506567057103, 0.0, 0.9577873185829305, 0.0, 0.0, 0.0, 0.004787529709044323, 0.0, 0.0, 0.0, 0.0, 0.0, 0.0, 
0.6334999826145074, 0.40911838065983813, 0.0, 0.0, 0.02045599895607518, 0.0, 0.0, 0.44114395405439044, 0.03751875672170704, 0.0, 0.942002208109034, 0.7695915322586816, 0.00554884112381033, 0.0, 0.7433866082942429, 1.0, 0.0, 0.9472341482286631, 0.0, 0.0, 0.0, 0.004664920783938922, 0.0, 0.0, 0.0, 0.0, 0.0, 0.0, 
0.6394352239508163, 0.3344168782368445, 0.0, 0.0, 0.018208294987630214, 0.0, 0.0, 0.4352713043678756, 0.030015005377365633, 0.0, 0.9409463559433776, 0.7539143362957864, 0.008572781958287305, 0.0, 0.6084273690274911, 0.9625280709536697, 0.0, 0.9577873185829305, 0.0, 0.0, 0.0, 0.0037319366271511374, 0.0, 0.0, 0.0, 0.0, 0.0, 0.0, 
0.6453704652871253, 0.25971537581385085, 0.0, 0.0, 0.015960591019185247, 0.0, 0.0, 0.42939865468136074, 0.022511254033024224, 0.0, 0.9398905037777211, 0.7382371403328912, 0.011596722792764282, 0.0, 0.4734681297607394, 0.9250561419073393, 0.0, 0.9683404889371979, 0.0, 0.0, 0.0, 0.0027989524703633533, 0.0, 0.0, 0.0, 0.0, 0.0, 0.0, 
0.6513057066234343, 0.1850138733908572, 0.0, 0.0, 0.013712887050740282, 0.0, 0.0, 0.4235260049948459, 0.015007502688682818, 0.0, 0.9388346516120647, 0.7225599443699962, 0.014620663627241258, 0.0, 0.33850889049398764, 0.887584212861009, 0.0, 0.9788936592914652, 0.0, 0.0, 0.0, 0.0018659683135755691, 0.0, 0.0, 0.0, 0.0, 0.0, 0.0, 
0.6572409479597433, 0.11031237096786356, 0.0, 0.0, 0.011465183082295315, 0.0, 0.0, 0.41765335530833103, 0.007503751344341409, 0.0, 0.9377787994464082, 0.706882748407101, 0.017644604461718234, 0.0, 0.2035496512272359, 0.8501122838146786, 0.0, 0.9894468296457326, 0.0, 0.0, 0.0, 0.0009329841567877846, 0.0, 0.0, 0.0, 0.0, 0.0, 0.0, 
0.6631761892960523, 0.035610868544869945, 0.0, 0.0, 0.009217479113850348, 0.0, 0.0, 0.4117807056218162, 0.0, 0.0, 0.9367229472807518, 0.6912055524442058, 0.02066854529619521, 0.0, 0.0685904119604841, 0.8126403547683483, 0.0, 1.0, 0.0, 0.0, 0.0, 0.0, 0.0, 0.0, 0.0, 0.0, 0.0, 0.0, 
0.6252843862144816, 0.033773810588962616, 0.0, 0.0, 0.013699112789794961, 0.0009449462994842797, 0.0, 0.4135171874526353, 0.0, 0.0, 0.9468208093370781, 0.7195946609183842, 0.02313959798754458, 0.0, 0.058444544704570514, 0.8076262858148231, 0.0, 0.8278882670499529, 0.0, 0.0, 0.0, 0.0, 0.0, 0.0, 0.0, 0.0, 0.0, 0.0, 
0.5873925831329109, 0.03193675263305528, 0.0, 0.0, 0.018180746465739576, 0.0018898925989685594, 0.0, 0.4152536692834545, 0.0, 0.0, 0.9569186713934046, 0.7479837693925625, 0.025610650678893947, 0.0, 0.048298677448656936, 0.8026122168612979, 0.0, 0.6557765340999058, 0.0, 0.0, 0.0, 0.0, 0.0, 0.0, 0.0, 0.0, 0.0, 0.0, 
0.5495007800513402, 0.030099694677147952, 0.0, 0.0, 0.022662380141684188, 0.002834838898452839, 0.0, 0.41699015111427357, 0.0, 0.0, 0.9670165334497309, 0.7763728778667409, 0.028081703370243315, 0.0, 0.03815281019274336, 0.7975981479077728, 0.0, 0.48366480114985877, 0.0, 0.0, 0.0, 0.0, 0.0, 0.0, 0.0, 0.0, 0.0, 0.0, 
0.5116089769697694, 0.02826263672124062, 0.0, 0.0, 0.027144013817628806, 0.003779785197937119, 0.0, 0.4187266329450927, 0.0, 0.0, 0.9771143955060574, 0.8047619863409192, 0.030552756061592683, 0.0, 0.028006942936829773, 0.7925840789542477, 0.0, 0.31155306819981166, 0.0, 0.0, 0.0, 0.0, 0.0, 0.0, 0.0, 0.0, 0.0, 0.0, 
0.47371717388819873, 0.026425578765333288, 0.0, 0.0, 0.03162564749357342, 0.004724731497421399, 0.0, 0.42046311477591186, 0.0, 0.0, 0.9872122575623837, 0.8331510948150976, 0.03302380875294205, 0.0, 0.01786107568091619, 0.7875700100007225, 0.0, 0.13944133524976451, 0.0, 0.0, 0.0, 0.0, 0.0, 0.0, 0.0, 0.0, 0.0, 0.0, 
0.4947412469515838, 0.024665945413615182, 0.002670555493462245, 0.001980193193073128, 0.03642820760798464, 0.005630377397186114, 0.0, 0.4218355603229196, 0.0, 0.0, 0.9897698060499069, 0.8306913447874918, 0.15010669307116178, 0.0, 0.021515312221413136, 0.7810960326055538, 0.0, 0.2893121259746807, 0.0, 0.0, 0.08459819761046203, 0.0, 0.0, 0.0, 0.0, 0.0, 0.0, 0.09431411429672801, 
0.5157653200149689, 0.022906312061897072, 0.00534111098692449, 0.003960386386146256, 0.04123076772239585, 0.006536023296950829, 0.0, 0.42320800586992735, 0.0, 0.0, 0.9923273545374303, 0.8282315947598862, 0.26718957738938154, 0.0, 0.025169548761910084, 0.7746220552103852, 0.0, 0.43918291669959697, 0.0, 0.0, 0.16919639522092406, 0.0, 0.0, 0.0, 0.0, 0.0, 0.0, 0.18862822859345602, 
0.5367893930783539, 0.021146678710178966, 0.008011666480386734, 0.005940579579219384, 0.046033327836807074, 0.007441669196715543, 0.0, 0.42458045141693507, 0.0, 0.0, 0.9948849030249535, 0.8257718447322804, 0.38427246170760126, 0.0, 0.028823785302407028, 0.7681480778152164, 0.0, 0.5890537074245131, 0.0, 0.0, 0.25379459283138606, 0.0, 0.0, 0.0, 0.0, 0.0, 0.0, 0.28294234289018405, 
0.557813466141739, 0.019387045358460857, 0.01068222197384898, 0.007920772772292512, 0.050835887951218295, 0.008347315096480259, 0.0, 0.42595289696394284, 0.0, 0.0, 0.9974424515124768, 0.8233120947046747, 0.501355346025821, 0.0, 0.03247802184290398, 0.7616741004200478, 0.0, 0.7389244981494294, 0.0, 0.0, 0.3383927904418481, 0.0, 0.0, 0.0, 0.0, 0.0, 0.0, 0.37725645718691203, 
0.578837539205124, 0.01762741200674275, 0.013352777467311224, 0.009900965965365641, 0.055638448065629516, 0.009252960996244973, 0.0, 0.42732534251095056, 0.0, 0.0, 1.0, 0.8208523446770689, 0.6184382303440408, 0.0, 0.03613225838340092, 0.7552001230248792, 0.0, 0.8887952888743457, 0.0, 0.0, 0.4229909880523101, 0.0, 0.0, 0.0, 0.0, 0.0, 0.0, 0.47157057148364, 
0.6168117499377568, 0.014101929605394201, 0.01068222197384898, 0.008852767903263123, 0.04726870689974664, 0.007402368796995978, 0.0, 0.34186027400876046, 0.0, 0.0, 1.0, 0.7991287979661573, 0.5070060215396099, 0.0, 0.030902839794253886, 0.7398704771230916, 0.0, 0.8246924864729449, 0.0, 0.0, 0.41499266869056056, 0.0, 0.0, 0.0, 0.0, 0.0, 0.0, 0.46113982206830423, 
0.6547859606703895, 0.010576447204045651, 0.008011666480386734, 0.007804569841160605, 0.038898965733863755, 0.0055517765977469834, 0.0, 0.25639520550657036, 0.0, 0.0, 1.0, 0.7774052512552457, 0.395573812735179, 0.0, 0.02567342120510685, 0.7245408312213041, 0.0, 0.760589684071544, 0.0, 0.0, 0.406994349328811, 0.0, 0.0, 0.0, 0.0, 0.0, 0.0, 0.45070907265296845, 
0.6927601714030223, 0.0070509648026971, 0.00534111098692449, 0.006756371779058086, 0.030529224567980878, 0.0037011843984979895, 0.0, 0.1709301370043802, 0.0, 0.0, 0.9999999999999999, 0.755681704544334, 0.28414160393074817, 0.0, 0.020444002615959814, 0.7092111853195167, 0.0, 0.6964868816701433, 0.0, 0.0, 0.3989960299670615, 0.0, 0.0, 0.0, 0.0, 0.0, 0.0, 0.4402783232376326, 
0.7307343821356551, 0.00352548240134855, 0.002670555493462245, 0.005708173716955568, 0.022159483402098, 0.0018505921992489948, 0.0, 0.0854650685021901, 0.0, 0.0, 0.9999999999999999, 0.7339581578334224, 0.17270939512631728, 0.0, 0.015214584026812777, 0.6938815394177291, 0.0, 0.6323840792687425, 0.0, 0.0, 0.39099771060531197, 0.0, 0.0, 0.0, 0.0, 0.0, 0.0, 0.4298475738222968, 
0.7687085928682879, 0.0, 0.0, 0.0046599756548530505, 0.013789742236215123, 0.0, 0.0, 0.0, 0.0, 0.0, 0.9999999999999999, 0.7122346111225109, 0.06127718632188643, 0.0, 0.009985165437665741, 0.6785518935159416, 0.0, 0.5682812768673418, 0.0, 0.0, 0.3829993912435624, 0.0, 0.0, 0.0, 0.0, 0.0, 0.0, 0.41941682440696104, 
0.7678711675351436, 0.0, 0.0, 0.01581988820214412, 0.11757964394439874, 0.0009042615661825461, 0.0, 0.07636107984666382, 0.0, 0.0, 0.9999999999999999, 0.6927875028149431, 0.19255892015162213, 0.0, 0.014944591423267279, 0.6997643865470731, 0.0, 0.4617253340895695, 0.0, 0.0017343767957738864, 0.3063995129948499, 0.0, 0.0, 0.0, 0.0, 0.0, 0.0, 0.33553345952556884, 
0.7670337422019994, 0.0, 0.0, 0.026979800749435193, 0.22136954565258235, 0.0018085231323650922, 0.0, 0.15272215969332764, 0.0, 0.0, 0.9999999999999999, 0.6733403945073753, 0.3238406539813578, 0.0, 0.019904017408868817, 0.7209768795782047, 0.0, 0.35516939131179726, 0.0, 0.0034687535915477728, 0.22979963474613746, 0.0, 0.0, 0.0, 0.0, 0.0, 0.0, 0.25165009464417665, 
0.7661963168688551, 0.0, 0.0, 0.03813971329672627, 0.32515944736076596, 0.0027127846985476383, 0.0, 0.22908323953999146, 0.0, 0.0, 0.9999999999999999, 0.6538932861998076, 0.4551223878110935, 0.0, 0.024863443394470358, 0.7421893726093362, 0.0, 0.248613448534025, 0.0, 0.005203130387321659, 0.15319975649742498, 0.0, 0.0, 0.0, 0.0, 0.0, 0.0, 0.1677667297627844, 
0.7653588915357109, 0.0, 0.0, 0.049299625844017335, 0.42894934906894955, 0.0036170462647301845, 0.0, 0.3054443193866553, 0.0, 0.0, 0.9999999999999999, 0.6344461778922398, 0.5864041216408291, 0.0, 0.029822869380071896, 0.7634018656404677, 0.0, 0.14205750575625276, 0.0, 0.0069375071830955455, 0.0765998782487125, 0.0, 0.0, 0.0, 0.0, 0.0, 0.0, 0.0838833648813922, 
0.7645214662025667, 0.0, 0.0, 0.06045953839130841, 0.5327392507771331, 0.0045213078309127306, 0.0, 0.3818053992333191, 0.0, 0.0, 0.9999999999999999, 0.614999069584672, 0.7176858554705648, 0.0, 0.034782295365673434, 0.7846143586715992, 0.0, 0.03550156297848046, 0.0, 0.008671883978869432, 0.0, 0.0, 0.0, 0.0, 0.0, 0.0, 0.0, 0.0, 
0.6997945937544725, 0.00543529269235514, 0.0008646479634653754, 0.061710365645368415, 0.5618712164316382, 0.005444860902662856, 0.0, 0.39227875795873485, 0.004955670237882353, 0.0, 0.9999999999999999, 0.6555668213843634, 0.7435196686755994, 0.0, 0.04170078604129728, 0.800999063818069, 0.0, 0.03240984639242241, 0.0, 0.0069375071830955455, 0.0, 0.0, 0.0, 0.0, 0.0, 0.0, 0.0, 0.0, 
0.6350677213063785, 0.01087058538471028, 0.0017292959269307507, 0.06296119289942842, 0.5910031820861432, 0.0063684139744129824, 0.0, 0.4027521166841506, 0.009911340475764707, 0.0, 0.9999999999999999, 0.6961345731840549, 0.769353481880634, 0.0, 0.048619276716921137, 0.8173837689645387, 0.0, 0.029318129806364373, 0.0, 0.005203130387321659, 0.0, 0.0, 0.0, 0.0, 0.0, 0.0, 0.0, 0.0, 
0.5703408488582843, 0.01630587807706542, 0.0025939438903961262, 0.06421202015348842, 0.6201351477406483, 0.007291967046163108, 0.0, 0.41322547540956645, 0.01486701071364706, 0.0, 0.9999999999999999, 0.7367023249837463, 0.7951872950856685, 0.0, 0.055537767392544984, 0.8337684741110085, 0.0, 0.02622641322030633, 0.0, 0.0034687535915477723, 0.0, 0.0, 0.0, 0.0, 0.0, 0.0, 0.0, 0.0, 
0.5056139764101901, 0.02174117076942056, 0.0034585918538615015, 0.06546284740754843, 0.6492671133951534, 0.008215520117913233, 0.0, 0.4236988341349822, 0.019822680951529413, 0.0, 0.9999999999999999, 0.7772700767834377, 0.8210211082907032, 0.0, 0.06245625806816883, 0.8501531792574782, 0.0, 0.02313469663424829, 0.0, 0.0017343767957738862, 0.0, 0.0, 0.0, 0.0, 0.0, 0.0, 0.0, 0.0, 
0.44088710396209596, 0.0271764634617757, 0.004323239817326877, 0.06671367466160844, 0.6783990790496585, 0.009139073189663359, 0.0, 0.434172192860398, 0.024778351189411768, 0.0, 0.9999999999999999, 0.8178378285831293, 0.8468549214957377, 0.0, 0.06937474874379268, 0.866537884403948, 0.0, 0.020042980048190245, 0.0, 0.0, 0.0, 0.0, 0.0, 0.0, 0.0, 0.0, 0.0, 0.0, 
0.45069368809592114, 0.10809568048323438, 0.006168562423658302, 0.07724837984605173, 0.7006445064032694, 0.011388723572661512, 0.0, 0.44317797549662385, 0.031249976219525244, 0.000987777801713316, 0.9999999999999999, 0.823298661929557, 0.8139799857217717, 0.0, 0.17873053211307788, 0.8774449522830154, 0.0, 0.018861726348077132, 0.0, 0.0, 0.0, 0.07540398724844605, 0.0, 0.0, 0.0, 0.0, 0.0, 0.0, 
0.46050027222974627, 0.18901489750469308, 0.008013885029989726, 0.08778308503049503, 0.7228899337568804, 0.013638373955659663, 0.0, 0.4521837581328497, 0.03772160124963872, 0.001975555603426632, 0.9999999999999999, 0.8287594952759848, 0.7811050499478055, 0.0, 0.2880863154823631, 0.8883520201620829, 0.0, 0.017680472647964022, 0.0, 0.0, 0.0, 0.1508079744968921, 0.0, 0.0, 0.0, 0.0, 0.0, 0.0, 
0.47030685636357145, 0.26993411452615174, 0.00985920763632115, 0.09831779021493832, 0.7451353611104913, 0.015888024338657814, 0.0, 0.4611895407690756, 0.0441932262797522, 0.002963333405139948, 0.9999999999999999, 0.8342203286224127, 0.7482301141738394, 0.0, 0.3974420988516483, 0.8992590880411504, 0.0, 0.016499218947850912, 0.0, 0.0, 0.0, 0.22621196174533814, 0.0, 0.0, 0.0, 0.0, 0.0, 0.0, 
0.48011344049739657, 0.35085333154761045, 0.011704530242652576, 0.10885249539938162, 0.7673807884641023, 0.018137674721655967, 0.0, 0.47019532340530146, 0.05066485130986568, 0.003951111206853264, 0.9999999999999999, 0.8396811619688405, 0.7153551783998733, 0.0, 0.5067978822209335, 0.9101661559202179, 0.0, 0.015317965247737798, 0.0, 0.0, 0.0, 0.3016159489937842, 0.0, 0.0, 0.0, 0.0, 0.0, 0.0, 
0.48992002463122175, 0.43177254856906916, 0.013549852848984, 0.11938720058382492, 0.7896262158177132, 0.02038732510465412, 0.0, 0.4792011060415273, 0.057136476339979154, 0.00493888900856658, 0.9999999999999999, 0.8451419953152682, 0.6824802426259072, 0.0, 0.6161536655902187, 0.9210732237992854, 0.0, 0.014136711547624687, 0.0, 0.0, 0.0, 0.37701993624223024, 0.0, 0.0, 0.0, 0.0, 0.0, 0.0, 
0.49600247420048094, 0.4571179227974816, 0.018745505874650917, 0.27739846099888893, 0.7641821499640143, 0.018154103246301696, 0.0, 0.5232734088804322, 0.15296990334213142, 0.007361759529766082, 0.9999999999999999, 0.8278345895394011, 0.6742892613552396, 0.0, 0.6024305432906532, 0.9277304583010628, 0.0009062529450902419, 0.012224828048587339, 0.0, 0.0, 0.006276826177895059, 0.3110208339863724, 0.0, 0.0, 0.0, 0.0, 0.0, 0.0, 
0.5020849237697401, 0.482463297025894, 0.02394115890031783, 0.43540972141395295, 0.7387380841103155, 0.015920881387949268, 0.0, 0.567345711719337, 0.2488033303442837, 0.009784630050965585, 0.9999999999999999, 0.810527183763534, 0.6660982800845721, 0.0, 0.5887074209910876, 0.9343876928028403, 0.0018125058901804839, 0.010312944549549993, 0.0, 0.0, 0.012553652355790118, 0.24502173173051459, 0.0, 0.0, 0.0, 0.0, 0.0, 0.0, 
0.5081673733389993, 0.5078086712543064, 0.029136811925984746, 0.593420981829017, 0.7132940182566168, 0.013687659529596843, 0.0, 0.6114180145582419, 0.344636757346436, 0.012207500572165086, 1.0, 0.793219777987667, 0.6579072988139044, 0.0, 0.5749842986915221, 0.9410449273046179, 0.002718758835270726, 0.008401061050512646, 0.0, 0.0, 0.018830478533685177, 0.17902262947465675, 0.0, 0.0, 0.0, 0.0, 0.0, 0.0, 
0.5142498229082585, 0.5331540454827188, 0.03433246495165166, 0.751432242244081, 0.6878499524029179, 0.011454437671244417, 0.0, 0.6554903173971467, 0.44047018434858826, 0.014630371093364588, 1.0, 0.7759123722117999, 0.6497163175432369, 0.0, 0.5612611763919566, 0.9477021618063953, 0.0036250117803609677, 0.006489177551475298, 0.0, 0.0, 0.025107304711580236, 0.11302352721879894, 0.0, 0.0, 0.0, 0.0, 0.0, 0.0, 
0.5203322724775177, 0.5584994197111313, 0.039528117977318575, 0.9094435026591451, 0.6624058865492191, 0.009221215812891991, 0.0, 0.6995626202360515, 0.5363036113507406, 0.01705324161456409, 1.0, 0.7586049664359328, 0.6415253362725692, 0.0, 0.5475380540923911, 0.9543593963081728, 0.00453126472545121, 0.00457729405243795, 0.0, 0.0, 0.031384130889475295, 0.04702442496294112, 0.0, 0.0, 0.0, 0.0, 0.0, 0.0, 
0.5238859128511706, 0.5512588245880976, 0.03738842636303605, 0.7385709543466401, 0.5299247092393753, 0.007376972650313593, 0.0, 0.6726276762896755, 0.5677336229074493, 0.02551651636766364, 0.9568071711062216, 0.7114896087590811, 0.6341211607059218, 0.0, 0.5461722101442539, 0.9634875170465382, 0.004757848242077969, 0.00366183524195036, 0.0, 0.0, 0.025107304711580236, 0.037619539970352896, 0.0, 0.0, 0.0, 0.0, 0.0, 0.0, 
0.5274395532248235, 0.5440182294650638, 0.03524873474875352, 0.567698406034135, 0.3974435319295314, 0.005532729487735194, 0.0, 0.6456927323432994, 0.599163634464158, 0.033979791120763186, 0.9136143422124431, 0.6643742510822293, 0.6267169851392744, 0.0, 0.5448063661961167, 0.9726156377849037, 0.004984431758704728, 0.00274637643146277, 0.0, 0.0, 0.018830478533685177, 0.02821465497776467, 0.0, 0.0, 0.0, 0.0, 0.0, 0.0, 
0.5309931935984764, 0.5367776343420302, 0.033109043134470995, 0.39682585772163004, 0.2649623546196876, 0.003688486325156797, 0.0, 0.6187577883969233, 0.6305936460208668, 0.04244306587386274, 0.8704215133186647, 0.6172588934053775, 0.619312809572627, 0.0, 0.5434405222479795, 0.9817437585232691, 0.005211015275331487, 0.0018309176209751797, 0.0, 0.0, 0.012553652355790118, 0.018809769985176444, 0.0, 0.0, 0.0, 0.0, 0.0, 0.0, 
0.5345468339721293, 0.5295370392189964, 0.03096935152018847, 0.22595330940912495, 0.13248117730984377, 0.0018442431625783984, 0.0, 0.5918228444505472, 0.6620236575775755, 0.05090634062696229, 0.8272286844248862, 0.5701435357285258, 0.6119086340059796, 0.0, 0.5420746782998422, 0.9908718792616346, 0.005437598791958246, 0.0009154588104875899, 0.0, 0.0, 0.006276826177895059, 0.009404884992588222, 0.0, 0.0, 0.0, 0.0, 0.0, 0.0, 
0.5381004743457822, 0.5222964440959628, 0.028829659905905945, 0.05508076109661982, 0.0, 0.0, 0.0, 0.5648879005041711, 0.6934536691342842, 0.05936961538006184, 0.7840358555311078, 0.523028178051674, 0.6045044584393322, 0.0, 0.540708834351705, 1.0, 0.005664182308585005, 0.0, 0.0, 0.0, 0.0, 0.0, 0.0, 0.0, 0.0, 0.0, 0.0, 0.0, 
0.5347781488747197, 0.514623749306725, 0.028662953771162604, 0.056540730160445495, 0.006391582475490475, 0.0, 0.0, 0.5505983262651727, 0.5711119131540067, 0.06552738118550157, 0.7764106345757508, 0.5404783975325503, 0.6345124396150256, 0.0, 0.5425555970661009, 0.9722720286272759, 0.008147473879359738, 0.0, 0.0, 0.0, 0.0, 0.0, 0.0, 0.0, 0.0, 0.0, 0.0, 0.0, 
0.5314558234036574, 0.5069510545174873, 0.028496247636419263, 0.05800069922427117, 0.01278316495098095, 0.0, 0.0, 0.5363087520261741, 0.44877015717372915, 0.0716851469909413, 0.7687854136203938, 0.5579286170134266, 0.664520420790719, 0.0, 0.5444023597804969, 0.9445440572545518, 0.010630765450134472, 0.0, 0.0, 0.0, 0.0, 0.0, 0.0, 0.0, 0.0, 0.0, 0.0, 0.0, 
0.5281334979325949, 0.4992783597282496, 0.02832954150167592, 0.059460668288096846, 0.019174747426471427, 0.0, 0.0, 0.5220191777871757, 0.3264284011934516, 0.07784291279638104, 0.7611601926650367, 0.5753788364943029, 0.6945284019664124, 0.0, 0.5462491224948928, 0.9168160858818277, 0.013114057020909207, 0.0, 0.0, 0.0, 0.0, 0.0, 0.0, 0.0, 0.0, 0.0, 0.0, 0.0, 
0.5248111724615325, 0.49160566493901187, 0.02816283536693258, 0.06092063735192252, 0.0255663299019619, 0.0, 0.0, 0.5077296035481772, 0.2040866452131741, 0.08400067860182078, 0.7535349717096796, 0.5928290559751791, 0.7245363831421059, 0.0, 0.5480958852092888, 0.8890881145091035, 0.01559734859168394, 0.0, 0.0, 0.0, 0.0, 0.0, 0.0, 0.0, 0.0, 0.0, 0.0, 0.0, 
0.52148884699047, 0.48393297014977416, 0.027996129232189238, 0.06238060641574819, 0.03195791237745237, 0.0, 0.0, 0.4934400293091787, 0.08174488923289659, 0.09015844440726052, 0.7459097507543226, 0.6102792754560554, 0.7545443643177993, 0.0, 0.5499426479236846, 0.8613601431363794, 0.018080640162458674, 0.0, 0.0, 0.0, 0.0, 0.0, 0.0, 0.0, 0.0, 0.0, 0.0, 0.0, 
0.5049934783738286, 0.46625361819305444, 0.02326996141292652, 0.05360516872858648, 0.029107343341605217, 0.0, 0.0, 0.5078251248949387, 0.08212486884676105, 0.08946054580322373, 0.6947402498772076, 0.5738600317781964, 0.7452839704511803, 0.0, 0.5373442689497892, 0.8217088298579892, 0.018011965666548366, 0.0, 0.0, 0.0, 0.0, 0.0, 0.0, 0.0, 0.0, 0.0, 0.0, 0.0, 
0.48849810975718716, 0.44857426623633473, 0.018543793593663805, 0.04482973104142477, 0.02625677430575806, 0.0, 0.0, 0.5222102204806987, 0.08250484846062552, 0.08876264719918693, 0.6435707490000926, 0.5374407881003375, 0.7360235765845614, 0.0, 0.5247458899758938, 0.782057516579599, 0.017943291170638063, 0.0, 0.0, 0.0, 0.0, 0.0, 0.0, 0.0, 0.0, 0.0, 0.0, 0.0, 
0.47200274114054575, 0.430894914279615, 0.013817625774401088, 0.036054293354263064, 0.023406205269910905, 0.0, 0.0, 0.5365953160664586, 0.08288482807448998, 0.08806474859515015, 0.5924012481229775, 0.5010215444224785, 0.7267631827179425, 0.0, 0.5121475110019983, 0.7424062033012089, 0.017874616674727756, 0.0, 0.0, 0.0, 0.0, 0.0, 0.0, 0.0, 0.0, 0.0, 0.0, 0.0, 
0.4555073725239043, 0.4132155623228953, 0.009091457955138372, 0.02727885566710135, 0.02055563623406375, 0.0, 0.0, 0.5509804116522186, 0.08326480768835444, 0.08736684999111335, 0.5412317472458624, 0.46460230074461945, 0.7175027888513236, 0.0, 0.4995491320281028, 0.7027548900228187, 0.017805942178817452, 0.0, 0.0, 0.0, 0.0, 0.0, 0.0, 0.0, 0.0, 0.0, 0.0, 0.0, 
0.43901200390726286, 0.3955362103661756, 0.004365290135875657, 0.018503417979939644, 0.017705067198216594, 0.0, 0.0, 0.5653655072379785, 0.0836447873022189, 0.08666895138707656, 0.4900622463687474, 0.42818305706676046, 0.7082423949847046, 0.0, 0.4869507530542074, 0.6631035767444284, 0.017737267682907145, 0.0, 0.0, 0.0, 0.0, 0.0, 0.0, 0.0, 0.0, 0.0, 0.0, 0.0, 
0.4372508189321274, 0.3962970132404845, 0.0034922321087005256, 0.019222651352037972, 0.01685532442077417, 0.0, 0.0, 0.5663322792864509, 0.08534444126882762, 0.08943801483874689, 0.39204979709499793, 0.4248926900106336, 0.6794062571885348, 0.0, 0.4959756961809632, 0.6403997071711377, 0.016724263253200533, 0.0, 0.0, 0.0, 0.0, 0.0, 0.0, 0.0, 0.0, 0.0, 0.0, 0.0, 
0.435489633956992, 0.39705781611479346, 0.0026191740815253942, 0.0199418847241363, 0.016005581643331747, 0.0, 0.0, 0.5672990513349233, 0.08704409523543635, 0.09220707829041722, 0.29403734782124846, 0.4216023229545068, 0.6505701193923649, 0.0, 0.5050006393077191, 0.617695837597847, 0.01571125882349392, 0.0, 0.0, 0.0, 0.0, 0.0, 0.0, 0.0, 0.0, 0.0, 0.0, 0.0, 
0.4337284489818565, 0.39781861898910237, 0.0017461160543502628, 0.02066111809623463, 0.015155838865889323, 0.0, 0.0, 0.5682658233833956, 0.08874374920204507, 0.09497614174208754, 0.19602489854749894, 0.41831195589838, 0.6217339815961951, 0.0, 0.5140255824344749, 0.5949919680245562, 0.014698254393787307, 0.0, 0.0, 0.0, 0.0, 0.0, 0.0, 0.0, 0.0, 0.0, 0.0, 0.0, 
0.43196726400672103, 0.39857942186341133, 0.0008730580271751314, 0.021380351468332958, 0.014306096088446898, 0.0, 0.0, 0.569232595431868, 0.0904434031686538, 0.09774520519375786, 0.09801244927374947, 0.41502158884225315, 0.5928978438000252, 0.0, 0.5230505255612308, 0.5722880984512655, 0.013685249964080694, 0.0, 0.0, 0.0, 0.0, 0.0, 0.0, 0.0, 0.0, 0.0, 0.0, 0.0, 
0.4302060790315856, 0.39934022473772024, 0.0, 0.022099584840431286, 0.013456353311004475, 0.0, 0.0, 0.5701993674803404, 0.09214305713526252, 0.10051426864542819, 0.0, 0.4117312217861263, 0.5640617060038553, 0.0, 0.5320754686879866, 0.5495842288779748, 0.012672245534374082, 0.0, 0.0, 0.0, 0.0, 0.0, 0.0, 0.0, 0.0, 0.0, 0.0, 0.0, 
0.42404629451363723, 0.32489500246120673, 0.0, 0.019533647013053834, 0.010765082648803579, 0.0, 0.0, 0.5695534538154932, 0.09044213778104256, 0.10098770549287171, 0.0037915569579149593, 0.34176223136106254, 0.6002890524438261, 0.0, 0.5182684316034991, 0.4510162389604022, 0.012388377173555372, 0.0, 0.0, 0.0, 0.0, 0.0, 0.0, 0.0, 0.0, 0.0, 0.0, 0.0, 
0.4178865099956888, 0.25044978018469327, 0.0, 0.01696770918567638, 0.008073811986602685, 0.0, 0.0, 0.5689075401506459, 0.08874121842682259, 0.10146114234031524, 0.007583113915829919, 0.27179324093599877, 0.636516398883797, 0.0, 0.5044613945190116, 0.3524482490428296, 0.012104508812736663, 0.0, 0.0, 0.0, 0.0, 0.0, 0.0, 0.0, 0.0, 0.0, 0.0, 0.0, 
0.4117267254777405, 0.1760045579081798, 0.0, 0.014401771358298933, 0.0053825413244017895, 0.0, 0.0, 0.5682616264857987, 0.08704029907260263, 0.10193457918775876, 0.011374670873744878, 0.201824250510935, 0.6727437453237679, 0.0, 0.4906543574345241, 0.253880259125257, 0.011820640451917953, 0.0, 0.0, 0.0, 0.0, 0.0, 0.0, 0.0, 0.0, 0.0, 0.0, 0.0, 
0.40556694095979207, 0.1015593356316663, 0.0, 0.01183583353092148, 0.0026912706622008956, 0.0, 0.0, 0.5676157128209515, 0.08533937971838267, 0.10240801603520229, 0.015166227831659837, 0.13185526008587123, 0.7089710917637387, 0.0, 0.4768473203500367, 0.15531226920768448, 0.011536772091099243, 0.0, 0.0, 0.0, 0.0, 0.0, 0.0, 0.0, 0.0, 0.0, 0.0, 0.0, 
0.3994071564418437, 0.02711411335515287, 0.0, 0.00926989570354403, 0.0, 0.0, 0.0, 0.5669697991561042, 0.0836384603641627, 0.10288145288264582, 0.018957784789574796, 0.06188626966080743, 0.7451984382037096, 0.0, 0.4630402832655492, 0.05674427929011194, 0.011252903730280534, 0.0, 0.0, 0.0, 0.0, 0.0, 0.0, 0.0, 0.0, 0.0, 0.0, 0.0, 
0.4044023643569297, 0.02796417273595072, 0.0018027222766453447, 0.009172134200213374, 0.08634564504226763, 0.0, 0.0, 0.5596571957808575, 0.09234337448064275, 0.10807282555201891, 0.015166227831659837, 0.15538483868129355, 0.732432008948224, 0.0, 0.47000558150270866, 0.15413650935533388, 0.009970544780531873, 0.0, 0.0, 0.0, 0.0, 0.0, 0.0, 0.0, 0.0, 0.0, 0.0, 0.0, 
0.4093975722720158, 0.028814232116748564, 0.0036054445532906895, 0.009074372696882717, 0.17269129008453526, 0.0, 0.0, 0.5523445924056107, 0.10104828859712282, 0.11326419822139201, 0.011374670873744878, 0.24888340770177966, 0.7196655796927385, 0.0, 0.47697087973986807, 0.2515287394205558, 0.00868818583078321, 0.0, 0.0, 0.0, 0.0, 0.0, 0.0, 0.0, 0.0, 0.0, 0.0, 0.0, 
0.4143927801871018, 0.029664291497546413, 0.005408166829936034, 0.008976611193552062, 0.2590369351268029, 0.0, 0.0, 0.5450319890303641, 0.10975320271360288, 0.11845557089076511, 0.007583113915829918, 0.3423819767222658, 0.7068991504372528, 0.0, 0.48393617797702754, 0.3489209694857778, 0.00740582688103455, 0.0, 0.0, 0.0, 0.0, 0.0, 0.0, 0.0, 0.0, 0.0, 0.0, 0.0, 
0.41938798810218786, 0.030514350878344258, 0.007210889106581379, 0.008878849690221405, 0.34538258016907053, 0.0, 0.0, 0.5377193856551173, 0.11845811683008295, 0.12364694356013821, 0.003791556957914959, 0.4358805457427519, 0.6941327211817673, 0.0, 0.49090147621418695, 0.4463131995509997, 0.006123467931285888, 0.0, 0.0, 0.0, 0.0, 0.0, 0.0, 0.0, 0.0, 0.0, 0.0, 0.0, 
0.42438319601727387, 0.031364410259142106, 0.009013611383226724, 0.008781088186890749, 0.43172822521133813, 0.0, 0.0, 0.5304067822798706, 0.127163030946563, 0.1288383162295113, 0.0, 0.5293791147632381, 0.6813662919262817, 0.0, 0.4978667744513464, 0.5437054296162216, 0.004841108981537227, 0.0, 0.0, 0.0, 0.0, 0.0, 0.0, 0.0, 0.0, 0.0, 0.0, 0.0, 
0.4624786963277887, 0.10694431480776768, 0.008990518777919138, 0.011891025790964741, 0.3536757062036039, 0.0, 0.0, 0.5181335698219334, 0.2845777679350482, 0.303070652983609, 0.0, 0.43746252323536583, 0.6897561187088391, 0.002910216345825497, 0.5017285782943814, 0.5577341968048762, 0.0047975243647516265, 0.0, 0.0, 0.0, 0.0, 0.0, 0.0, 0.0, 0.0, 0.0, 0.0, 0.0, 
0.5005741966383035, 0.18252421935639326, 0.008967426172611552, 0.015000963395038732, 0.27562318719586965, 0.0, 0.0, 0.5058603573639961, 0.4419925049235333, 0.4773029897377068, 0.0, 0.34554593170749354, 0.6981459454913966, 0.005820432691650994, 0.5055903821374166, 0.5717629639935309, 0.004753939747966026, 0.0, 0.0, 0.0, 0.0, 0.0, 0.0, 0.0, 0.0, 0.0, 0.0, 0.0, 
0.5386696969488184, 0.25810412390501886, 0.008944333567303966, 0.018110900999112722, 0.19757066818813546, 0.0, 0.0, 0.493587144906059, 0.5994072419120184, 0.6515353264918045, 0.0, 0.25362934017962124, 0.706535772273954, 0.00873064903747649, 0.5094521859804516, 0.5857917311821854, 0.004710355131180427, 0.0, 0.0, 0.0, 0.0, 0.0, 0.0, 0.0, 0.0, 0.0, 0.0, 0.0, 
0.5767651972593333, 0.3336840284536444, 0.00892124096199638, 0.021220838603186715, 0.11951814918040121, 0.0, 0.0, 0.4813139324481218, 0.7568219789005036, 0.8257676632459023, 0.0, 0.161712748651749, 0.7149255990565115, 0.011640865383301988, 0.5133139898234867, 0.5998204983708401, 0.004666770514394827, 0.0, 0.0, 0.0, 0.0, 0.0, 0.0, 0.0, 0.0, 0.0, 0.0, 0.0, 
0.6148606975698481, 0.40926393300227, 0.008898148356688795, 0.024330776207260707, 0.04146563017266699, 0.0, 0.0, 0.4690407199901846, 0.9142367158889888, 1.0, 0.0, 0.06979615712387677, 0.7233154258390689, 0.014551081729127485, 0.5171757936665218, 0.6138492655594947, 0.004623185897609227, 0.0, 0.0, 0.0, 0.0, 0.0, 0.0, 0.0, 0.0, 0.0, 0.0, 0.0, 
0.6737618186581423, 0.420225638215443, 0.014768037131349379, 0.15974042252613338, 0.15469780142093115, 0.0, 0.0, 0.4760245508096347, 0.931389372711191, 0.9881280404427262, 0.003492056876472912, 0.21098708724219495, 0.7500248758490646, 0.016444468698390516, 0.5181654172792697, 0.6117750194367579, 0.004710310905470849, 0.0, 0.0, 0.0, 0.0, 0.07891898287320044, 0.0, 0.0, 0.0, 0.0, 0.0, 0.0, 
0.7326629397464366, 0.43118734342861603, 0.020637925906009963, 0.29515006884500605, 0.26792997266919527, 0.0, 0.0, 0.4830083816290847, 0.9485420295333933, 0.9762560808854522, 0.006984113752945824, 0.35217801736051313, 0.7767343258590603, 0.01833785566765355, 0.5191550408920176, 0.6097007733140213, 0.004797435913332471, 0.0, 0.0, 0.0, 0.0, 0.15783796574640088, 0.0, 0.0, 0.0, 0.0, 0.0, 0.0, 
0.7915640608347309, 0.44214904864178906, 0.02650781468067055, 0.43055971516387875, 0.38116214391745945, 0.0, 0.0, 0.4899922124485348, 0.9656946863555955, 0.9643841213281784, 0.010476170629418736, 0.4933689474788313, 0.803443775869056, 0.020231242636916582, 0.5201446645047656, 0.6076265271912845, 0.004884560921194093, 0.0, 0.0, 0.0, 0.0, 0.23675694861960134, 0.0, 0.0, 0.0, 0.0, 0.0, 0.0, 
0.8504651819230251, 0.453110753854962, 0.03237770345533113, 0.5659693614827515, 0.4943943151657236, 0.0, 0.0, 0.49697604326798483, 0.9828473431777978, 0.9525121617709045, 0.013968227505891648, 0.6345598775971495, 0.8301532258790518, 0.022124629606179613, 0.5211342881175135, 0.6055522810685479, 0.004971685929055715, 0.0, 0.0, 0.0, 0.0, 0.31567593149280176, 0.0, 0.0, 0.0, 0.0, 0.0, 0.0, 
0.9093663030113194, 0.46407245906813505, 0.03824759222999172, 0.701379007801624, 0.6076264864139878, 0.0, 0.0, 0.5039598740874349, 1.0, 0.9406402022136306, 0.01746028438236456, 0.7757508077154677, 0.8568626758890475, 0.024018016575442648, 0.5221239117302614, 0.6034780349458111, 0.0050588109369173375, 0.0, 0.0, 0.0, 0.0, 0.3945949143660022, 0.0, 0.0, 0.0, 0.0, 0.0, 0.0, 
0.8260643452554919, 0.469066782077569, 0.0324083820285001, 0.5768611213298519, 0.5623062076025787, 0.0, 0.0, 0.49076365780292086, 0.8263162035477923, 0.9525121617709045, 0.013968227505891648, 0.7449717520760961, 0.8381926039407602, 0.026115375441378465, 0.5164719644423021, 0.5906301998889031, 0.005951402741793817, 0.0, 0.0, 0.0, 0.0, 0.31567593149280176, 0.0, 0.0, 0.0, 0.0, 0.0, 0.0, 
0.7427623874996645, 0.474061105087003, 0.026569171827008485, 0.45234323485807976, 0.5169859287911697, 0.0, 0.0, 0.47756744151840685, 0.6526324070955847, 0.9643841213281784, 0.010476170629418736, 0.7141926964367246, 0.8195225319924729, 0.028212734307314285, 0.5108200171543429, 0.5777823648319951, 0.0068439945466702975, 0.0, 0.0, 0.0, 0.0, 0.2367569486196013, 0.0, 0.0, 0.0, 0.0, 0.0, 0.0, 
0.6594604297438371, 0.4790554280964369, 0.020729961625516866, 0.3278253483863076, 0.47166564997976057, 0.0, 0.0, 0.4643712252338928, 0.478948610643377, 0.9762560808854522, 0.006984113752945824, 0.683413640797353, 0.8008524600441855, 0.0303100931732501, 0.5051680698663836, 0.5649345297750872, 0.007736586351546777, 0.0, 0.0, 0.0, 0.0, 0.15783796574640085, 0.0, 0.0, 0.0, 0.0, 0.0, 0.0, 
0.5761584719880096, 0.4840497511058709, 0.01489075142402525, 0.20330746191453553, 0.4263453711683515, 0.0, 0.0, 0.4511750089493788, 0.30526481419116935, 0.9881280404427262, 0.003492056876472912, 0.6526345851579816, 0.7821823880958982, 0.03240745203918592, 0.4995161225784243, 0.5520866947181792, 0.008629178156423258, 0.0, 0.0, 0.0, 0.0, 0.07891898287320043, 0.0, 0.0, 0.0, 0.0, 0.0, 0.0, 
0.4928565142321822, 0.48904407411530487, 0.009051541222533635, 0.07878957544276348, 0.38102509235694243, 0.0, 0.0, 0.4379787926648647, 0.13158101773896166, 1.0, 0.0, 0.62185552951861, 0.763512316147611, 0.03450481090512174, 0.49386417529046506, 0.5392388596612712, 0.009521769961299737, 0.0, 0.0, 0.0, 0.0, 0.0, 0.0, 0.0, 0.0, 0.0, 0.0, 0.0, 
0.48115982330649826, 0.4788502589017743, 0.014757579485958391, 0.07279296086548859, 0.39085104312973085, 0.0019363326457954104, 0.007946755995497767, 0.4358015852656276, 0.12726068517725908, 0.9952996723346692, 0.0, 0.6415345082071942, 0.8108098529180887, 0.0432567141805028, 0.4912294802487375, 0.5365214536518526, 0.009749154300592325, 0.0, 0.0, 0.0, 0.0, 0.0, 0.0, 0.0, 0.0, 0.0, 0.0, 0.0, 
0.46946313238081433, 0.4686564436882437, 0.02046361774938315, 0.06679634628821368, 0.40067699390251926, 0.003872665291590821, 0.015893511990995535, 0.4336243778663905, 0.12294035261555647, 0.9905993446693384, 0.0, 0.6612134868957784, 0.8581073896885666, 0.052008617455883865, 0.48859478520701, 0.533804047642434, 0.00997653863988491, 0.0, 0.0, 0.0, 0.0, 0.0, 0.0, 0.0, 0.0, 0.0, 0.0, 0.0, 
0.4577664414551304, 0.4584626284747131, 0.0261696560128079, 0.06079973171093879, 0.4105029446753077, 0.005808997937386231, 0.023840267986493302, 0.4314471704671534, 0.11862002005385387, 0.9858990170040076, 0.0, 0.6808924655843626, 0.9054049264590444, 0.060760520731264936, 0.4859600901652824, 0.5310866416330154, 0.010203922979177498, 0.0, 0.0, 0.0, 0.0, 0.0, 0.0, 0.0, 0.0, 0.0, 0.0, 0.0, 
0.4460697505294465, 0.4482688132611825, 0.03187569427623266, 0.0548031171336639, 0.4203288954480961, 0.007745330583181642, 0.03178702398199107, 0.4292699630679163, 0.11429968749215128, 0.9811986893386768, 0.0, 0.7005714442729468, 0.9527024632295222, 0.069512424006646, 0.4833253951235549, 0.528369235623597, 0.010431307318470084, 0.0, 0.0, 0.0, 0.0, 0.0, 0.0, 0.0, 0.0, 0.0, 0.0, 0.0, 
0.43437305960376255, 0.43807499804765193, 0.037581732539657416, 0.048806502556389, 0.4301548462208845, 0.009681663228977053, 0.03973377997748884, 0.4270927556686792, 0.10997935493044868, 0.976498361673346, 0.0, 0.720250422961531, 1.0, 0.07826432728202706, 0.48069070008182735, 0.5256518296141783, 0.010658691657762672, 0.0, 0.0, 0.0, 0.0, 0.0, 0.0, 0.0, 0.0, 0.0, 0.0, 0.0, 
0.35305336375123697, 0.35661609945405387, 0.03094059487830233, 0.040821841885665316, 0.4261364423864342, 0.008656022523976445, 0.03178702398199107, 0.41716301780887644, 0.10428409801485518, 0.9811986893386768, 0.0, 0.706857532253011, 0.9646429452035399, 0.22527262540288173, 0.4714144445060447, 0.4320963186577185, 0.014605415186494636, 0.0, 0.0, 0.0, 0.0, 0.0, 0.0, 0.0, 0.0, 0.0, 0.0, 0.0, 
0.27173366789871134, 0.2751572008604558, 0.024299457216947238, 0.032837181214941634, 0.422118038551984, 0.007630381818975836, 0.023840267986493302, 0.4072332799490736, 0.09858884109926166, 0.9858990170040076, 0.0, 0.693464641544491, 0.9292858904070798, 0.37228092352373643, 0.46213818893026204, 0.3385408077012587, 0.018552138715226603, 0.0, 0.0, 0.0, 0.0, 0.0, 0.0, 0.0, 0.0, 0.0, 0.0, 0.0, 
0.19041397204618576, 0.1936983022668578, 0.017658319555592147, 0.02485252054421795, 0.4180996347175337, 0.006604741113975228, 0.015893511990995535, 0.3973035420892708, 0.09289358418366817, 0.9905993446693384, 0.0, 0.6800717508359709, 0.8939288356106196, 0.519289221644591, 0.45286193335447944, 0.24498529674479896, 0.022498862243958567, 0.0, 0.0, 0.0, 0.0, 0.0, 0.0, 0.0, 0.0, 0.0, 0.0, 0.0, 
0.10909427619366019, 0.11223940367325974, 0.01101718189423706, 0.01686785987349427, 0.41408123088308346, 0.00557910040897462, 0.007946755995497767, 0.387373804229468, 0.08719832726807467, 0.9952996723346692, 0.0, 0.6666788601274509, 0.8585717808141595, 0.6662975197654457, 0.4435856777786968, 0.15142978578833916, 0.02644558577269053, 0.0, 0.0, 0.0, 0.0, 0.0, 0.0, 0.0, 0.0, 0.0, 0.0, 0.0, 
0.027774580341134593, 0.03078050507966169, 0.0043760442328819715, 0.008883199202770585, 0.41006282704863317, 0.004553459703974011, 0.0, 0.3774440663696652, 0.08150307035248115, 1.0, 0.0, 0.6532859694189309, 0.8232147260176994, 0.8133058178863004, 0.43430942220291413, 0.05787427483187937, 0.030392309301422494, 0.0, 0.0, 0.0, 0.0, 0.0, 0.0, 0.0, 0.0, 0.0, 0.0, 0.0, 
0.022219664272907676, 0.02462440406372935, 0.0035008353863055773, 0.007106559362216468, 0.3315936154620075, 0.003642767763179209, 0.0, 0.3072792344818138, 0.07722579629460946, 1.0, 0.0, 0.5271240442493277, 0.7995360369305038, 0.668780437511965, 0.4349422796763319, 0.057920667980674204, 0.02669038519196691, 0.0, 0.0, 0.0, 0.0, 0.0, 0.0, 0.0, 0.0, 0.0, 0.0, 0.0, 
0.016664748204680755, 0.018468303047797015, 0.002625626539729183, 0.005329919521662351, 0.2531244038753819, 0.0027320758223844067, 0.0, 0.23711440259396238, 0.07294852223673776, 1.0, 0.0, 0.40096211907972434, 0.7758573478433082, 0.5242550571376298, 0.4355751371497497, 0.05796706112946904, 0.022988461082511333, 0.0, 0.0, 0.0, 0.0, 0.0, 0.0, 0.0, 0.0, 0.0, 0.0, 0.0, 
0.011109832136453834, 0.012312202031864675, 0.0017504176931527884, 0.0035532796811082335, 0.17465519228875623, 0.0018213838815896045, 0.0, 0.16694957070611097, 0.06867124817886607, 1.0, 0.0, 0.27480019391012106, 0.7521786587561126, 0.37972967676329444, 0.43620799462316745, 0.05801345427826388, 0.01928653697305575, 0.0, 0.0, 0.0, 0.0, 0.0, 0.0, 0.0, 0.0, 0.0, 0.0, 0.0, 
0.005554916068226917, 0.006156101015932339, 0.0008752088465763942, 0.0017766398405541168, 0.09618598070213058, 0.0009106919407948022, 0.0, 0.09678473881825955, 0.06439397412099437, 1.0, 0.0, 0.14863826874051778, 0.728499969668917, 0.23520429638895912, 0.43684085209658524, 0.05805984742705872, 0.015584612863600168, 0.0, 0.0, 0.0, 0.0, 0.0, 0.0, 0.0, 0.0, 0.0, 0.0, 0.0, 
0.0, 0.0, 0.0, 0.0, 0.01771676911550495, 0.0, 0.0, 0.026619906930408166, 0.060116700063122676, 1.0, 0.0, 0.022476343570914464, 0.7048212805817213, 0.09067891601462373, 0.43747370957000303, 0.058106240575853556, 0.011882688754144584, 0.0, 0.0, 0.0, 0.0, 0.0, 0.0, 0.0, 0.0, 0.0, 0.0, 0.0, 
0.08911839812759585, 0.0008700594381892592, 0.0, 0.0, 0.01507694714973414, 0.0, 0.0, 0.10022566460777985, 0.059112132210754405, 1.0, 0.0, 0.018860328914777784, 0.704974145052006, 0.08866690703191213, 0.4459903465479998, 0.0545059985577831, 0.010440117763710425, 0.0, 0.0, 0.0, 0.0, 0.0, 0.0, 0.0, 0.0, 0.0, 0.0, 0.0, 
0.1782367962551917, 0.0017401188763785185, 0.0, 0.0, 0.012437125183963331, 0.0, 0.0, 0.17383142228515153, 0.058107564358386134, 1.0, 0.0, 0.015244314258641107, 0.7051270095222907, 0.08665489804920053, 0.45450698352599656, 0.05090575653971264, 0.008997546773276266, 0.0, 0.0, 0.0, 0.0, 0.0, 0.0, 0.0, 0.0, 0.0, 0.0, 0.0, 
0.26735519438278754, 0.0026101783145677775, 0.0, 0.0, 0.009797303218192523, 0.0, 0.0, 0.2474371799625232, 0.057102996506017856, 1.0, 0.0, 0.011628299602504426, 0.7052798739925753, 0.08464288906648892, 0.4630236205039933, 0.04730551452164218, 0.007554975782842108, 0.0, 0.0, 0.0, 0.0, 0.0, 0.0, 0.0, 0.0, 0.0, 0.0, 0.0, 
0.3564735925103834, 0.003480237752757037, 0.0, 0.0, 0.007157481252421714, 0.0, 0.0, 0.3210429376398949, 0.056098428653649585, 1.0, 0.0, 0.008012284946367748, 0.70543273846286, 0.08263088008377732, 0.4715402574819901, 0.043705272503571715, 0.006112404792407949, 0.0, 0.0, 0.0, 0.0, 0.0, 0.0, 0.0, 0.0, 0.0, 0.0, 0.0, 
0.4455919906379793, 0.0043502971909462965, 0.0, 0.0, 0.004517659286650905, 0.0, 0.0, 0.3946486953172666, 0.055093860801281314, 1.0, 0.0, 0.004396270290231069, 0.7055856029331447, 0.08061887110106572, 0.48005689445998684, 0.04010503048550126, 0.00466983380197379, 0.0, 0.0, 0.0, 0.0, 0.0, 0.0, 0.0, 0.0, 0.0, 0.0, 0.0, 
0.43681956293377655, 0.009675249225405155, 0.0, 0.0, 0.003614127429320724, 0.0, 0.0, 0.3902499779324425, 0.04722270529755241, 1.0, 0.0, 0.003517016232184855, 0.6635313147830798, 0.17131059260087045, 0.46947627972548883, 0.035736329927679895, 0.0037358670415790322, 0.0, 0.0, 0.0, 0.0, 0.0, 0.0, 0.0, 0.0, 0.0, 0.0, 0.0, 
0.4280471352295738, 0.015000201259864013, 0.0, 0.0, 0.0027105955719905427, 0.0, 0.0, 0.38585126054761837, 0.039351549793823506, 1.0, 0.0, 0.0026377621741386415, 0.621477026633015, 0.2620023141006752, 0.4588956649909908, 0.03136762936985854, 0.002801900281184274, 0.0, 0.0, 0.0, 0.0, 0.0, 0.0, 0.0, 0.0, 0.0, 0.0, 0.0, 
0.41927470752537105, 0.02032515329432287, 0.0, 0.0, 0.0018070637146603615, 0.0, 0.0, 0.38145254316279426, 0.03148039429009461, 0.9999999999999999, 0.0, 0.001758508116092428, 0.57942273848295, 0.35269403560047985, 0.4483150502564929, 0.02699892881203718, 0.0018679335207895161, 0.0, 0.0, 0.0, 0.0, 0.0, 0.0, 0.0, 0.0, 0.0, 0.0, 0.0, 
0.4105022798211683, 0.02565010532878173, 0.0, 0.0, 0.0009035318573301808, 0.0, 0.0, 0.37705382577797014, 0.023609238786365706, 0.9999999999999999, 0.0, 0.000879254058046214, 0.5373684503328852, 0.4433857571002846, 0.43773443552199487, 0.022630228254215817, 0.0009339667603947581, 0.0, 0.0, 0.0, 0.0, 0.0, 0.0, 0.0, 0.0, 0.0, 0.0, 0.0, 
0.4017298521169656, 0.030975057363240587, 0.0, 0.0, 0.0, 0.0, 0.0, 0.37265510839314603, 0.0157380832826368, 0.9999999999999999, 0.0, 0.0, 0.4953141621828203, 0.5340774786000894, 0.42715382078749686, 0.01826152769639446, 0.0, 0.0, 0.0, 0.0, 0.0, 0.0, 0.0, 0.0, 0.0, 0.0, 0.0, 0.0, 
0.40513359026748114, 0.10316927535486246, 0.005416283521189834, 0.0, 0.07551093964102638, 0.0, 0.0, 0.37868640363362577, 0.09899449315355748, 0.9999999999999999, 0.000960126644626699, 0.004739567503673819, 0.5396190746007442, 0.5860551782970002, 0.43286386047715675, 0.01733526063944683, 0.0, 0.0, 0.0, 0.0, 0.0, 0.0, 0.0, 0.0, 0.0, 0.0, 0.0, 0.0, 
0.40853732841799667, 0.17536349334648432, 0.010832567042379669, 0.0, 0.15102187928205277, 0.0, 0.0, 0.3847176988741055, 0.18225090302447813, 0.9999999999999999, 0.001920253289253398, 0.009479135007347638, 0.5839239870186681, 0.638032877993911, 0.4385739001668166, 0.016408993582499205, 0.0, 0.0, 0.0, 0.0, 0.0, 0.0, 0.0, 0.0, 0.0, 0.0, 0.0, 0.0, 
0.41194106656851215, 0.2475577113381062, 0.016248850563569502, 0.0, 0.22653281892307914, 0.0, 0.0, 0.3907489941145853, 0.2655073128953988, 1.0, 0.002880379933880097, 0.014218702511021458, 0.6282288994365921, 0.6900105776908217, 0.44428393985647646, 0.015482726525551577, 0.0, 0.0, 0.0, 0.0, 0.0, 0.0, 0.0, 0.0, 0.0, 0.0, 0.0, 0.0, 
0.4153448047190277, 0.31975192932972807, 0.021665134084759338, 0.0, 0.30204375856410554, 0.0, 0.0, 0.39678028935506504, 0.3487637227663195, 1.0, 0.003840506578506796, 0.018958270014695276, 0.672533811854516, 0.7419882773877325, 0.4499939795461363, 0.01455645946860395, 0.0, 0.0, 0.0, 0.0, 0.0, 0.0, 0.0, 0.0, 0.0, 0.0, 0.0, 0.0, 
0.4187485428695432, 0.3919461473213499, 0.027081417605949173, 0.0, 0.37755469820513193, 0.0, 0.0, 0.4028115845955448, 0.43202013263724015, 1.0, 0.004800633223133495, 0.023697837518369094, 0.7168387242724399, 0.7939659770846433, 0.4557040192357962, 0.013630192411656323, 0.0, 0.0, 0.0, 0.0, 0.0, 0.0, 0.0, 0.0, 0.0, 0.0, 0.0, 0.0, 
0.4189488773893446, 0.3928996763296303, 0.02341015199998225, 0.0, 0.3777658314631452, 0.0, 0.0, 0.40777621982717865, 0.44117841450741824, 1.0, 0.006949566842876844, 0.02158907914478469, 0.6595273044275063, 0.7940802217892464, 0.4593082973734867, 0.011847496123982684, 0.0, 0.0, 0.0, 0.0, 0.0, 0.0, 0.0, 0.0, 0.0, 0.0, 0.0, 0.0, 
0.41914921190914606, 0.3938532053379107, 0.019738886394015324, 0.0, 0.37797696472115844, 0.0, 0.0, 0.41274085505881253, 0.45033669637759627, 1.0, 0.009098500462620191, 0.01948032077120028, 0.6022158845825727, 0.7941944664938495, 0.46291257551117726, 0.010064799836309046, 0.0, 0.0, 0.0, 0.0, 0.0, 0.0, 0.0, 0.0, 0.0, 0.0, 0.0, 0.0, 
0.41934954642894745, 0.3948067343461911, 0.016067620788048402, 0.0, 0.3781880979791717, 0.0, 0.0, 0.41770549029044635, 0.45949497824777435, 1.0, 0.01124743408236354, 0.017371562397615874, 0.5449044647376391, 0.7943087111984526, 0.4665168536488678, 0.008282103548635409, 0.0, 0.0, 0.0, 0.0, 0.0, 0.0, 0.0, 0.0, 0.0, 0.0, 0.0, 0.0, 
0.4195498809487489, 0.3957602633544715, 0.012396355182081478, 0.0, 0.37839923123718494, 0.0, 0.0, 0.4226701255220802, 0.4686532601179524, 1.0, 0.01339636770210689, 0.015262804024031469, 0.4875930448927055, 0.7944229559030557, 0.47012113178655834, 0.00649940726096177, 0.0, 0.0, 0.0, 0.0, 0.0, 0.0, 0.0, 0.0, 0.0, 0.0, 0.0, 0.0, 
0.4197502154685503, 0.3967137923627519, 0.008725089576114555, 0.0, 0.3786103644951982, 0.0, 0.0, 0.4276347607537141, 0.4778115419881305, 1.0, 0.015545301321850238, 0.013154045650447064, 0.4302816250477719, 0.7945372006076588, 0.4737254099242489, 0.004716710973288131, 0.0, 0.0, 0.0, 0.0, 0.0, 0.0, 0.0, 0.0, 0.0, 0.0, 0.0, 0.0, 
0.4169119910970565, 0.3956639520690705, 0.006980071660891644, 0.0026861036862807306, 0.3944474471431578, 0.0019238909433155933, 0.0019547366021594017, 0.42830969181965145, 0.4833667439182684, 0.9954289101448621, 0.018521273124162525, 0.016725740335887227, 0.4725133751674068, 0.835629760486127, 0.45986861880359464, 0.005556147234910196, 0.0, 0.0, 0.0, 0.0, 0.0035563168964083945, 0.0, 0.0, 0.0, 0.0, 0.0, 0.0, 0.0017371993535592399, 
0.41407376672556273, 0.39461411177538913, 0.005235053745668733, 0.005372207372561461, 0.41028452979111746, 0.0038477818866311866, 0.003909473204318803, 0.42898462288558886, 0.4889219458484063, 0.9908578202897244, 0.021497244926474816, 0.020297435021327387, 0.5147451252870417, 0.8767223203645953, 0.44601182768294034, 0.006395583496532261, 0.0, 0.0, 0.0, 0.0, 0.007112633792816789, 0.0, 0.0, 0.0, 0.0, 0.0, 0.0, 0.0034743987071184797, 
0.411235542354069, 0.39356427148170775, 0.003490035830445822, 0.008058311058842192, 0.4261216124390771, 0.00577167282994678, 0.005864209806478205, 0.4296595539515262, 0.49447714777854423, 0.9862867304345865, 0.024473216728787103, 0.02386912970676755, 0.5569768754066766, 0.9178148802430635, 0.4321550365622861, 0.007235019758154326, 0.0, 0.0, 0.0, 0.0, 0.010668950689225184, 0.0, 0.0, 0.0, 0.0, 0.0, 0.0, 0.005211598060677719, 
0.4083973179825752, 0.39251443118802637, 0.001745017915222911, 0.010744414745122922, 0.4419586950870368, 0.007695563773262373, 0.007818946408637607, 0.43033448501746363, 0.5000323497086822, 0.9817156405794487, 0.027449188531099393, 0.027440824392207713, 0.5992086255263116, 0.9589074401215317, 0.4182982454416318, 0.008074456019776391, 0.0, 0.0, 0.0, 0.0, 0.014225267585633578, 0.0, 0.0, 0.0, 0.0, 0.0, 0.0, 0.0069487974142369595, 
0.40555909361108144, 0.391464590894345, 0.0, 0.013430518431403653, 0.4577957777349964, 0.009619454716577967, 0.009773683010797007, 0.431009416083401, 0.5055875516388201, 0.9771445507243108, 0.03042516033341168, 0.031012519077647877, 0.6414403756459465, 1.0, 0.40444145432097756, 0.008913892281398456, 0.0, 0.0, 0.0, 0.0, 0.017781584482041972, 0.0, 0.0, 0.0, 0.0, 0.0, 0.0, 0.0086859967677962, 
0.41349464095231536, 0.3967420825153776, 0.0035408882114353808, 0.015504489312227032, 0.4668462322823643, 0.014584041962155623, 0.014304305549103013, 0.4429236057594577, 0.5304751063988086, 0.9817156405794487, 0.03824578321580213, 0.03162347672395185, 0.6728731842539087, 0.9928183709819322, 0.41445275803859943, 0.008126054947578442, 0.0052316880446057114, 0.0, 0.0, 0.0, 0.014225267585633578, 0.0, 0.0, 0.0, 0.0, 0.0, 0.0, 0.0069487974142369595, 
0.4214301882935493, 0.40201957413641026, 0.0070817764228707615, 0.017578460193050413, 0.4758966868297322, 0.01954862920773328, 0.01883492808740902, 0.45483779543551445, 0.5553626611587972, 0.9862867304345865, 0.04606640609819258, 0.03223443437025582, 0.704305992861871, 0.9856367419638643, 0.42446406175622126, 0.007338217613758427, 0.010463376089211423, 0.0, 0.0, 0.0, 0.010668950689225184, 0.0, 0.0, 0.0, 0.0, 0.0, 0.0, 0.005211598060677719, 
0.4293657356347832, 0.4072970657574429, 0.010622664634306143, 0.01965243107387379, 0.4849471413771001, 0.024513216453310935, 0.02336555062571502, 0.4667519851115711, 0.5802502159187857, 0.9908578202897244, 0.053887028980583035, 0.03284539201655979, 0.7357388014698332, 0.9784551129457965, 0.43447536547384313, 0.006550380279938412, 0.015695064133817133, 0.0, 0.0, 0.0, 0.007112633792816788, 0.0, 0.0, 0.0, 0.0, 0.0, 0.0, 0.00347439870711848, 
0.4373012829760171, 0.41257455737847554, 0.014163552845741523, 0.021726401954697168, 0.49399759592446796, 0.029477803698888593, 0.027896173164021026, 0.47866617478762785, 0.6051377706787743, 0.9954289101448621, 0.06170765186297349, 0.03345634966286376, 0.7671716100777954, 0.9712734839277286, 0.44448666919146496, 0.005762542946118397, 0.020926752178422846, 0.0, 0.0, 0.0, 0.003556316896408394, 0.0, 0.0, 0.0, 0.0, 0.0, 0.0, 0.00173719935355924, 
0.44523683031725103, 0.4178520489995082, 0.017704441057176903, 0.02380037283552055, 0.5030480504718359, 0.03444239094446625, 0.03242679570232703, 0.4905803644636846, 0.6300253254387628, 1.0, 0.06952827474536394, 0.03406730730916773, 0.7986044186857577, 0.9640918549096608, 0.45449797290908683, 0.004974705612298382, 0.026158440223028556, 0.0, 0.0, 0.0, 0.0, 0.0, 0.0, 0.0, 0.0, 0.0, 0.0, 0.0, 
0.44909946724749283, 0.41496835488226796, 0.01683048791223527, 0.01904029826841644, 0.492366531437839, 0.027553912755573, 0.030898931001725943, 0.4933261797055731, 0.5921590093803991, 1.0, 0.18393746100912425, 0.033436030886641134, 0.6568272859729454, 0.9412371788711317, 0.46239232300749056, 0.003979764489838706, 0.02359819516979688, 0.0008657544246714938, 0.0, 0.0, 0.0, 0.0, 0.0, 0.0, 0.0, 0.0, 0.0, 0.0, 
0.45296210417773464, 0.41208466076502775, 0.015956534767293643, 0.01428022370131233, 0.48168501240384204, 0.02066543456667975, 0.029371066301124855, 0.49607199494746157, 0.5542926933220355, 1.0, 0.29834664727288457, 0.03280475446411453, 0.5150501532601331, 0.9183825028326026, 0.4702866731058943, 0.0029848233673790293, 0.0210379501165652, 0.0017315088493429875, 0.0, 0.0, 0.0, 0.0, 0.0, 0.0, 0.0, 0.0, 0.0, 0.0, 
0.45682474110797644, 0.40920096664778755, 0.015082581622352011, 0.00952014913420822, 0.47100349336984515, 0.013776956377786503, 0.027843201600523768, 0.4988178101893501, 0.5164263772636719, 1.0, 0.4127558335366449, 0.03217347804158793, 0.37327302054732087, 0.8955278267940734, 0.47818102320429795, 0.0019898822449193527, 0.018477705063333526, 0.002597263274014481, 0.0, 0.0, 0.0, 0.0, 0.0, 0.0, 0.0, 0.0, 0.0, 0.0, 
0.46068737803821824, 0.40631727253054734, 0.01420862847741038, 0.00476007456710411, 0.4603219743358482, 0.006888478188893252, 0.026315336899922683, 0.5015636254312386, 0.47856006120530825, 1.0, 0.5271650198004052, 0.03154220161906133, 0.23149588783450858, 0.8726731507555443, 0.4860753733027017, 0.0009949411224596761, 0.01591746001010185, 0.003463017698685975, 0.0, 0.0, 0.0, 0.0, 0.0, 0.0, 0.0, 0.0, 0.0, 0.0, 
0.46455001496846005, 0.4034335784133071, 0.01333467533246875, 0.0, 0.4496404553018513, 0.0, 0.024787472199321595, 0.5043094406731271, 0.4406937451469446, 1.0, 0.6415742060641655, 0.030910925196534732, 0.08971875512169629, 0.8498184747170152, 0.4939697234011054, 0.0, 0.013357214956870173, 0.004328772123357469, 0.0, 0.0, 0.0, 0.0, 0.0, 0.0, 0.0, 0.0, 0.0, 0.0, 
0.37724367604401166, 0.32630747055187226, 0.010667740265975, 0.0, 0.3662260631579291, 0.0010428095786587334, 0.024219741875267518, 0.4884492454860962, 0.3579614063563541, 0.966476500013522, 0.6416264508446379, 0.02648290712022885, 0.2546994833638112, 0.8798547797736122, 0.48166013957803894, 0.0, 0.011597499596140122, 0.003463017698685975, 0.0, 0.0, 0.0, 0.0, 0.0, 0.0, 0.0, 0.0, 0.0, 0.0, 
0.28993733711956327, 0.24918136269043742, 0.00800080519948125, 0.0, 0.28281167101400695, 0.0020856191573174667, 0.02365201155121344, 0.4725890502990653, 0.27522906756576354, 0.9329530000270441, 0.6416786956251103, 0.02205488904392297, 0.41968021160592617, 0.9098910848302091, 0.46935055575497253, 0.0, 0.009837784235410072, 0.0025972632740144815, 0.0, 0.0, 0.0, 0.0, 0.0, 0.0, 0.0, 0.0, 0.0, 0.0, 
0.20263099819511493, 0.17205525482900258, 0.0053338701329875005, 0.0, 0.19939727887008474, 0.0031284287359762, 0.02308428122715936, 0.4567288551120344, 0.19249672877517301, 0.8994295000405661, 0.6417309404055828, 0.017626870967617086, 0.584660939848041, 0.9399273898868061, 0.45704097193190607, 0.0, 0.008078068874680024, 0.001731508849342988, 0.0, 0.0, 0.0, 0.0, 0.0, 0.0, 0.0, 0.0, 0.0, 0.0, 
0.11532465927066654, 0.09492914696756771, 0.0026669350664937502, 0.0, 0.11598288672616253, 0.004171238314634933, 0.02251655090310528, 0.4408686599250035, 0.10976438998458249, 0.8659060000540881, 0.6417831851860551, 0.013198852891311206, 0.749641668090156, 0.9699636949434031, 0.44473138810883966, 0.0, 0.006318353513949973, 0.000865754424671494, 0.0, 0.0, 0.0, 0.0, 0.0, 0.0, 0.0, 0.0, 0.0, 0.0, 
0.02801832034621814, 0.017803039106132824, 0.0, 0.0, 0.032568494582240336, 0.005214047893293667, 0.021948820579051204, 0.4250084647379726, 0.027032051193991918, 0.8323825000676102, 0.6418354299665275, 0.008770834815005324, 0.9146223963322709, 1.0, 0.4324218042857732, 0.0, 0.004558638153219923, 0.0, 0.0, 0.0, 0.0, 0.0, 0.0, 0.0, 0.0, 0.0, 0.0, 0.0, 
0.1093600586258316, 0.09680236237979323, 0.0018746966614625392, 0.003955134046794756, 0.10281544172985851, 0.00509675385922263, 0.021318135722454678, 0.4345063891644629, 0.03183479374531129, 0.8654499670843339, 0.713468343973222, 0.011525817710508384, 0.8427534572453473, 0.9204670687583038, 0.4433400302971597, 0.0, 0.0036469105225759384, 0.0008846977044807481, 0.0, 0.0, 0.0, 0.0, 0.0, 0.0, 0.0, 0.0, 0.0, 0.0, 
0.1907017969054451, 0.1758016856534536, 0.0037493933229250783, 0.007910268093589513, 0.1730623888774767, 0.004979459825151594, 0.020687450865858152, 0.44400431359095316, 0.03663753629663066, 0.8985174341010577, 0.7851012579799166, 0.014280800606011442, 0.7708845181584236, 0.8409341375166075, 0.45425825630854616, 0.0, 0.0027351828919319537, 0.0017693954089614962, 0.0, 0.0, 0.0, 0.0, 0.0, 0.0, 0.0, 0.0, 0.0, 0.0, 
0.2720435351850585, 0.25480100892711405, 0.005624089984387617, 0.011865402140384269, 0.24330933602509489, 0.004862165791080557, 0.02005676600926163, 0.4535022380174434, 0.041440278847950034, 0.9315849011177814, 0.8567341719866111, 0.017035783501514502, 0.6990155790715, 0.7614012062749114, 0.4651764823199327, 0.0, 0.0018234552612879694, 0.002654093113442244, 0.0, 0.0, 0.0, 0.0, 0.0, 0.0, 0.0, 0.0, 0.0, 0.0, 
0.353385273464672, 0.33380033220077443, 0.007498786645850157, 0.015820536187179025, 0.31355628317271306, 0.0047448717570095205, 0.019426081152665104, 0.46300016244393366, 0.046243021399269404, 0.9646523681345052, 0.9283670859933055, 0.019790766397017562, 0.6271466399845764, 0.6818682750332151, 0.47609470833131917, 0.0, 0.0009117276306439847, 0.0035387908179229923, 0.0, 0.0, 0.0, 0.0, 0.0, 0.0, 0.0, 0.0, 0.0, 0.0, 
0.43472701174428546, 0.4127996554744348, 0.009373483307312696, 0.019775670233973783, 0.38380323032033126, 0.004627577722938484, 0.01879539629606858, 0.47249808687042394, 0.05104576395058878, 0.9977198351512289, 1.0, 0.022545749292520623, 0.5552777008976528, 0.6023353437915189, 0.48701293434270565, 0.0, 0.0, 0.004423488522403741, 0.0, 0.0, 0.0, 0.0, 0.0, 0.0, 0.0, 0.0, 0.0, 0.0, 
0.456116887960396, 0.42128180342548344, 0.009258317025077916, 0.018875215535479183, 0.3841051642475472, 0.005520381034581413, 0.01693267777553941, 0.4745840856068977, 0.13352409899632994, 0.9506381234477637, 1.0, 0.022478800235935473, 0.4619755844824216, 0.6430587949878874, 0.4832910196043082, 0.0, 0.0, 0.0035387908179229923, 0.0, 0.0, 0.0, 0.006205956566802185, 0.0, 0.0, 0.0, 0.0, 0.0, 0.0, 
0.47750676417650656, 0.4297639513765321, 0.009143150742843135, 0.017974760836984578, 0.38440709817476315, 0.0064131843462243415, 0.015069959255010245, 0.47667008434337144, 0.21600243404207115, 0.9035564117442985, 1.0, 0.022411851179350326, 0.3686734680671903, 0.683782246184256, 0.47956910486591076, 0.0, 0.0, 0.0026540931134422445, 0.0, 0.0, 0.0, 0.01241191313360437, 0.0, 0.0, 0.0, 0.0, 0.0, 0.0, 
0.49889664039261705, 0.43824609932758074, 0.009027984460608356, 0.017074306138489974, 0.38470903210197915, 0.007305987657867271, 0.013207240734481079, 0.47875608307984524, 0.2984807690878123, 0.8564747000408333, 1.0, 0.022344902122765176, 0.27537135165195903, 0.7245056973806245, 0.47584719012751336, 0.0, 0.0, 0.0017693954089614966, 0.0, 0.0, 0.0, 0.018617869700406554, 0.0, 0.0, 0.0, 0.0, 0.0, 0.0, 
0.5202865166087276, 0.4467282472786294, 0.008912818178373576, 0.016173851439995373, 0.3850109660291951, 0.008198790969510199, 0.011344522213951911, 0.480842081816319, 0.3809591041335535, 0.8093929883373681, 1.0, 0.02227795306618003, 0.1820692352367278, 0.7652291485769931, 0.4721252753891159, 0.0, 0.0, 0.0008846977044807483, 0.0, 0.0, 0.0, 0.02482382626720874, 0.0, 0.0, 0.0, 0.0, 0.0, 0.0, 
0.5416763928248381, 0.45521039522967804, 0.008797651896138795, 0.01527339674150077, 0.38531289995641105, 0.009091594281153128, 0.009481803693422745, 0.48292808055279274, 0.46343743917929464, 0.7623112766339029, 1.0, 0.02221100400959488, 0.0887671188214966, 0.8059525997733616, 0.46840336065071847, 0.0, 0.0, 0.0, 0.0, 0.0, 0.0, 0.031029782834010925, 0.0, 0.0, 0.0, 0.0, 0.0, 0.0, 
0.5384458827832167, 0.43970342313516975, 0.007038121516911036, 0.016520944739088307, 0.3118548434106895, 0.007273275424922503, 0.014918237658711617, 0.47548928034091864, 0.4564661922015281, 0.7649893589046906, 1.0, 0.018656348470836526, 0.08916280686571242, 0.8151937301930425, 0.4634792289314691, 0.0, 0.0, 0.0, 0.0, 0.0, 0.0, 0.02482382626720874, 0.0, 0.0, 0.0, 0.0, 0.0, 0.0, 
0.5352153727415953, 0.42419645104066145, 0.005278591137683277, 0.017768492736675846, 0.23839678686496796, 0.005454956568691877, 0.020354671624000488, 0.46805048012904454, 0.44949494522376165, 0.7676674411754781, 1.0, 0.015101692932078175, 0.08955849490992822, 0.8244348606127234, 0.4585550972122197, 0.0, 0.0, 0.0, 0.0, 0.0, 0.0, 0.018617869700406554, 0.0, 0.0, 0.0, 0.0, 0.0, 0.0, 
0.5319848626999738, 0.40868947894615315, 0.003519060758455518, 0.019016040734263384, 0.1649387303192464, 0.0036366377124612513, 0.025791105589289362, 0.4606116799171704, 0.44252369824599513, 0.7703455234462658, 0.9999999999999999, 0.01154703739331982, 0.08995418295414404, 0.8336759910324043, 0.45363096549297033, 0.0, 0.0, 0.0, 0.0, 0.0, 0.0, 0.01241191313360437, 0.0, 0.0, 0.0, 0.0, 0.0, 0.0, 
0.5287543526583524, 0.3931825068516448, 0.001759530379227759, 0.020263588731850923, 0.09148067377352487, 0.0018183188562306257, 0.03122753955457823, 0.4531728797052963, 0.43555245126822867, 0.7730236057170534, 0.9999999999999999, 0.007992381854561468, 0.09034987099835984, 0.8429171214520852, 0.44870683377372095, 0.0, 0.0, 0.0, 0.0, 0.0, 0.0, 0.006205956566802184, 0.0, 0.0, 0.0, 0.0, 0.0, 0.0, 
0.5255238426167309, 0.3776755347571365, 0.0, 0.02151113672943846, 0.018022617227803343, 0.0, 0.0366639735198671, 0.4457340794934222, 0.42858120429046215, 0.7757016879878411, 0.9999999999999999, 0.004437726315803114, 0.09074555904257565, 0.8521582518717661, 0.44378270205447157, 0.0, 0.0, 0.0, 0.0, 0.0, 0.0, 0.0, 0.0, 0.0, 0.0, 0.0, 0.0, 0.0, 
0.548658946652887, 0.3074231187111843, 0.0, 0.025090512187784457, 0.017156864284563395, 0.0, 0.03531105233183658, 0.43932387756269714, 0.3501386123366889, 0.642486928358663, 0.9999999999999999, 0.007332417494801969, 0.07811408140576917, 0.8044688271916481, 0.4369172024699767, 0.0, 0.0, 0.0, 0.0, 0.0, 0.0, 0.0, 0.0, 0.0, 0.0, 0.0, 0.0, 0.0, 
0.5717940506890429, 0.23717070266523202, 0.0, 0.02866988764613045, 0.01629111134132345, 0.0, 0.03395813114380606, 0.43291367563197203, 0.2716960203829157, 0.5092721687294848, 0.9999999999999999, 0.010227108673800823, 0.0654826037689627, 0.7567794025115303, 0.4300517028854817, 0.0, 0.0, 0.0, 0.0, 0.0, 0.0, 0.0, 0.0, 0.0, 0.0, 0.0, 0.0, 0.0, 
0.5949291547251989, 0.16691828661927977, 0.0, 0.03224926310447644, 0.0154253583980835, 0.0, 0.03260520995577554, 0.42650347370124697, 0.19325342842914245, 0.3760574091003066, 1.0, 0.013121799852799678, 0.052851126132156215, 0.7090899778314124, 0.42318620330098683, 0.0, 0.0, 0.0, 0.0, 0.0, 0.0, 0.0, 0.0, 0.0, 0.0, 0.0, 0.0, 0.0, 
0.6180642587613548, 0.09666587057332754, 0.0, 0.03582863856282244, 0.014559605454843553, 0.0, 0.03125228876774501, 0.42009327177052186, 0.11481083647536922, 0.24284264947112844, 1.0, 0.016016491031798533, 0.04021964849534973, 0.6614005531512945, 0.4163207037164919, 0.0, 0.0, 0.0, 0.0, 0.0, 0.0, 0.0, 0.0, 0.0, 0.0, 0.0, 0.0, 0.0, 
0.6411993627975109, 0.026413454527375306, 0.0, 0.03940801402116843, 0.013693852511603606, 0.0, 0.029899367579714488, 0.4136830698397968, 0.036368244521595997, 0.10962788984195032, 1.0, 0.01891118221079739, 0.027588170858543253, 0.6137111284711766, 0.409455204131997, 0.0, 0.0, 0.0, 0.0, 0.0, 0.0, 0.0, 0.0, 0.0, 0.0, 0.0, 0.0, 0.0, 
0.5909702633312393, 0.098330460851623, 0.0, 0.04072281914150603, 0.013676858862020634, 0.0008710267265324033, 0.033262716964768624, 0.41641441700118553, 0.11021157800800808, 0.10293741202867675, 1.0, 0.015128945768637912, 0.03300005810426594, 0.6704830491148749, 0.41709064787143824, 0.0, 0.0, 0.0, 0.0, 0.0, 0.0, 0.0, 0.0, 0.0, 0.0, 0.0, 0.0, 0.0, 
0.5407411638649677, 0.17024746717587072, 0.0, 0.04203762426184362, 0.013659865212437661, 0.0017420534530648065, 0.03662606634982277, 0.4191457641625742, 0.18405491149442016, 0.09624693421540317, 1.0, 0.011346709326478433, 0.038411945349988624, 0.7272549697585732, 0.4247260916108795, 0.0, 0.0, 0.0, 0.0, 0.0, 0.0, 0.0, 0.0, 0.0, 0.0, 0.0, 0.0, 0.0, 
0.4905120643986961, 0.24216447350011844, 0.0, 0.043352429382181215, 0.013642871562854687, 0.0026130801795972098, 0.0399894157348769, 0.42187711132396294, 0.25789824498083225, 0.08955645640212959, 0.9999999999999999, 0.007564472884318954, 0.043823832595711314, 0.7840268904022715, 0.43236153535032074, 0.0, 0.0, 0.0, 0.0, 0.0, 0.0, 0.0, 0.0, 0.0, 0.0, 0.0, 0.0, 0.0, 
0.4402829649324245, 0.3140814798243661, 0.0, 0.044667234502518804, 0.013625877913271715, 0.003484106906129613, 0.04335276511993104, 0.4246084584853516, 0.33174157846724434, 0.08286597858885601, 0.9999999999999999, 0.003782236442159477, 0.049235719841434, 0.8407988110459698, 0.439996979089762, 0.0, 0.0, 0.0, 0.0, 0.0, 0.0, 0.0, 0.0, 0.0, 0.0, 0.0, 0.0, 0.0, 
0.39005386546615295, 0.3859984861486138, 0.0, 0.0459820396228564, 0.013608884263688743, 0.004355133632662016, 0.04671611450498518, 0.42733980564674034, 0.4055849119536564, 0.07617550077558244, 0.9999999999999999, 0.0, 0.05464760708715669, 0.897570731689668, 0.44763242282920324, 0.0, 0.0, 0.0, 0.0, 0.0, 0.0, 0.0, 0.0, 0.0, 0.0, 0.0, 0.0, 0.0, 
0.39539128459917944, 0.3920193114202811, 0.0018375546701505645, 0.15576504212783848, 0.01366632957147275, 0.003484106906129613, 0.046586943802058814, 0.4347167187746838, 0.410144796423654, 0.07433682386883439, 0.9999999999999999, 0.0028620470786990125, 0.0565306108265046, 0.8932879084096225, 0.44955818870410436, 0.0, 0.0, 0.0, 0.0, 0.0, 0.0, 0.0, 0.0, 0.0, 0.0, 0.0, 0.0, 0.0, 
0.4007287037322059, 0.3980401366919485, 0.003675109340301129, 0.26554804463282056, 0.013723774879256759, 0.0026130801795972098, 0.046457773099132446, 0.4420936319026273, 0.41470468089365153, 0.07249814696208633, 0.9999999999999999, 0.005724094157398025, 0.05841361456585251, 0.8890050851295769, 0.4514839545790054, 0.0, 0.0, 0.0, 0.0, 0.0, 0.0, 0.0, 0.0, 0.0, 0.0, 0.0, 0.0, 0.0, 
0.4060661228652324, 0.4040609619636158, 0.005512664010451694, 0.37533104713780263, 0.013781220187040769, 0.0017420534530648065, 0.04632860239620608, 0.44947054503057077, 0.41926456536364914, 0.07065947005533828, 1.0, 0.008586141236097038, 0.06029661830520043, 0.8847222618495313, 0.45340972045390654, 0.0, 0.0, 0.0, 0.0, 0.0, 0.0, 0.0, 0.0, 0.0, 0.0, 0.0, 0.0, 0.0, 
0.4114035419982589, 0.41008178723528316, 0.007350218680602258, 0.4851140496427847, 0.013838665494824777, 0.0008710267265324033, 0.04619943169327971, 0.45684745815851424, 0.4238244498336467, 0.06882079314859021, 1.0, 0.01144818831479605, 0.06217962204454834, 0.8804394385694857, 0.4553354863288076, 0.0, 0.0, 0.0, 0.0, 0.0, 0.0, 0.0, 0.0, 0.0, 0.0, 0.0, 0.0, 0.0, 
0.4167409611312854, 0.41610261250695046, 0.009187773350752822, 0.5948970521477668, 0.013896110802608785, 0.0, 0.04607026099035334, 0.4642243712864577, 0.42838433430364425, 0.06698211624184217, 1.0, 0.014310235393495062, 0.06406262578389625, 0.8761566152894401, 0.4572612522037087, 0.0, 0.0, 0.0, 0.0, 0.0, 0.0, 0.0, 0.0, 0.0, 0.0, 0.0, 0.0, 0.0, 
0.423495793817207, 0.4199417974412322, 0.012738267990739117, 0.5964899631801174, 0.13175399691474854, 0.0009726281912174539, 0.04184628540971341, 0.4680583807392305, 0.4366731566008001, 0.0648750912107865, 1.0, 0.01872033047895465, 0.05812154424800163, 0.8835126737438458, 0.4613072938546264, 0.0, 0.0, 0.0, 0.0, 0.0, 0.0, 0.0, 0.0, 0.0, 0.0, 0.0, 0.0, 0.0, 
0.43025062650312856, 0.423780982375514, 0.016288762630725408, 0.5980828742124681, 0.2496118830268883, 0.0019452563824349078, 0.03762230982907348, 0.4718923901920033, 0.44496197889795597, 0.06276806617973081, 1.0, 0.02313042556441424, 0.052180462712107, 0.8908687321982515, 0.4653533355055441, 0.0, 0.0, 0.0, 0.0, 0.0, 0.0, 0.0, 0.0, 0.0, 0.0, 0.0, 0.0, 0.0, 
0.43700545918905015, 0.42762016730979574, 0.019839257270711702, 0.5996757852448187, 0.36746976913902807, 0.0029178845736523617, 0.033398334248433546, 0.47572639964477603, 0.4532508011951118, 0.06066104114867514, 1.0, 0.027540520649873827, 0.04623938117621238, 0.8982247906526571, 0.46939937715646174, 0.0, 0.0, 0.0, 0.0, 0.0, 0.0, 0.0, 0.0, 0.0, 0.0, 0.0, 0.0, 0.0, 
0.44376029187497174, 0.4314593522440775, 0.023389751910697996, 0.6012686962771694, 0.48532765525116783, 0.0038905127648698155, 0.029174358667793616, 0.4795604090975488, 0.4615396234922677, 0.05855401611761946, 1.0, 0.031950615735333414, 0.04029829964031775, 0.9055808491070628, 0.47344541880737945, 0.0, 0.0, 0.0, 0.0, 0.0, 0.0, 0.0, 0.0, 0.0, 0.0, 0.0, 0.0, 0.0, 
0.4505151245608933, 0.43529853717835926, 0.02694024655068429, 0.60286160730952, 0.6031855413633076, 0.004863140956087269, 0.024950383087153687, 0.4833944185503216, 0.4698284457894235, 0.056446991086563786, 1.0, 0.036360710820793, 0.03435721810442313, 0.9129369075614685, 0.4774914604582971, 0.0, 0.0, 0.0, 0.0, 0.0, 0.0, 0.0, 0.0, 0.0, 0.0, 0.0, 0.0, 0.0, 
0.44569155371977026, 0.4302298860267532, 0.023326396273483065, 0.6504857892251149, 0.5958497656400313, 0.0038905127648698155, 0.025187763058945937, 0.4823042342534835, 0.46863556714755683, 0.05757347564184245, 1.0, 0.03961380373014065, 0.034517398603037645, 0.862917104654588, 0.462664882857529, 0.0, 0.0, 0.0, 0.0, 0.0, 0.0, 0.0, 0.0, 0.0, 0.0, 0.0, 0.0, 0.0, 
0.44086798287864715, 0.4251612348751472, 0.01971254599628184, 0.6981099711407097, 0.588513989916755, 0.0029178845736523617, 0.025425143030738187, 0.4812140499566454, 0.46744268850569015, 0.05869996019712112, 1.0, 0.0428668966394883, 0.03467757910165216, 0.8128973017477076, 0.4478383052567609, 0.0, 0.0, 0.0, 0.0, 0.0, 0.0, 0.0, 0.0, 0.0, 0.0, 0.0, 0.0, 0.0, 
0.4360444120375241, 0.42009258372354114, 0.016098695719080618, 0.7457341530563046, 0.5811782141934787, 0.0019452563824349078, 0.02566252300253044, 0.4801238656598073, 0.46624980986382353, 0.059826444752399795, 0.9999999999999999, 0.04611998954883595, 0.03483775960026668, 0.7628774988408271, 0.43301172765599283, 0.0, 0.0, 0.0, 0.0, 0.0, 0.0, 0.0, 0.0, 0.0, 0.0, 0.0, 0.0, 0.0, 
0.431220841196401, 0.4150239325719351, 0.012484845441879392, 0.7933583349718996, 0.5738424384702023, 0.0009726281912174539, 0.02589990297432269, 0.4790336813629692, 0.46505693122195685, 0.06095292930767846, 0.9999999999999999, 0.0493730824581836, 0.03499794009888119, 0.7128576959339465, 0.4181851500552247, 0.0, 0.0, 0.0, 0.0, 0.0, 0.0, 0.0, 0.0, 0.0, 0.0, 0.0, 0.0, 0.0, 
0.4263972703552779, 0.40995528142032905, 0.008870995164678167, 0.8409825168874944, 0.5665066627469261, 0.0, 0.02613728294611494, 0.4779434970661311, 0.46386405258009017, 0.06207941386295713, 0.9999999999999999, 0.052626175367531246, 0.03515812059749571, 0.6628378930270661, 0.4033585724544566, 0.0, 0.0, 0.0, 0.0, 0.0, 0.0, 0.0, 0.0, 0.0, 0.0, 0.0, 0.0, 0.0, 
0.42245101918692635, 0.4097584443506471, 0.007096796131742533, 0.8027235965239198, 0.5764127826081459, 0.002662438414753353, 0.026571405500237167, 0.47349923956628365, 0.4570823168204863, 0.062387165988164406, 0.9999999999999999, 0.17965234352878054, 0.034973476805045846, 0.7146156786158306, 0.40759402937335343, 0.0, 0.0, 0.0, 0.0, 0.0, 0.0, 0.0, 0.0, 0.0, 0.0, 0.0, 0.0, 0.0, 
0.4185047680185748, 0.40956160728096513, 0.0053225970988069, 0.7644646761603452, 0.5863189024693656, 0.005324876829506706, 0.027005528054359393, 0.4690549820664362, 0.4503005810608824, 0.06269491811337169, 0.9999999999999999, 0.3066785116900298, 0.03478883301259599, 0.7663934642045952, 0.41182948629225025, 0.0, 0.0, 0.0, 0.0, 0.0, 0.0, 0.0, 0.0, 0.0, 0.0, 0.0, 0.0, 0.0, 
0.4145585168502232, 0.4093647702112832, 0.0035483980658712663, 0.7262057557967705, 0.5962250223305854, 0.007987315244260058, 0.027439650608481615, 0.46461072456658875, 0.44351884530127855, 0.06300267023857897, 1.0, 0.4337046798512791, 0.03460418922014613, 0.8181712497933598, 0.416064943211147, 0.0, 0.0, 0.0, 0.0, 0.0, 0.0, 0.0, 0.0, 0.0, 0.0, 0.0, 0.0, 0.0, 
0.41061226568187165, 0.4091679331416012, 0.0017741990329356331, 0.6879468354331959, 0.6061311421918051, 0.010649753659013411, 0.02787377316260384, 0.4601664670667413, 0.43673710954167466, 0.06331042236378624, 1.0, 0.5607308480125284, 0.03441954542769628, 0.8699490353821244, 0.4203004001300438, 0.0, 0.0, 0.0, 0.0, 0.0, 0.0, 0.0, 0.0, 0.0, 0.0, 0.0, 0.0, 0.0, 
0.4066660145135201, 0.4089710960719193, 0.0, 0.6496879150696213, 0.6160372620530249, 0.013312192073766764, 0.028307895716726067, 0.45572220956689385, 0.42995537378207077, 0.06361817448899353, 1.0, 0.6877570161737777, 0.034234901635246416, 0.921726820970889, 0.42453585704894065, 0.0, 0.0, 0.0, 0.0, 0.0, 0.0, 0.0, 0.0, 0.0, 0.0, 0.0, 0.0, 0.0, 
0.4039750916497765, 0.4081302108181766, 0.0, 0.6689765756627711, 0.5979364318454006, 0.010649753659013411, 0.022646316573380853, 0.45673678428306924, 0.43459487439062244, 0.05699408072176154, 1.0, 0.5737085910583484, 0.027387921308197134, 0.8506571845335901, 0.42539763704963757, 0.0, 0.0, 0.0, 0.0, 0.0, 0.0, 0.0, 0.0, 0.0, 0.0, 0.0, 0.0, 0.0, 
0.40128416878603296, 0.40728932556443387, 0.0, 0.688265236255921, 0.5798356016377763, 0.007987315244260058, 0.01698473743003564, 0.45775135899924463, 0.4392343749991741, 0.05036998695452956, 1.0, 0.45966016594291914, 0.02054094098114785, 0.779587548096291, 0.4262594170503345, 0.0, 0.0, 0.0, 0.0, 0.0, 0.0, 0.0, 0.0, 0.0, 0.0, 0.0, 0.0, 0.0, 
0.3985932459222894, 0.4064484403106911, 0.0, 0.7075538968490709, 0.561734771430152, 0.005324876829506706, 0.011323158286690428, 0.45876593371541996, 0.44387387560772584, 0.043745893187297574, 1.0, 0.3456117408274898, 0.013693960654098565, 0.7085179116589921, 0.42712119705103135, 0.0, 0.0, 0.0, 0.0, 0.0, 0.0, 0.0, 0.0, 0.0, 0.0, 0.0, 0.0, 0.0, 
0.39590232305854584, 0.4056075550569484, 0.0, 0.7268425574422207, 0.5436339412225277, 0.002662438414753353, 0.005661579143345214, 0.45978050843159535, 0.4485133762162775, 0.03712179942006559, 1.0, 0.2315633157120605, 0.0068469803270492825, 0.6374482752216932, 0.4279829770517283, 0.0, 0.0, 0.0, 0.0, 0.0, 0.0, 0.0, 0.0, 0.0, 0.0, 0.0, 0.0, 0.0, 
0.3932114001948023, 0.4047666698032057, 0.0, 0.7461312180353705, 0.5255331110149034, 0.0, 0.0, 0.46079508314777073, 0.4531528768248292, 0.030497705652833607, 1.0, 0.1175148905966312, 0.0, 0.5663786387843943, 0.4288447570524252, 0.0, 0.0, 0.0, 0.0, 0.0, 0.0, 0.0, 0.0, 0.0, 0.0, 0.0, 0.0, 0.0, 
0.40381323915734085, 0.4111716590773589, 0.08167384518447122, 0.7850810260407196, 0.5624001427223047, 0.004019434954275968, 0.008138801716741422, 0.4713478910480292, 0.4637368566998841, 0.02537093815029618, 1.0, 0.2817825199758257, 0.0, 0.6058613342517912, 0.4319339692360153, 0.0, 0.0, 0.0, 0.0, 0.0, 0.0, 0.0, 0.0, 0.0, 0.0, 0.0, 0.0, 0.0, 
0.41441507811987943, 0.4175766483515121, 0.16334769036894245, 0.8240308340460686, 0.5992671744297059, 0.008038869908551936, 0.016277603433482845, 0.4819006989482877, 0.47432083657493906, 0.020244170647758755, 1.0, 0.4460501493550202, 0.0, 0.6453440297191881, 0.4350231814196054, 0.0, 0.0, 0.0, 0.0, 0.0, 0.0, 0.0, 0.0, 0.0, 0.0, 0.0, 0.0, 0.0, 
0.42501691708241807, 0.4239816376256653, 0.24502153555341366, 0.8629806420514177, 0.6361342061371071, 0.012058304862827903, 0.024416405150224266, 0.49245350684854616, 0.48490481644999406, 0.015117403145221333, 1.0, 0.6103177787342148, 0.0, 0.6848267251865852, 0.4381123936031954, 0.0, 0.0, 0.0, 0.0, 0.0, 0.0, 0.0, 0.0, 0.0, 0.0, 0.0, 0.0, 0.0, 
0.43561875604495665, 0.4303866268998185, 0.3266953807378849, 0.9019304500567666, 0.6730012378445085, 0.01607773981710387, 0.03255520686696569, 0.5030063147488046, 0.495488796325049, 0.009990635642683907, 1.0, 0.7745854081134093, 0.0, 0.7243094206539821, 0.4412016057867855, 0.0, 0.0, 0.0, 0.0, 0.0, 0.0, 0.0, 0.0, 0.0, 0.0, 0.0, 0.0, 0.0, 
0.4462205950074952, 0.4367916161739717, 0.40836922592235614, 0.9408802580621157, 0.7098682695519097, 0.020097174771379837, 0.040694008583707114, 0.5135591226490631, 0.5060727762001039, 0.004863868140146482, 1.0, 0.9388530374926037, 0.0, 0.763792116121379, 0.4442908179703756, 0.0, 0.0, 0.0, 0.0, 0.0, 0.0, 0.0, 0.0, 0.0, 0.0, 0.0, 0.0, 0.0, 
0.44766127462435057, 0.43372473674951606, 0.328478579845523, 0.9527042064496926, 0.6669017645715656, 0.01607773981710387, 0.03342471591096481, 0.5112918239866249, 0.49941224166386633, 0.0038910945121171854, 0.9497240839646555, 0.9019271762500294, 0.0, 0.7335394555478352, 0.446434436070616, 0.0, 0.0, 0.0, 0.0, 0.0, 0.0, 0.0, 0.0, 0.0, 0.0, 0.0, 0.0, 0.0, 
0.4491019542412059, 0.4306578573250604, 0.24858793376868984, 0.9645281548372694, 0.6239352595912213, 0.012058304862827902, 0.026155423238222515, 0.5090245253241866, 0.4927517071276287, 0.002918320884087889, 0.8994481679293109, 0.8650013150074549, 0.0, 0.7032867949742915, 0.4485780541708564, 0.0, 0.0, 0.0, 0.0, 0.0, 0.0, 0.0, 0.0, 0.0, 0.0, 0.0, 0.0, 0.0, 
0.45054263385806126, 0.42759097790060474, 0.1686972876918567, 0.9763521032248463, 0.5809687546108772, 0.008038869908551934, 0.018886130565480212, 0.5067572266617485, 0.48609117259139106, 0.0019455472560585925, 0.8491722518939664, 0.8280754537648806, 0.0, 0.6730341344007477, 0.4507216722710968, 0.0, 0.0, 0.0, 0.0, 0.0, 0.0, 0.0, 0.0, 0.0, 0.0, 0.0, 0.0, 0.0, 
0.4519833134749166, 0.4245240984761491, 0.08880664161502355, 0.9881760516124232, 0.538002249630533, 0.004019434954275966, 0.011616837892737913, 0.5044899279993103, 0.47943063805515346, 0.0009727736280292962, 0.7988963358586219, 0.7911495925223062, 0.0, 0.642781473827204, 0.45286529037133716, 0.0, 0.0, 0.0, 0.0, 0.0, 0.0, 0.0, 0.0, 0.0, 0.0, 0.0, 0.0, 0.0, 
0.45342399309177195, 0.4214572190516934, 0.008915995538190365, 1.0, 0.49503574465018874, 0.0, 0.004347545219995612, 0.502222629336872, 0.47277010351891585, 0.0, 0.7486204198232773, 0.7542237312797317, 0.0, 0.6125288132536602, 0.45500890847157754, 0.0, 0.0, 0.0, 0.0, 0.0, 0.0, 0.0, 0.0, 0.0, 0.0, 0.0, 0.0, 0.0, 
0.36914713538472976, 0.41318269378459477, 0.00893720036547701, 0.8302737995998524, 0.5103289871561144, 0.0, 0.009753021602471258, 0.4917181010875299, 0.46334740927332674, 0.0027744692420396755, 0.7360626133222972, 0.7503373249256393, 0.0, 0.6660338061688993, 0.36753562133375084, 0.0, 0.0, 0.0, 0.0, 0.0, 0.0, 0.0, 0.0, 0.0, 0.0, 0.0, 0.0, 0.0, 
0.2848702776776876, 0.40490816851749606, 0.008958405192763657, 0.6605475991997046, 0.5256222296620401, 0.0, 0.015158497984946905, 0.4812135728381878, 0.45392471502773757, 0.005548938484079351, 0.723504806821317, 0.7464509185715469, 0.0, 0.7195387990841384, 0.2800623341959241, 0.0, 0.0, 0.0, 0.0, 0.0, 0.0, 0.0, 0.0, 0.0, 0.0, 0.0, 0.0, 0.0, 
0.2005934199706454, 0.3966336432503974, 0.008979610020050302, 0.4908213987995569, 0.5409154721679658, 0.0, 0.02056397436742255, 0.47070904458884566, 0.44450202078214845, 0.008323407726119027, 0.710947000320337, 0.7425645122174545, 0.0, 0.7730437919993776, 0.19258904705809737, 0.0, 0.0, 0.0, 0.0, 0.0, 0.0, 0.0, 0.0, 0.0, 0.0, 0.0, 0.0, 0.0, 
0.11631656226360321, 0.3883591179832987, 0.009000814847336948, 0.32109519839940925, 0.5562087146738914, 0.0, 0.025969450749898197, 0.46020451633950354, 0.4350793265365593, 0.011097876968158702, 0.6983891938193568, 0.738678105863362, 0.0, 0.8265487849146167, 0.10511575992027061, 0.0, 0.0, 0.0, 0.0, 0.0, 0.0, 0.0, 0.0, 0.0, 0.0, 0.0, 0.0, 0.0, 
0.03203970455656103, 0.38008459271620004, 0.009022019674623594, 0.15136899799926162, 0.5715019571798171, 0.0, 0.031374927132373845, 0.44969998809016143, 0.42565663229097017, 0.013872346210198378, 0.6858313873183767, 0.7347916995092696, 0.0, 0.8800537778298558, 0.017642472782443908, 0.0, 0.0, 0.0, 0.0, 0.0, 0.0, 0.0, 0.0, 0.0, 0.0, 0.0, 0.0, 0.0, 
0.12752734148704845, 0.40471394936411254, 0.10228722088320137, 0.32109519839940925, 0.6054772124849483, 0.005114646572742682, 0.03411772744690702, 0.4663219825540145, 0.4463460465074376, 0.014962206794241937, 0.7291136779707242, 0.765701814749126, 0.0027641934486265117, 0.9000590662766792, 0.10548909984553045, 0.0, 0.0, 0.0, 0.0, 0.0, 0.0, 0.0, 0.0, 0.0, 0.0, 0.0, 0.0, 0.0, 
0.22301497841753587, 0.4293433060120251, 0.19555242209177914, 0.49082139879955694, 0.6394524677900796, 0.010229293145485364, 0.03686052776144019, 0.4829439770178676, 0.46703546072390506, 0.016052067378285496, 0.7723959686230718, 0.7966119299889824, 0.005528386897253023, 0.9200643547235026, 0.193335726908617, 0.0, 0.0, 0.0, 0.0, 0.0, 0.0, 0.0, 0.0, 0.0, 0.0, 0.0, 0.0, 0.0, 
0.31850261534802327, 0.4539726626599376, 0.2888176233003569, 0.6605475991997046, 0.6734277230952108, 0.015343939718228046, 0.03960332807597336, 0.49956597148172066, 0.4877248749403725, 0.017141927962329054, 0.8156782592754193, 0.8275220452288388, 0.008292580345879534, 0.9400696431703258, 0.28118235397170355, 0.0, 0.0, 0.0, 0.0, 0.0, 0.0, 0.0, 0.0, 0.0, 0.0, 0.0, 0.0, 0.0, 
0.4139902522785107, 0.47860201930785007, 0.38208282450893466, 0.8302737995998523, 0.7074029784003419, 0.020458586290970728, 0.042346128390506534, 0.5161879659455738, 0.50841428915684, 0.018231788546372613, 0.8589605499277668, 0.8584321604686952, 0.011056773794506047, 0.9600749316171492, 0.3690289810347901, 0.0, 0.0, 0.0, 0.0, 0.0, 0.0, 0.0, 0.0, 0.0, 0.0, 0.0, 0.0, 0.0, 
0.5094778892089982, 0.5032313759557626, 0.47534802571751245, 0.9999999999999999, 0.7413782337054732, 0.025573232863713408, 0.04508892870503971, 0.5328099604094269, 0.5291037033733074, 0.01932164913041617, 0.9022428405801144, 0.8893422757085516, 0.013820967243132557, 0.9800802200639726, 0.45687560809787664, 0.0, 0.0, 0.0, 0.0, 0.0, 0.0, 0.0, 0.0, 0.0, 0.0, 0.0, 0.0, 0.0, 
0.6075823113671985, 0.4840760259075374, 0.38119043476756753, 0.9595186612404231, 0.7403139170841936, 0.020458586290970728, 0.04056359561539051, 0.5148069520677534, 0.4326878690270392, 0.015457319304332936, 0.8961525162876992, 0.9080242726360528, 0.011056773794506047, 0.9443725207747645, 0.4429471845336283, 0.0, 0.0, 0.0, 0.0, 0.0, 0.0, 0.0, 0.0, 0.0, 0.0, 0.0, 0.0, 0.008562829025312729, 
0.7056867335253989, 0.4649206758593121, 0.2870328438176227, 0.9190373224808462, 0.739249600462914, 0.015343939718228044, 0.03603826252574132, 0.4968039437260799, 0.33627203468077105, 0.011592989478249702, 0.890062191995284, 0.9267062695635538, 0.008292580345879534, 0.9086648214855566, 0.42901876096937996, 0.0, 0.0, 0.0, 0.0, 0.0, 0.0, 0.0, 0.0, 0.0, 0.0, 0.0, 0.0, 0.017125658050625457, 
0.8037911556835993, 0.4457653258110869, 0.19287525286767782, 0.8785559837212695, 0.7381852838416343, 0.010229293145485362, 0.03151292943609213, 0.47880093538440643, 0.23985620033450294, 0.007728659652166469, 0.8839718677028687, 0.945388266491055, 0.005528386897253023, 0.8729571221963486, 0.41509033740513157, 0.0, 0.0, 0.0, 0.0, 0.0, 0.0, 0.0, 0.0, 0.0, 0.0, 0.0, 0.0, 0.025688487075938186, 
0.9018955778417996, 0.42660997576286164, 0.0987176619177329, 0.8380746449616927, 0.7371209672203547, 0.00511464657274268, 0.026987596346442932, 0.4607979270427329, 0.14344036598823479, 0.0038643298260832345, 0.8778815434104535, 0.9640702634185561, 0.002764193448626511, 0.8372494229071406, 0.40116191384088323, 0.0, 0.0, 0.0, 0.0, 0.0, 0.0, 0.0, 0.0, 0.0, 0.0, 0.0, 0.0, 0.034251316101250914, 
1.0, 0.4074546257146364, 0.0045600709677880635, 0.7975933062021159, 0.7360566505990751, 0.0, 0.02246226325679374, 0.44279491870105947, 0.0470245316419666, 0.0, 0.8717912191180384, 0.9827522603460572, 0.0, 0.8015417236179326, 0.3872334902766349, 0.0, 0.0, 0.0, 0.0, 0.0, 0.0, 0.0, 0.0, 0.0, 0.0, 0.0, 0.0, 0.04281414512656364, 
1.0, 0.400807655393208, 0.003648056774230451, 0.7652517042870514, 0.7212414153635264, 0.0009505989202427693, 0.023406746741732945, 0.4448699489710536, 0.1271891184091225, 0.0, 0.8166422627891832, 0.9608858905101237, 0.0008876014273560221, 0.8148513439325843, 0.39257198888727435, 0.0, 0.0, 0.0, 0.0, 0.0, 0.0, 0.0, 0.0, 0.0, 0.0, 0.0, 0.0, 0.034251316101250914, 
1.0, 0.3941606850717796, 0.002736042580672838, 0.7329101023719868, 0.7064261801279776, 0.0019011978404855387, 0.02435123022667215, 0.4469449792410477, 0.20735370517627844, 0.0, 0.7614933064603281, 0.9390195206741903, 0.0017752028547120442, 0.828160964247236, 0.39791048749791375, 0.0, 0.0, 0.0, 0.0, 0.0, 0.0, 0.0, 0.0, 0.0, 0.0, 0.0, 0.0, 0.025688487075938182, 
1.0, 0.3875137147503511, 0.0018240283871152254, 0.7005685004569224, 0.6916109448924288, 0.002851796760728308, 0.025295713711611358, 0.4490200095110418, 0.28751829194343437, 0.0, 0.7063443501314729, 0.9171531508382568, 0.0026628042820680663, 0.8414705845618875, 0.4032489861085532, 0.0, 0.0, 0.0, 0.0, 0.0, 0.0, 0.0, 0.0, 0.0, 0.0, 0.0, 0.0, 0.017125658050625454, 
1.0, 0.3808667444289227, 0.0009120141935576127, 0.6682268985418579, 0.6767957096568801, 0.0038023956809710774, 0.026240197196550567, 0.45109503978103593, 0.36768287871059024, 0.0, 0.6511953938026178, 0.8952867810023233, 0.0035504057094240885, 0.8547802048765392, 0.4085874847191926, 0.0, 0.0, 0.0, 0.0, 0.0, 0.0, 0.0, 0.0, 0.0, 0.0, 0.0, 0.0, 0.008562829025312725, 
1.0, 0.3742197741074943, 0.0, 0.6358852966267934, 0.6619804744213313, 0.004752994601213847, 0.027184680681489774, 0.45317007005103005, 0.4478474654777462, 0.0, 0.5960464374737626, 0.8734204111663898, 0.0044380071367801106, 0.8680898251911908, 0.41392598332983205, 0.0, 0.0, 0.0, 0.0, 0.0, 0.0, 0.0, 0.0, 0.0, 0.0, 0.0, 0.0, 0.0, 
0.9263486373799146, 0.29937581928599544, 0.0, 0.6010660892312931, 0.6538244250912987, 0.005737047446177471, 0.03143260319657741, 0.44119102007362215, 0.3647414721962768, 0.0, 0.5814856474204315, 0.8987363289331118, 0.0035504057094240885, 0.8539628891987517, 0.33753044319680403, 0.0, 0.0, 0.0, 0.0, 0.0, 0.002802241438780663, 0.0, 0.0, 0.0, 0.0, 0.0, 0.0, 0.0008663410701409125, 
0.8526972747598293, 0.22453186446449658, 0.0, 0.566246881835793, 0.645668375761266, 0.006721100291141096, 0.03568052571166505, 0.4292119700962143, 0.28163547891480734, 0.0, 0.5669248573671005, 0.9240522466998339, 0.0026628042820680663, 0.8398359532063128, 0.26113490306377596, 0.0, 0.0, 0.0, 0.0, 0.0, 0.005604482877561326, 0.0, 0.0, 0.0, 0.0, 0.0, 0.0, 0.001732682140281825, 
0.7790459121397438, 0.14968790964299772, 0.0, 0.5314276744402927, 0.6375123264312332, 0.0077051531361047206, 0.03992844822675269, 0.4172329201188064, 0.19852948563333794, 0.0, 0.5523640673137694, 0.9493681644665559, 0.0017752028547120442, 0.8257090172138737, 0.1847393629307479, 0.0, 0.0, 0.0, 0.0, 0.0, 0.008406724316341988, 0.0, 0.0, 0.0, 0.0, 0.0, 0.0, 0.002599023210422737, 
0.7053945495196585, 0.07484395482149886, 0.0, 0.4966084670447925, 0.6293562771012006, 0.008689205981068345, 0.04417637074184033, 0.4052538701413986, 0.11542349235186855, 0.0, 0.5378032772604384, 0.974684082233278, 0.0008876014273560221, 0.8115820812214347, 0.10834382279771987, 0.0, 0.0, 0.0, 0.0, 0.0, 0.011208965755122651, 0.0, 0.0, 0.0, 0.0, 0.0, 0.0, 0.00346536428056365, 
0.6317431868995731, 0.0, 0.0, 0.4617892596492923, 0.6212002277711679, 0.009673258826031969, 0.048424293256927965, 0.3932748201639907, 0.03231749907039916, 0.0, 0.5232424872071073, 1.0, 0.0, 0.7974551452289956, 0.03194828266469183, 0.0, 0.0, 0.0, 0.0, 0.0, 0.014011207193903315, 0.0, 0.0, 0.0, 0.0, 0.0, 0.0, 0.0043317053507045625, 
0.6033552219853364, 0.0, 0.0, 0.36943140771943384, 0.6307640300814437, 0.01103177659912597, 0.04140804068970903, 0.40407005410555025, 0.033671766327400945, 0.0, 0.5299396063310301, 1.0, 0.0, 0.7427250235705753, 0.10913590467281492, 0.0, 0.0, 0.0, 0.0, 0.0, 0.011208965755122651, 0.0, 0.0, 0.0, 0.0, 0.0, 0.003923813889384889, 0.00346536428056365, 
0.5749672570710996, 0.0, 0.0, 0.2770735557895754, 0.6403278323917193, 0.01239029437221997, 0.034391788122490094, 0.4148652880471098, 0.03502603358440273, 0.0, 0.5366367254549529, 1.0, 0.0, 0.6879949019121551, 0.18632352668093802, 0.0, 0.0, 0.0, 0.0, 0.0, 0.008406724316341988, 0.0, 0.0, 0.0, 0.0, 0.0, 0.007847627778769777, 0.0025990232104227376, 
0.5465792921568629, 0.0, 0.0, 0.18471570385971692, 0.6498916347019951, 0.013748812145313972, 0.027375535555271162, 0.4256605219886694, 0.03638030084140452, 0.0, 0.5433338445788758, 1.0, 0.0, 0.6332647802537348, 0.2635111486890611, 0.0, 0.0, 0.0, 0.0, 0.0, 0.005604482877561327, 0.0, 0.0, 0.0, 0.0, 0.0, 0.011771441668154666, 0.0017326821402818254, 
0.5181913272426262, 0.0, 0.0, 0.09235785192985846, 0.6594554370122707, 0.015107329918407972, 0.02035928298805223, 0.43645575593022895, 0.0377345680984063, 0.0, 0.5500309637027986, 1.0, 0.0, 0.5785346585953145, 0.34069877069718424, 0.0, 0.0, 0.0, 0.0, 0.0, 0.0028022414387806633, 0.0, 0.0, 0.0, 0.0, 0.0, 0.015695255557539554, 0.0008663410701409127, 
0.48980336232838945, 0.0, 0.0, 0.0, 0.6690192393225465, 0.016465847691501972, 0.013343030420833296, 0.4472509898717885, 0.03908883535540809, 0.0, 0.5567280828267214, 1.0, 0.0, 0.5238045369368942, 0.4178863927053073, 0.0, 0.0, 0.0, 0.0, 0.0, 0.0, 0.0, 0.0, 0.0, 0.0, 0.0, 0.01961906944692444, 0.0, 
0.4854652558905118, 0.08532557679243705, 0.001760302372123938, 0.0027900437120674196, 0.6510337358871919, 0.01628679112305162, 0.014271943349401043, 0.4629686446397577, 0.13400377422645607, 0.0, 0.44921651294714277, 0.8307573454738171, 0.0, 0.5883545637570659, 0.42041373255726844, 0.0, 0.0, 0.0, 0.0, 0.0, 0.0898074880458163, 0.0, 0.0, 0.0, 0.0, 0.010293014462521432, 0.03232843649806769, 0.1609926303725556, 
0.4811271494526342, 0.1706511535848741, 0.003520604744247876, 0.005580087424134839, 0.6330482324518374, 0.01610773455460127, 0.01520085627796879, 0.47868629940772683, 0.22891871309750406, 0.0, 0.34170494306756416, 0.6615146909476342, 0.0, 0.6529045905772375, 0.42294107240922957, 0.0, 0.0, 0.0, 0.0, 0.0, 0.1796149760916326, 0.0, 0.0, 0.0, 0.0, 0.020586028925042864, 0.04503780354921094, 0.3219852607451112, 
0.4767890430147565, 0.25597673037731117, 0.005280907116371815, 0.008370131136202259, 0.6150627290164827, 0.015928677986150917, 0.016129769206536537, 0.49440395417569605, 0.32383365196855207, 0.0, 0.2341933731879855, 0.49227203642145134, 0.0, 0.7174546173974091, 0.4254684122611907, 0.0, 0.0, 0.0, 0.0, 0.0, 0.2694224641374489, 0.0, 0.0, 0.0, 0.0, 0.030879043387564295, 0.0577471706003542, 0.48297789111766676, 
0.47245093657687887, 0.3413023071697482, 0.007041209488495752, 0.011160174848269679, 0.5970772255811282, 0.015749621417700567, 0.017058682135104284, 0.5101216089436652, 0.41874859083960003, 0.0, 0.1266818033084069, 0.3230293818952684, 0.0, 0.7820046442175808, 0.42799575211315183, 0.0, 0.0, 0.0, 0.0, 0.0, 0.3592299521832652, 0.0, 0.0, 0.0, 0.0, 0.04117205785008573, 0.07045653765149745, 0.6439705214902224, 
0.46811283013900123, 0.4266278839621852, 0.00880151186061969, 0.013950218560337098, 0.5790917221457736, 0.015570564849250214, 0.01798759506367203, 0.5258392637116344, 0.513663529710648, 0.0, 0.019170233428828315, 0.15378672736908547, 0.0, 0.8465546710377524, 0.43052309196511296, 0.0, 0.0, 0.0, 0.0, 0.0, 0.4490374402290815, 0.0, 0.0, 0.0, 0.0, 0.05146507231260716, 0.08316590470264071, 0.804963151862778, 
0.3771995439072684, 0.4507213832380139, 0.01265929081803415, 0.011160174848269679, 0.46509636804810806, 0.012456451879400171, 0.01747867949135808, 0.5105093341947953, 0.4202167157476778, 0.0, 0.015336186743062651, 0.12482350991024865, 0.0, 0.8631234012065716, 0.3444184735720904, 0.0, 0.0, 0.0, 0.0, 0.0, 0.3630608148058695, 0.0, 0.0, 0.0, 0.0, 0.05354843677678383, 0.07687842692172575, 0.6503670819728578, 
0.28628625767553556, 0.4748148825138426, 0.01651706977544861, 0.008370131136202259, 0.3511010139504424, 0.009342338909550128, 0.016969763919044128, 0.4951794046779562, 0.32676990178470766, 0.0, 0.01150214005729699, 0.09586029245141182, 0.0, 0.8796921313753907, 0.2583138551790678, 0.0, 0.0, 0.0, 0.0, 0.0, 0.27708418938265744, 0.0, 0.0, 0.0, 0.0, 0.055631801240960496, 0.07059094914081081, 0.49577101208293745, 
0.19537297144380272, 0.4989083817896713, 0.02037484873286307, 0.005580087424134839, 0.23710565985277676, 0.0062282259397000855, 0.016460848346730176, 0.4798494751611171, 0.2333230878217375, 0.0, 0.007668093371531327, 0.066897074992575, 0.0, 0.8962608615442099, 0.17220923678604516, 0.0, 0.0, 0.0, 0.0, 0.0, 0.19110756395944545, 0.0, 0.0, 0.0, 0.0, 0.05771516570513716, 0.06430347135989585, 0.34117494219301714, 
0.10445968521206989, 0.5230018810654999, 0.02423262769027753, 0.0027900437120674196, 0.12311030575511117, 0.0031141129698500428, 0.015951932774416224, 0.46451954564427794, 0.13987627385876733, 0.0, 0.0038340466857656637, 0.03793385753373818, 0.0, 0.912829591713029, 0.08610461839302258, 0.0, 0.0, 0.0, 0.0, 0.0, 0.1051309385362334, 0.0, 0.0, 0.0, 0.0, 0.05979853016931383, 0.0580159935789809, 0.1865788723030969, 
0.013546398980337045, 0.5470953803413287, 0.028090406647691985, 0.0, 0.009114951657445585, 0.0, 0.015443017202102272, 0.44918961612743885, 0.04642945989579715, 0.0, 0.0, 0.008970640074901353, 0.0, 0.9293983218818482, 0.0, 0.0, 0.0, 0.0, 0.0, 0.0, 0.01915431311302136, 0.0, 0.0, 0.0, 0.0, 0.061881894633490496, 0.05172851579806595, 0.03198280241317659, 
0.017592804121626657, 0.5419214832725514, 0.11510396236964907, 0.0, 0.015846722392520877, 0.00669297631813223, 0.012354413761681818, 0.4450163599935021, 0.12496840118688653, 0.0, 0.0, 0.007176512059921082, 0.0, 0.8862673339813487, 0.0, 0.0, 0.0, 0.0, 0.0, 0.0, 0.015323450490417088, 0.0, 0.0, 0.0, 0.0, 0.2495055157067924, 0.060103741290504706, 0.029316162479401563, 
0.021639209262916268, 0.536747586203774, 0.20211751809160616, 0.0, 0.022578493127596168, 0.01338595263626446, 0.009265810321261364, 0.4408431038595653, 0.20350734247797592, 0.0, 0.0, 0.005382384044940812, 0.0, 0.8431363460808491, 0.0, 0.0, 0.0, 0.0, 0.0, 0.0, 0.011492587867812815, 0.0, 0.0, 0.0, 0.0, 0.4371291367800943, 0.06847896678294346, 0.026649522545626535, 
0.02568561440420588, 0.5315736891349968, 0.28913107381356323, 0.0, 0.029310263862671458, 0.02007892895439669, 0.006177206880840908, 0.43666984772562856, 0.28204628376906526, 0.0, 0.0, 0.0035882560299605407, 0.0, 0.8000053581803496, 0.0, 0.0, 0.0, 0.0, 0.0, 0.0, 0.007661725245208542, 0.0, 0.0, 0.0, 0.0, 0.6247527578533962, 0.07685419227538223, 0.02398288261185151, 
0.02973201954549549, 0.5263997920662195, 0.3761446295355203, 0.0, 0.03604203459774675, 0.02677190527252892, 0.003088603440420454, 0.4324965915916918, 0.36058522506015467, 0.0, 0.0, 0.0017941280149802704, 0.0, 0.7568743702798499, 0.0, 0.0, 0.0, 0.0, 0.0, 0.0, 0.003830862622604271, 0.0, 0.0, 0.0, 0.0, 0.8123763789266981, 0.08522941776782099, 0.021316242678076483, 
0.0337784246867851, 0.5212258949974422, 0.4631581852574774, 0.0, 0.04277380533282204, 0.033464881590661154, 0.0, 0.42832333545775503, 0.43912416635124407, 0.0, 0.0, 0.0, 0.0, 0.7137433823793504, 0.0, 0.0, 0.0, 0.0, 0.0, 0.0, 0.0, 0.0, 0.0, 0.0, 0.0, 1.0, 0.09360464326025975, 0.01864960274430146, 
0.14500388126948355, 0.5233606051953733, 0.44989172855608894, 0.003715320284020618, 0.13585942747812227, 0.035971395687065734, 0.0, 0.44216348737607025, 0.3586617438553361, 0.0, 0.0, 0.0, 0.0, 0.6586425492474726, 0.0, 0.0, 0.0, 0.0, 0.0, 0.0, 0.0, 0.0, 0.0, 0.0, 0.0, 1.0, 0.24245756098581733, 0.025408636635429586, 
0.256229337852182, 0.5254953153933044, 0.43662527185470046, 0.007430640568041236, 0.2289450496234225, 0.038477909783470314, 0.0, 0.45600363929438553, 0.2781993213594282, 0.0, 0.0, 0.0, 0.0, 0.6035417161155947, 0.0, 0.0, 0.0, 0.0, 0.0, 0.0, 0.0, 0.0, 0.0, 0.0, 0.0, 1.0, 0.3913104787113749, 0.03216767052655771, 
0.36745479443488044, 0.5276300255912356, 0.42335881515331203, 0.011145960852061855, 0.3220306717687227, 0.0409844238798749, 0.0, 0.46984379121270076, 0.19773689886352028, 0.0, 0.0, 0.0, 0.0, 0.5484408829837168, 0.0, 0.0, 0.0, 0.0, 0.0, 0.0, 0.0, 0.0, 0.0, 0.0, 0.0, 1.0, 0.5401633964369326, 0.03892670441768584, 
0.4786802510175789, 0.5297647357891667, 0.41009235845192354, 0.014861281136082472, 0.41511629391402294, 0.04349093797627948, 0.0, 0.48368394313101604, 0.11727447636761235, 0.0, 0.0, 0.0, 0.0, 0.49334004985183894, 0.0, 0.0, 0.0, 0.0, 0.0, 0.0, 0.0, 0.0, 0.0, 0.0, 0.0, 1.0, 0.6890163141624901, 0.045685738308813964, 
0.5899057076002773, 0.5318994459870978, 0.3968259017505351, 0.01857660142010309, 0.5082019160593232, 0.04599745207268406, 0.0, 0.49752409504933126, 0.03681205387170446, 0.0, 0.0, 0.0, 0.0, 0.4382392167199611, 0.0, 0.0, 0.0, 0.0, 0.0, 0.0, 0.0, 0.0, 0.0, 0.0, 0.0, 1.0, 0.8378692318880477, 0.0524447721999421, 
0.4719245660802218, 0.5073112755504597, 0.3249588861004513, 0.014861281136082472, 0.40656153284745855, 0.03679796165814725, 0.0, 0.39976856827202023, 0.02944964309736357, 0.0046701093959632765, 0.0, 0.0, 0.0, 0.3560936407944634, 0.0, 0.0, 0.0, 0.0, 0.0, 0.0, 0.0, 0.0, 0.0, 0.0, 0.0, 0.9591043097007472, 0.7799147549262092, 0.06264494444056704, 
0.35394342456016636, 0.4827231051138217, 0.25309187045036746, 0.011145960852061853, 0.3049211496355939, 0.027598471243610437, 0.0, 0.3020130414947092, 0.022087232323022676, 0.009340218791926553, 0.0, 0.0, 0.0, 0.2739480648689657, 0.0, 0.0, 0.0, 0.0, 0.0, 0.0, 0.0, 0.0, 0.0, 0.0, 0.0, 0.9182086194014943, 0.7219602779643707, 0.07284511668119198, 
0.2359622830401109, 0.4581349346771837, 0.18122485480028364, 0.007430640568041234, 0.20328076642372928, 0.018398980829073625, 0.0, 0.20425751471739811, 0.014724821548681787, 0.01401032818788983, 0.0, 0.0, 0.0, 0.19180248894346802, 0.0, 0.0, 0.0, 0.0, 0.0, 0.0, 0.0, 0.0, 0.0, 0.0, 0.0, 0.8773129291022416, 0.6640058010025321, 0.08304528892181692, 
0.11798114152005545, 0.4335467642405456, 0.10935783915019981, 0.003715320284020617, 0.10164038321186464, 0.009199490414536812, 0.0, 0.10650198794008708, 0.007362410774340893, 0.018680437583853106, 0.0, 0.0, 0.0, 0.10965691301797031, 0.0, 0.0, 0.0, 0.0, 0.0, 0.0, 0.0, 0.0, 0.0, 0.0, 0.0, 0.8364172388029887, 0.6060513240406936, 0.09324546116244187, 
0.0, 0.4089585938039076, 0.037490823500116004, 0.0, 0.0, 0.0, 0.0, 0.008746461162776034, 0.0, 0.02335054697981638, 0.0, 0.0, 0.0, 0.0275113370924726, 0.0, 0.0, 0.0, 0.0, 0.0, 0.0, 0.0, 0.0, 0.0, 0.0, 0.0, 0.7955215485037359, 0.5480968470788551, 0.1034456334030668, 
0.0, 0.3271668750431261, 0.03176894328751394, 0.00946328347934967, 0.10413222323422891, 0.0017783798850927515, 0.0, 0.013489638520375376, 0.001759328274958507, 0.022841955645139196, 0.0, 0.0, 0.0, 0.1276154787874158, 0.0, 0.0, 0.0, 0.0, 0.0, 0.0, 0.0797459556574761, 0.00953188072085966, 0.0, 0.0, 0.0, 0.8364172388029887, 0.5777735406901964, 0.17192717771103563, 
0.0, 0.24537515628234455, 0.026047063074911874, 0.01892656695869934, 0.20826444646845782, 0.003556759770185503, 0.0, 0.01823281587797472, 0.003518656549917014, 0.02233336431046201, 0.0, 0.0, 0.0, 0.227719620482359, 0.0, 0.0, 0.0, 0.0, 0.0, 0.0, 0.1594919113149522, 0.01906376144171932, 0.0, 0.0, 0.0, 0.8773129291022415, 0.6074502343015376, 0.24040872201900448, 
0.0, 0.163583437521563, 0.02032518286230981, 0.02838985043804901, 0.31239666970268676, 0.005335139655278254, 0.0, 0.02297599323557406, 0.0052779848248755215, 0.021824772975784824, 0.0, 0.0, 0.0, 0.3278237621773022, 0.0, 0.0, 0.0, 0.0, 0.0, 0.0, 0.23923786697242827, 0.02859564216257898, 0.0, 0.0, 0.0, 0.9182086194014942, 0.6371269279128788, 0.3088902663269733, 
0.0, 0.0817917187607815, 0.014603302649707744, 0.03785313391739868, 0.41652889293691564, 0.007113519540371006, 0.0, 0.027719170593173408, 0.007037313099834028, 0.02131618164110764, 0.0, 0.0, 0.0, 0.4279279038722454, 0.0, 0.0, 0.0, 0.0, 0.0, 0.0, 0.3189838226299044, 0.03812752288343864, 0.0, 0.0, 0.0, 0.9591043097007471, 0.66680362152422, 0.37737181063494213, 
0.0, 0.0, 0.008881422437105678, 0.047316417396748356, 0.5206611161711445, 0.008891899425463758, 0.0, 0.03246234795077275, 0.008796641374792535, 0.020807590306430455, 0.0, 0.0, 0.0, 0.5280320455671885, 0.0, 0.0, 0.0, 0.0, 0.0, 0.0, 0.3987297782873805, 0.047659403604298295, 0.0, 0.0, 0.0, 0.9999999999999999, 0.6964803151355613, 0.44585335494291095, 
0.0, 0.0026529374314128956, 0.08895545626901763, 0.03785313391739868, 0.41652889293691564, 0.007113519540371006, 0.0, 0.025969878360618197, 0.007037313099834028, 0.02246972282534612, 0.0, 0.0, 0.0, 0.4224256364537508, 0.0, 0.0, 0.0, 0.0, 0.0, 0.0, 0.3189838226299044, 0.03812752288343864, 0.0, 0.0, 0.0, 0.9999999999999999, 0.673300139274283, 0.4526083531917298, 
0.0, 0.005305874862825791, 0.16902949010092957, 0.028389850438049015, 0.3123966697026867, 0.005335139655278254, 0.0, 0.01947740877046365, 0.005277984824875521, 0.024131855344261786, 0.0, 0.0, 0.0, 0.3168192273403131, 0.0, 0.0, 0.0, 0.0, 0.0, 0.0, 0.2392378669724283, 0.028595642162578976, 0.0, 0.0, 0.0, 0.9999999999999999, 0.6501199634130047, 0.4593633514405487, 
0.0, 0.007958812294238686, 0.24910352393284152, 0.018926566958699344, 0.20826444646845776, 0.0035567597701855035, 0.0, 0.012984939180309102, 0.003518656549917013, 0.02579398786317745, 0.0, 0.0, 0.0, 0.21121281822687543, 0.0, 0.0, 0.0, 0.0, 0.0, 0.0, 0.15949191131495222, 0.019063761441719316, 0.0, 0.0, 0.0, 1.0, 0.6269397875517264, 0.4661183496893676, 
0.0, 0.010611749725651582, 0.32917755776475344, 0.009463283479349674, 0.10413222323422888, 0.0017783798850927518, 0.0, 0.006492469590154551, 0.0017593282749585066, 0.027456120382093115, 0.0, 0.0, 0.0, 0.10560640911343772, 0.0, 0.0, 0.0, 0.0, 0.0, 0.0, 0.07974595565747611, 0.009531880720859656, 0.0, 0.0, 0.0, 1.0, 0.6037596116904481, 0.4728733479381865, 
0.0, 0.013264687157064478, 0.40925159159666535, 0.0, 0.0, 0.0, 0.0, 0.0, 0.0, 0.029118252901008782, 0.0, 0.0, 0.0, 0.0, 0.0, 0.0, 0.0, 0.0, 0.0, 0.0, 0.0, 0.0, 0.0, 0.0, 0.0, 1.0, 0.5805794358291698, 0.47962834618700534, 
0.0, 0.010611749725651582, 0.32740127327733226, 0.0, 0.0008674811188360005, 0.0, 0.0, 0.0, 0.0, 0.2182248289066951, 0.0, 0.0, 0.0, 0.008964709600464426, 0.0, 0.0, 0.005693501024309686, 0.0, 0.0, 0.0, 0.0, 0.0, 0.0, 0.0, 0.0, 1.0, 0.473011002590651, 0.4008059641712679, 
0.0, 0.007958812294238688, 0.24555095495799922, 0.0, 0.001734962237672001, 0.0, 0.0, 0.0, 0.0, 0.4073314049123814, 0.0, 0.0, 0.0, 0.017929419200928852, 0.0, 0.0, 0.011387002048619373, 0.0, 0.0, 0.0, 0.0, 0.0, 0.0, 0.0, 0.0, 1.0, 0.3654425693521322, 0.3219835821555305, 
0.0, 0.005305874862825792, 0.16370063663866616, 0.0, 0.0026024433565080014, 0.0, 0.0, 0.0, 0.0, 0.5964379809180678, 0.0, 0.0, 0.0, 0.026894128801393278, 0.0, 0.0, 0.01708050307292906, 0.0, 0.0, 0.0, 0.0, 0.0, 0.0, 0.0, 0.0, 0.9999999999999999, 0.25787413611361343, 0.24316120013979312, 
0.0, 0.002652937431412896, 0.08185031831933309, 0.0, 0.003469924475344002, 0.0, 0.0, 0.0, 0.0, 0.785544556923754, 0.0, 0.0, 0.0, 0.035858838401857704, 0.0, 0.0, 0.022774004097238745, 0.0, 0.0, 0.0, 0.0, 0.0, 0.0, 0.0, 0.0, 0.9999999999999999, 0.1503057028750946, 0.1643388181240557, 
0.0, 0.0, 0.0, 0.0, 0.004337405594180003, 0.0, 0.0, 0.0, 0.0, 0.9746511329294404, 0.0, 0.0, 0.0, 0.044823548002322126, 0.0, 0.0, 0.02846750512154843, 0.0, 0.0, 0.0, 0.0, 0.0, 0.0, 0.0, 0.0, 0.9999999999999999, 0.042737269636575724, 0.08551643610831834, 
0.0, 0.0, 0.0, 0.0, 0.003469924475344002, 0.0, 0.0, 0.0, 0.0, 0.9797209063435524, 0.0030062036146380477, 0.0, 0.0, 0.03783844509466066, 0.0, 0.0, 0.028958020502511388, 0.0, 0.0, 0.0, 0.0, 0.0, 0.0, 0.0, 0.0, 0.9637153135243839, 0.03810832646291192, 0.06841314888665467, 
0.0, 0.0, 0.0, 0.0, 0.002602443356508002, 0.0, 0.0, 0.0, 0.0, 0.9847906797576642, 0.0060124072292760955, 0.0, 0.0, 0.0308533421869992, 0.0, 0.0, 0.029448535883474347, 0.0, 0.0, 0.0, 0.0, 0.0, 0.0, 0.0, 0.0, 0.9274306270487678, 0.03347938328924811, 0.051309861664991005, 
0.0, 0.0, 0.0, 0.0, 0.0017349622376720015, 0.0, 0.0, 0.0, 0.0, 0.9898604531717762, 0.009018610843914143, 0.0, 0.0, 0.023868239279337733, 0.0, 0.0, 0.029939051264437303, 0.0, 0.0, 0.0, 0.0, 0.0, 0.0, 0.0, 0.0, 0.8911459405731518, 0.02885044011558431, 0.03420657444332734, 
0.0, 0.0, 0.0, 0.0, 0.0008674811188360007, 0.0, 0.0, 0.0, 0.0, 0.994930226585888, 0.012024814458552191, 0.0, 0.0, 0.01688313637167627, 0.0, 0.0, 0.030429566645400263, 0.0, 0.0, 0.0, 0.0, 0.0, 0.0, 0.0, 0.0, 0.8548612540975358, 0.02422149694192051, 0.01710328722166367, 
0.0, 0.0, 0.0, 0.0, 0.0, 0.0, 0.0, 0.0, 0.0, 1.0, 0.015031018073190239, 0.0, 0.0, 0.009898033464014808, 0.0, 0.0, 0.03092008202636322, 0.0, 0.0, 0.0, 0.0, 0.0, 0.0, 0.0, 0.0, 0.8185765676219197, 0.019592553768256707, 0.0, 
0.0, 0.0, 0.0, 0.0, 0.0, 0.0, 0.0, 0.0, 0.0, 1.0, 0.012024814458552191, 0.0, 0.0, 0.015504366436267004, 0.0, 0.0, 0.03223453488188978, 0.0, 0.0, 0.0, 0.0, 0.0, 0.0, 0.0, 0.0, 0.8108036941929636, 0.020750988439890587, 0.0, 
0.0, 0.0, 0.0, 0.0, 0.0, 0.0, 0.0, 0.0, 0.0, 1.0, 0.009018610843914143, 0.0, 0.0, 0.0211106994085192, 0.0, 0.0, 0.033548987737416346, 0.0, 0.0, 0.0, 0.0, 0.0, 0.0, 0.0, 0.0, 0.8030308207640076, 0.021909423111524468, 0.0, 
0.0, 0.0, 0.0, 0.0, 0.0, 0.0, 0.0, 0.0, 0.0, 1.0000000000000002, 0.0060124072292760955, 0.0, 0.0, 0.026717032380771395, 0.0, 0.0, 0.034863440592942906, 0.0, 0.0, 0.0, 0.0, 0.0, 0.0, 0.0, 0.0, 0.7952579473350515, 0.023067857783158348, 0.0, 
0.0, 0.0, 0.0, 0.0, 0.0, 0.0, 0.0, 0.0, 0.0, 1.0000000000000002, 0.0030062036146380477, 0.0, 0.0, 0.03232336535302359, 0.0, 0.0, 0.03617789344846947, 0.0, 0.0, 0.0, 0.0, 0.0, 0.0, 0.0, 0.0, 0.7874850739060955, 0.024226292454792228, 0.0, 
0.0, 0.0, 0.0, 0.0, 0.0, 0.0, 0.0, 0.0, 0.0, 1.0000000000000002, 0.0, 0.0, 0.0, 0.03792969832527578, 0.0, 0.0, 0.03749234630399603, 0.0, 0.0, 0.0, 0.0, 0.0, 0.0, 0.0, 0.0, 0.7797122004771394, 0.02538472712642611, 0.0, 
0.0, 0.0, 0.0, 0.0, 0.0, 0.0, 0.0, 0.0, 0.0, 0.9570232889688918, 0.003209969788824789, 0.0, 0.0, 0.03659346872888459, 0.0, 0.0, 0.03563744306098571, 0.0, 0.0, 0.0, 0.0, 0.0, 0.0, 0.0, 0.0, 0.8237697603817116, 0.026382983048915325, 0.0, 
0.0, 0.0, 0.0, 0.0, 0.0, 0.0, 0.0, 0.0, 0.0, 0.9140465779377833, 0.006419939577649578, 0.0, 0.0, 0.035257239132493394, 0.0, 0.0, 0.03378253981797539, 0.0, 0.0, 0.0, 0.0, 0.0, 0.0, 0.0, 0.0, 0.8678273202862836, 0.027381238971404546, 0.0, 
0.0, 0.0, 0.0, 0.0, 0.0, 0.0, 0.0, 0.0, 0.0, 0.8710698669066749, 0.009629909366474367, 0.0, 0.0, 0.0339210095361022, 0.0, 0.0, 0.03192763657496507, 0.0, 0.0, 0.0, 0.0, 0.0, 0.0, 0.0, 0.0, 0.9118848801908558, 0.028379494893893763, 0.0, 
0.0, 0.0, 0.0, 0.0, 0.0, 0.0, 0.0, 0.0, 0.0, 0.8280931558755664, 0.012839879155299156, 0.0, 0.0, 0.032584779939711005, 0.0, 0.0, 0.030072733331954746, 0.0, 0.0, 0.0, 0.0, 0.0, 0.0, 0.0, 0.0, 0.955942440095428, 0.029377750816382983, 0.0, 
0.0, 0.0, 0.0, 0.0, 0.0, 0.0, 0.0, 0.0, 0.0, 0.785116444844458, 0.016049848944123944, 0.0, 0.0, 0.031248550343319807, 0.0, 0.0, 0.028217830088944424, 0.0, 0.0, 0.0, 0.0, 0.0, 0.0, 0.0, 0.0, 1.0, 0.0303760067388722, 0.0, 
0.0, 0.0, 0.0, 0.0, 0.0, 0.0, 0.0, 0.0, 0.0, 0.8137637563754797, 0.026064038309540304, 0.0, 0.0, 0.16527103783095048, 0.004618736106093634, 0.0, 0.033412615793745416, 0.0, 0.0, 0.0, 0.0, 0.0017490211250359585, 0.008185170969311002, 0.0, 0.0, 1.0, 0.037183131400885555, 0.0, 
0.0, 0.0, 0.0, 0.0, 0.0, 0.0, 0.0, 0.0, 0.0, 0.8424110679065013, 0.036078227674956664, 0.0, 0.0, 0.29929352531858117, 0.009237472212187268, 0.0, 0.038607401498546405, 0.0, 0.0, 0.0, 0.0, 0.003498042250071917, 0.016370341938622003, 0.0, 0.0, 1.0, 0.043990256062898914, 0.0, 
0.0, 0.0, 0.0, 0.0, 0.0, 0.0, 0.0, 0.0, 0.0, 0.8710583794375231, 0.04609241704037302, 0.0, 0.0, 0.43331601280621185, 0.013856208318280902, 0.0, 0.043802187203347394, 0.0, 0.0, 0.0, 0.0, 0.005247063375107875, 0.024555512907933005, 0.0, 0.0, 1.0, 0.05079738072491227, 0.0, 
0.0, 0.0, 0.0, 0.0, 0.0, 0.0, 0.0, 0.0, 0.0, 0.8997056909685447, 0.056106606405789385, 0.0, 0.0, 0.5673385002938426, 0.018474944424374536, 0.0, 0.04899697290814838, 0.0, 0.0, 0.0, 0.0, 0.006996084500143834, 0.032740683877244006, 0.0, 0.0, 1.0, 0.057604505386925624, 0.0, 
0.0, 0.0, 0.0, 0.0, 0.0, 0.0, 0.0, 0.0, 0.0, 0.9283530024995664, 0.06612079577120575, 0.0, 0.0, 0.7013609877814733, 0.02309368053046817, 0.0, 0.05419175861294937, 0.0, 0.0, 0.0, 0.0, 0.008745105625179793, 0.04092585484655501, 0.0, 0.0, 1.0, 0.06441163004893898, 0.0, 
0.0, 0.0, 0.0, 0.0, 0.0, 0.0, 0.0, 0.0, 0.0, 0.9426824019996531, 0.0711459531097111, 0.0, 0.0, 0.571183825703506, 0.018474944424374536, 0.0, 0.14981370202058442, 0.0, 0.0, 0.0018855288137297282, 0.0018653891569033396, 0.006996084500143834, 0.032740683877244006, 0.0, 0.0, 0.9585626929127272, 0.157930855765482, 0.004092331221974019, 
0.0, 0.0, 0.0, 0.0, 0.0, 0.0, 0.0, 0.0, 0.0, 0.9570118014997399, 0.07617111044821645, 0.0, 0.0, 0.44100666362553886, 0.013856208318280903, 0.0, 0.24543564542821947, 0.0, 0.0, 0.0037710576274594563, 0.003730778313806679, 0.005247063375107876, 0.024555512907933008, 0.0, 0.0, 0.9171253858254544, 0.251450081482025, 0.008184662443948039, 
0.0, 0.0, 0.0, 0.0, 0.0, 0.0, 0.0, 0.0, 0.0, 0.9713412009998265, 0.08119626778672179, 0.0, 0.0, 0.31082950154757166, 0.00923747221218727, 0.0, 0.3410575888358545, 0.0, 0.0, 0.005656586441189184, 0.005596167470710019, 0.003498042250071918, 0.016370341938622007, 0.0, 0.0, 0.8756880787381818, 0.344969307198568, 0.012276993665922057, 
0.0, 0.0, 0.0, 0.0, 0.0, 0.0, 0.0, 0.0, 0.0, 0.9856706004999132, 0.08622142512522714, 0.0, 0.0, 0.18065233946960446, 0.004618736106093636, 0.0, 0.4366795322434896, 0.0, 0.0, 0.007542115254918913, 0.007461556627613358, 0.001749021125035959, 0.008185170969311005, 0.0, 0.0, 0.834250771650909, 0.43848853291511103, 0.016369324887896077, 
0.0, 0.0, 0.0, 0.0, 0.0, 0.0, 0.0, 0.0, 0.0, 0.9999999999999999, 0.09124658246373249, 0.0, 0.0, 0.050475177391637344, 0.0, 0.0, 0.5323014756511246, 0.0, 0.0, 0.009427644068648641, 0.009326945784516698, 0.0, 0.0, 0.0, 0.0, 0.7928134645636362, 0.5320077586316541, 0.020461656109870097, 
0.0, 0.0, 0.0, 0.0, 0.0, 0.0, 0.0, 0.001788802989944471, 0.0, 1.0, 0.09165295025854829, 0.0, 0.0, 0.043058220788426, 0.0, 0.0, 0.42875324727933106, 0.0, 0.0, 0.007542115254918913, 0.007461556627613358, 0.0, 0.0, 0.0, 0.0, 0.7745330475511697, 0.42652693920892554, 0.018166146790512906, 
0.0, 0.0, 0.0, 0.0, 0.0, 0.0, 0.0, 0.003577605979888942, 0.0, 1.0, 0.09205931805336409, 0.0, 0.0, 0.03564126418521466, 0.0, 0.0, 0.32520501890753756, 0.0, 0.0, 0.005656586441189185, 0.005596167470710019, 0.0, 0.0, 0.0, 0.0, 0.7562526305387032, 0.321046119786197, 0.01587063747115572, 
0.0, 0.0, 0.0, 0.0, 0.0, 0.0, 0.0, 0.005366408969833413, 0.0, 1.0, 0.0924656858481799, 0.0, 0.0, 0.028224307582003318, 0.0, 0.0, 0.22165679053574405, 0.0, 0.0, 0.003771057627459457, 0.003730778313806679, 0.0, 0.0, 0.0, 0.0, 0.7379722135262368, 0.21556530036346855, 0.013575128151798527, 
0.0, 0.0, 0.0, 0.0, 0.0, 0.0, 0.0, 0.007155211959777884, 0.0, 1.0000000000000002, 0.0928720536429957, 0.0, 0.0, 0.020807350978791977, 0.0, 0.0, 0.11810856216395049, 0.0, 0.0, 0.0018855288137297286, 0.0018653891569033396, 0.0, 0.0, 0.0, 0.0, 0.7196917965137702, 0.11008448094074003, 0.011279618832441336, 
0.0, 0.0, 0.0, 0.0, 0.0, 0.0, 0.0, 0.008944014949722355, 0.0, 1.0000000000000002, 0.0932784214378115, 0.0, 0.0, 0.013390394375580636, 0.0, 0.0, 0.014560333792156948, 0.0, 0.0, 0.0, 0.0, 0.0, 0.0, 0.0, 0.0, 0.7014113795013037, 0.004603661518011449, 0.008984109513084145, 
0.0, 0.0, 0.0, 0.0, 0.0, 0.0, 0.0, 0.008025754810841714, 0.0, 1.0000000000000002, 0.0898676517937122, 0.0, 0.0, 0.01246353042849727, 0.0, 0.0008720023454469209, 0.028608839753722637, 0.0, 0.0, 0.0, 0.0, 0.0, 0.0017794134208228784, 0.0018406892965987238, 0.0, 0.6981350852342307, 0.0036829292144091594, 0.007187287610467316, 
0.0, 0.0, 0.0, 0.0, 0.0, 0.0, 0.0, 0.007107494671961073, 0.0, 1.0000000000000002, 0.0864568821496129, 0.0, 0.0, 0.011536666481413903, 0.0, 0.0017440046908938419, 0.04265734571528833, 0.0, 0.0, 0.0, 0.0, 0.0, 0.0035588268416457567, 0.0036813785931974477, 0.0, 0.6948587909671579, 0.0027621969108068693, 0.005390465707850487, 
0.0, 0.0, 0.0, 0.0, 0.0, 0.0, 0.0, 0.006189234533080433, 0.0, 1.0, 0.08304611250551361, 0.0, 0.0, 0.010609802534330536, 0.0, 0.002616007036340763, 0.05670585167685402, 0.0, 0.0, 0.0, 0.0, 0.0, 0.005338240262468635, 0.005522067889796171, 0.0, 0.6915824967000849, 0.0018414646072045793, 0.003593643805233658, 
0.0, 0.0, 0.0, 0.0, 0.0, 0.0, 0.0, 0.005270974394199792, 0.0, 1.0, 0.0796353428614143, 0.0, 0.0, 0.009682938587247171, 0.0, 0.0034880093817876837, 0.07075435763841971, 0.0, 0.0, 0.0, 0.0, 0.0, 0.0071176536832915135, 0.007362757186394895, 0.0, 0.688306202433012, 0.0009207323036022896, 0.001796821902616829, 
0.0, 0.0, 0.0, 0.0, 0.0, 0.0, 0.0, 0.004352714255319152, 0.0, 1.0, 0.076224573217315, 0.0, 0.0, 0.008756074640163805, 0.0, 0.004360011727234605, 0.0848028635999854, 0.0, 0.0, 0.0, 0.0, 0.0, 0.008897067104114392, 0.00920344648299362, 0.0, 0.685029908165939, 0.0, 0.0, 
0.0, 0.0, 0.0, 0.0, 0.0, 0.0, 0.0, 0.0034821714042553215, 0.0, 0.9948726000313388, 0.0864872807536077, 0.0, 0.0019728242168748746, 0.10099060906654816, 0.0, 0.0034880093817876837, 0.0732821273241284, 0.0, 0.0, 0.0, 0.0, 0.0, 0.010910386668176147, 0.011426604641553314, 0.0, 0.6996295440189216, 0.0, 0.08656179920612231, 
0.0, 0.0, 0.0, 0.0, 0.0, 0.0, 0.0, 0.0026116285531914913, 0.0, 0.9897452000626776, 0.0967499882899004, 0.0, 0.003945648433749749, 0.19322514349293254, 0.0, 0.002616007036340763, 0.06176139104827137, 0.0, 0.0, 0.0, 0.0, 0.0, 0.012923706232237904, 0.01364976280011301, 0.0, 0.7142291798719043, 0.0, 0.17312359841224462, 
0.0, 0.0, 0.0, 0.0, 0.0, 0.0, 0.0, 0.0017410857021276606, 0.0, 0.9846178000940166, 0.1070126958261931, 0.0, 0.005918472650624624, 0.2854596779193169, 0.0, 0.0017440046908938417, 0.05024065477241436, 0.0, 0.0, 0.0, 0.0, 0.0, 0.014937025796299661, 0.015872920958672706, 0.0, 0.728828815724887, 0.0, 0.25968539761836695, 
0.0, 0.0, 0.0, 0.0, 0.0, 0.0, 0.0, 0.0008705428510638303, 0.0, 0.9794904001253554, 0.1172754033624858, 0.0, 0.007891296867499498, 0.3776942123457013, 0.0, 0.0008720023454469208, 0.03871991849655734, 0.0, 0.0, 0.0, 0.0, 0.0, 0.016950345360361416, 0.0180960791172324, 0.0, 0.7434284515778696, 0.0, 0.34624719682448923, 
0.0, 0.0, 0.0, 0.0, 0.0, 0.0, 0.0, 0.0, 0.0, 0.9743630001566942, 0.1275381108987785, 0.0, 0.009864121084374372, 0.4699287467720856, 0.0, 0.0, 0.02719918222070033, 0.0, 0.0, 0.0, 0.0, 0.0, 0.01896366492442317, 0.020319237275792094, 0.0, 0.7580280874308523, 0.0, 0.43280899603061157, 
0.001766634429732393, 0.0, 0.0, 0.0, 0.0, 0.0, 0.0, 0.003876045057304786, 0.0017612904886471375, 0.9794904001253554, 0.29268569447646503, 0.0, 0.012625889409226303, 0.3870035729937146, 0.0, 0.004902657018779114, 0.13698004166275635, 0.0, 0.0, 0.0, 0.0, 0.0037040051419382596, 0.018111741588721746, 0.02415343179628608, 0.0, 0.7481639944750356, 0.001805372412899914, 0.34808847664731357, 
0.003533268859464786, 0.0, 0.0, 0.0, 0.0, 0.0, 0.0, 0.007752090114609572, 0.003522580977294275, 0.9846178000940166, 0.4578332780541515, 0.0, 0.015387657734078236, 0.3040783992153435, 0.0, 0.009805314037558228, 0.24676090110481239, 0.0, 0.0, 0.0, 0.0, 0.007408010283876519, 0.017259818253020316, 0.027987626316780072, 0.0, 0.7382999015192189, 0.003610744825799828, 0.26336795726401563, 
0.005299903289197178, 0.0, 0.0, 0.0, 0.0, 0.0, 0.0, 0.011628135171914359, 0.005283871465941413, 0.9897452000626776, 0.6229808616318381, 0.0, 0.01814942605893017, 0.2211532254369724, 0.0, 0.014707971056337341, 0.3565417605468684, 0.0, 0.0, 0.0, 0.0, 0.011112015425814779, 0.01640789491731889, 0.031821820837274056, 0.0, 0.7284358085634021, 0.005416117238699742, 0.17864743788071763, 
0.007066537718929572, 0.0, 0.0, 0.0, 0.0, 0.0, 0.0, 0.015504180229219145, 0.00704516195458855, 0.9948726000313388, 0.7881284452095246, 0.0, 0.0209111943837821, 0.13822805165860136, 0.0, 0.019610628075116456, 0.46632261998892444, 0.0, 0.0, 0.0, 0.0, 0.014816020567753038, 0.015555971581617464, 0.03565601535776805, 0.0, 0.7185717156075854, 0.007221489651599656, 0.09392691849741969, 
0.008833172148661965, 0.0, 0.0, 0.0, 0.0, 0.0, 0.0, 0.01938022528652393, 0.008806452443235687, 1.0, 0.9532760287872112, 0.0, 0.023672962708634032, 0.05530287788023031, 0.0, 0.02451328509389557, 0.5761034794309804, 0.0, 0.0, 0.0, 0.0, 0.018520025709691298, 0.014704048245916037, 0.03949020987826204, 0.0, 0.7087076226517687, 0.00902686206449957, 0.009206399114121754, 
0.007066537718929572, 0.0, 0.0, 0.0, 0.0, 0.0, 0.0, 0.015504180229219145, 0.00704516195458855, 0.9687521381092543, 0.9043831860972671, 0.0, 0.022981201080178953, 0.05050923788464004, 0.0, 0.019610628075116456, 0.470955900751788, 0.0, 0.0, 0.0, 0.0, 0.014816020567753038, 0.014757131324247065, 0.04052749257802751, 0.0010655470177985725, 0.7669660981214149, 0.016500989265999782, 0.013916392563133408, 
0.005299903289197179, 0.0, 0.0, 0.0, 0.0, 0.0, 0.0, 0.011628135171914359, 0.005283871465941412, 0.9375042762185087, 0.8554903434073231, 0.0, 0.022289439451723875, 0.04571559788904976, 0.0, 0.014707971056337343, 0.3658083220725956, 0.0, 0.0, 0.0, 0.0, 0.011112015425814779, 0.014810214402578091, 0.04156477527779298, 0.002131094035597145, 0.8252245735910612, 0.023975116467499995, 0.01862638601214506, 
0.0035332688594647867, 0.0, 0.0, 0.0, 0.0, 0.0, 0.0, 0.0077520901146095715, 0.003522580977294274, 0.906256414327763, 0.806597500717379, 0.0, 0.021597677823268796, 0.04092195789345949, 0.0, 0.00980531403755823, 0.26066074339340317, 0.0, 0.0, 0.0, 0.0, 0.007408010283876519, 0.014863297480909119, 0.042602057977558457, 0.0031966410533957176, 0.8834830490607074, 0.031449243669000204, 0.023336379461156714, 
0.0017666344297323933, 0.0, 0.0, 0.0, 0.0, 0.0, 0.0, 0.0038760450573047858, 0.001761290488647137, 0.8750085524370175, 0.7577046580274349, 0.0, 0.020905916194813717, 0.03612831789786922, 0.0, 0.004902657018779115, 0.15551316471421078, 0.0, 0.0, 0.0, 0.0, 0.0037040051419382596, 0.014916380559240145, 0.043639340677323925, 0.00426218807119429, 0.9417415245303536, 0.038923370870500414, 0.028046372910168368, 
0.0, 0.0, 0.0, 0.0, 0.0, 0.0, 0.0, 0.0, 0.0, 0.8437606905462718, 0.7088118153374909, 0.0, 0.02021415456635864, 0.031334677902278944, 0.0, 0.0, 0.05036558603501838, 0.0, 0.0, 0.0, 0.0, 0.0, 0.014969463637571174, 0.0446766233770894, 0.005327735088992863, 0.9999999999999999, 0.04639749807200062, 0.03275636635918002, 
0.0008846929468768518, 0.0, 0.0, 0.0, 0.0, 0.0, 0.004039994386936032, 0.0, 0.0018860250624928407, 0.8750085524370175, 0.7394830651013017, 0.0, 0.031185694014560363, 0.03616421835354154, 0.0, 0.0, 0.044307901993041875, 0.0, 0.0, 0.0, 0.002085505554245323, 0.0, 0.01522831966900964, 0.04689153411194081, 0.005192889476902431, 0.9868599062440113, 0.04291619329189587, 0.1548473596463437, 
0.0017693858937537037, 0.0, 0.0, 0.0, 0.0, 0.0, 0.008079988773872063, 0.0, 0.0037720501249856814, 0.906256414327763, 0.7701543148651125, 0.0, 0.04215723346276209, 0.040993758804804145, 0.0, 0.0, 0.03825021795106537, 0.0, 0.0, 0.0, 0.004171011108490646, 0.0, 0.015487175700448108, 0.04910644484679222, 0.005058043864811999, 0.9737198124880229, 0.03943488851179112, 0.2769383529335073, 
0.0026540788406305554, 0.0, 0.0, 0.0, 0.0, 0.0, 0.012119983160808095, 0.0, 0.0056580751874785225, 0.9375042762185087, 0.8008255646289233, 0.0, 0.05312877291096381, 0.04582329925606674, 0.0, 0.0, 0.03219253390908887, 0.0, 0.0, 0.0, 0.006256516662735969, 0.0, 0.015746031731886576, 0.05132135558164362, 0.004923198252721566, 0.9605797187320343, 0.03595358373168636, 0.399029346220671, 
0.0035387717875074074, 0.0, 0.0, 0.0, 0.0, 0.0, 0.016159977547744127, 0.0, 0.007544100249971363, 0.9687521381092543, 0.8314968143927342, 0.0, 0.06410031235916554, 0.05065283970732934, 0.0, 0.0, 0.02613484986711236, 0.0, 0.0, 0.0, 0.008342022216981292, 0.0, 0.01600488776332504, 0.05353626631649503, 0.004788352640631134, 0.9474396249760458, 0.03247227895158161, 0.5211203395078347, 
0.004423464734384259, 0.0, 0.0, 0.0, 0.0, 0.0, 0.020199971934680157, 0.0, 0.009430125312464203, 1.0, 0.8621680641565449, 0.0, 0.07507185180736727, 0.05548238015859194, 0.0, 0.0, 0.020077165825135853, 0.0, 0.0, 0.0, 0.010427527771226614, 0.0, 0.01626374379476351, 0.05575117705134644, 0.004653507028540702, 0.9342995312200573, 0.028990974171476856, 0.6432113327949983, 
0.0035387717875074074, 0.0, 0.0, 0.0018898289037614833, 0.0, 0.0, 0.019169418028547873, 0.0, 0.007544100249971363, 0.9650919027357738, 0.8897344513252359, 0.0, 0.21517331767616732, 0.05184459929157242, 0.0, 0.0, 0.01606173266010868, 0.0, 0.0, 0.0, 0.008342022216981292, 0.0, 0.013010995035810807, 0.0482805668992155, 0.004595110992291944, 0.8630762371132278, 0.026063816969274314, 0.5226730742146548, 
0.0026540788406305554, 0.0, 0.0, 0.0037796578075229665, 0.0, 0.0, 0.018138864122415586, 0.0, 0.005658075187478522, 0.9301838054715478, 0.917300838493927, 0.0, 0.3552747835449674, 0.04820681842455289, 0.0, 0.0, 0.012046299495081512, 0.0, 0.0, 0.0, 0.006256516662735969, 0.0, 0.009758246276858106, 0.04080995674708456, 0.004536714956043186, 0.7918529430063983, 0.023136659767071775, 0.40213481563431125, 
0.001769385893753704, 0.0, 0.0, 0.005669486711284449, 0.0, 0.0, 0.017108310216283302, 0.0, 0.0037720501249856805, 0.8952757082073216, 0.9448672256626179, 0.0, 0.49537624941376746, 0.04456903755753336, 0.0, 0.0, 0.008030866330054343, 0.0, 0.0, 0.0, 0.004171011108490646, 0.0, 0.006505497517905405, 0.03333934659495362, 0.004478318919794428, 0.7206296488995687, 0.020209502564869232, 0.2815965570539677, 
0.000884692946876852, 0.0, 0.0, 0.007559315615045933, 0.0, 0.0, 0.016077756310151018, 0.0, 0.0018860250624928403, 0.8603676109430956, 0.972433612831309, 0.0, 0.6354777152825676, 0.04093125669051383, 0.0, 0.0, 0.004015433165027171, 0.0, 0.0, 0.0, 0.002085505554245323, 0.0, 0.0032527487589527025, 0.02586873644282268, 0.00441992288354567, 0.6494063547927392, 0.017282345362666693, 0.16105829847362418, 
0.0, 0.0, 0.0, 0.009449144518807417, 0.0, 0.0, 0.015047202404018733, 0.0, 0.0, 0.8254595136788694, 1.0, 0.0, 0.7755791811513677, 0.03729347582349431, 0.0, 0.0, 0.0, 0.0, 0.0, 0.0, 0.0, 0.0, 0.0, 0.018398126290691742, 0.0043615268472969124, 0.5781830606859097, 0.01435518816046415, 0.040520039893280686, 
0.0, 0.0, 0.0, 0.007559315615045933, 0.0, 0.0, 0.01620403916825776, 0.0, 0.0, 0.6667089252594969, 1.0, 0.0, 0.6337382494206796, 0.031708542932649936, 0.0, 0.0, 0.0, 0.0, 0.0, 0.0, 0.0, 0.0, 0.0, 0.018324238561380768, 0.0034892214778375298, 0.4625464485487278, 0.011484150528371321, 0.03898023987827968, 
0.0, 0.0, 0.0, 0.00566948671128445, 0.0, 0.0, 0.017360875932496782, 0.0, 0.0, 0.5079583368401244, 1.0, 0.0, 0.49189731768999134, 0.026123610041805558, 0.0, 0.0, 0.0, 0.0, 0.0, 0.0, 0.0, 0.0, 0.0, 0.018250350832069794, 0.0026169161083781475, 0.3469098364115458, 0.00861311289627849, 0.03744043986327867, 
0.0, 0.0, 0.0, 0.0037796578075229674, 0.0, 0.0, 0.018517712696735807, 0.0, 0.0, 0.349207748420752, 1.0, 0.0, 0.35005638595930316, 0.020538677150961186, 0.0, 0.0, 0.0, 0.0, 0.0, 0.0, 0.0, 0.0, 0.0, 0.018176463102758816, 0.0017446107389187653, 0.23127322427436392, 0.005742075264185659, 0.03590063984827767, 
0.0, 0.0, 0.0, 0.0018898289037614837, 0.0, 0.0, 0.01967454946097483, 0.0, 0.0, 0.19045716000137947, 1.0, 0.0, 0.20821545422861498, 0.014953744260116811, 0.0, 0.0, 0.0, 0.0, 0.0, 0.0, 0.0, 0.0, 0.0, 0.01810257537344784, 0.0008723053694593827, 0.11563661213718196, 0.0028710376320928294, 0.03436083983327666, 
0.0, 0.0, 0.0, 0.0, 0.0, 0.0, 0.020831386225213855, 0.0, 0.0, 0.031706571582006966, 1.0, 0.0, 0.06637452249792675, 0.009368811369272435, 0.0, 0.0, 0.0, 0.0, 0.0, 0.0, 0.0, 0.0, 0.0, 0.018028687644136867, 0.0, 0.0, 0.0, 0.03282103981827565, 
0.0, 0.0, 0.0, 0.004693459434254067, 0.0, 0.0, 0.019885481422715165, 0.0, 0.0, 0.028569245981568302, 1.0, 0.0, 0.1665952385156317, 0.010313368552416477, 0.0, 0.0, 0.006811315175015662, 0.0, 0.0, 0.0, 0.0, 0.0, 0.0, 0.019372604074679802, 0.0, 0.09703279914399252, 0.0008955022675774862, 0.02625683185462052, 
0.0, 0.0, 0.0, 0.009386918868508135, 0.0, 0.0, 0.018939576620216475, 0.0, 0.0, 0.02543192038112964, 1.0, 0.0, 0.2668159545333367, 0.01125792573556052, 0.0, 0.0, 0.013622630350031324, 0.0, 0.0, 0.0, 0.0, 0.0, 0.0, 0.02071652050522274, 0.0, 0.19406559828798503, 0.0017910045351549723, 0.01969262389096539, 
0.0, 0.0, 0.0, 0.014080378302762202, 0.0, 0.0, 0.017993671817717785, 0.0, 0.0, 0.022294594780690978, 1.0, 0.0, 0.3670366705510416, 0.012202482918704563, 0.0, 0.0, 0.020433945525046987, 0.0, 0.0, 0.0, 0.0, 0.0, 0.0, 0.022060436935765676, 0.0, 0.2910983974319775, 0.0026865068027324586, 0.01312841592731026, 
0.0, 0.0, 0.0, 0.01877383773701627, 0.0, 0.0, 0.017047767015219095, 0.0, 0.0, 0.019157269180252314, 1.0, 0.0, 0.4672573865687466, 0.013147040101848605, 0.0, 0.0, 0.027245260700062647, 0.0, 0.0, 0.0, 0.0, 0.0, 0.0, 0.02340435336630861, 0.0, 0.38813119657597006, 0.0035820090703099446, 0.00656420796365513, 
0.0, 0.0, 0.0, 0.023467297171270336, 0.0, 0.0, 0.016101862212720405, 0.0, 0.0, 0.01601994357981365, 1.0, 0.0, 0.5674781025864516, 0.014091597284992648, 0.0, 0.0, 0.03405657587507831, 0.0, 0.0, 0.0, 0.0, 0.0, 0.0, 0.02474826979685155, 0.0, 0.4851639957199626, 0.004477511337887431, 0.0, 
0.00902807355784116, 0.0, 0.0, 0.02664062649483448, 0.0, 0.0, 0.022796589553503638, 0.0, 0.0, 0.018531050865089025, 0.9967871689014722, 0.0, 0.6172416039219365, 0.017273110643141378, 0.0, 0.0, 0.03770918777467799, 0.0, 0.0, 0.0, 0.0, 0.0, 0.0018208166586422742, 0.028001951578568492, 0.002034982838144692, 0.58813119657597, 0.00906322298496847, 0.0, 
0.01805614711568232, 0.0, 0.0, 0.029813955818398626, 0.0, 0.0, 0.02949131689428687, 0.0, 0.0, 0.021042158150364403, 0.9935743378029444, 0.0, 0.6670051052574214, 0.02045462400129011, 0.0, 0.0, 0.04136179967427767, 0.0, 0.0, 0.0, 0.0, 0.0, 0.0036416333172845485, 0.03125563336028544, 0.004069965676289384, 0.6910983974319775, 0.013648934632049508, 0.0, 
0.02708422067352348, 0.0, 0.0, 0.032987285141962766, 0.0, 0.0, 0.0361860442350701, 0.0, 0.0, 0.023553265435639778, 0.9903615067044166, 0.0, 0.7167686065929064, 0.02363613735943884, 0.0, 0.0, 0.04501441157387735, 0.0, 0.0, 0.0, 0.0, 0.0, 0.005462449975926823, 0.03450931514200238, 0.006104948514434076, 0.794065598287985, 0.01823464627913055, 0.0, 
0.03611229423136464, 0.0, 0.0, 0.036160614465526916, 0.0, 0.0, 0.042880771575853335, 0.0, 0.0, 0.026064372720915156, 0.9871486756058887, 0.0, 0.7665321079283913, 0.02681765071758757, 0.0, 0.0, 0.04866702347347704, 0.0, 0.0, 0.0, 0.0, 0.0, 0.007283266634569097, 0.03776299692371932, 0.008139931352578768, 0.8970327991439924, 0.022820357926211586, 0.0, 
0.0451403677892058, 0.0, 0.0, 0.03933394378909106, 0.0, 0.0, 0.04957549891663657, 0.0, 0.0, 0.02857548000619053, 0.9839358445073609, 0.0, 0.8162956092638762, 0.029999164075736304, 0.0, 0.0, 0.05231963537307672, 0.0, 0.0, 0.0, 0.0, 0.0, 0.00910408329321137, 0.041016678705436266, 0.01017491419072346, 0.9999999999999999, 0.027406069573292627, 0.0, 
0.04069555895799682, 0.0, 0.0, 0.0465367217986285, 0.0020743346745551055, 0.0, 0.04536681917057204, 0.0, 0.0, 0.0282373795114324, 0.9655450051899931, 0.0, 0.7890392622823746, 0.02587278988797846, 0.0, 0.0, 0.06443898163374283, 0.0, 0.0, 0.0, 0.0, 0.0, 0.011158540879771183, 0.1535448017354411, 0.011918946445523363, 0.9999999999999999, 0.025272700584121552, 0.0, 
0.03625075012678784, 0.0, 0.0, 0.05373949980816594, 0.004148669349110211, 0.0, 0.04115813942450751, 0.0, 0.0, 0.02789927901667427, 0.9471541658726252, 0.0, 0.7617829153008729, 0.021746415700220612, 0.0, 0.0, 0.07655832789440893, 0.0, 0.0, 0.0, 0.0, 0.0, 0.013212998466330995, 0.266072924765446, 0.013662978700323267, 0.9999999999999999, 0.023139331594950477, 0.0, 
0.031805941295578864, 0.0, 0.0, 0.06094227781770338, 0.006223004023665317, 0.0, 0.03694945967844298, 0.0, 0.0, 0.02756117852191614, 0.9287633265552575, 0.0, 0.7345265683193714, 0.017620041512462766, 0.0, 0.0, 0.08867767415507505, 0.0, 0.0, 0.0, 0.0, 0.0, 0.015267456052890805, 0.3786010477954508, 0.01540701095512317, 1.0, 0.021005962605779405, 0.0, 
0.027361132464369886, 0.0, 0.0, 0.06814505582724081, 0.008297338698220422, 0.0, 0.03274077993237845, 0.0, 0.0, 0.02722307802715801, 0.9103724872378897, 0.0, 0.7072702213378697, 0.01349366732470492, 0.0, 0.0, 0.10079702041574115, 0.0, 0.0, 0.0, 0.0, 0.0, 0.01732191363945062, 0.4911291708254557, 0.017151043209923073, 1.0, 0.01887259361660833, 0.0, 
0.022916323633160908, 0.0, 0.0, 0.07534783383677826, 0.010371673372775527, 0.0, 0.02853210018631392, 0.0, 0.0, 0.02688497753239988, 0.8919816479205218, 0.0, 0.6800138743563681, 0.009367293136947072, 0.0, 0.0, 0.11291636667640725, 0.0, 0.0, 0.0, 0.0, 0.0, 0.01937637122601043, 0.6036572938554605, 0.018895075464722976, 1.0, 0.016739224627437255, 0.0, 
0.018333058906528726, 0.0, 0.0, 0.07763976007821499, 0.012362507763844448, 0.0, 0.029919666262043156, 0.0, 0.0, 0.028836410663442107, 0.8975955160898126, 0.0, 0.7394025792513749, 0.00839859372473269, 0.07626732341334971, 0.0, 0.23172844416273206, 0.0, 0.0, 0.0, 0.0, 0.0865174166646494, 0.019296810982650816, 0.4945225516215833, 0.017248174179956468, 1.0, 0.019263759863882114, 0.0, 
0.013749794179896545, 0.0, 0.0, 0.07993168631965171, 0.014353342154913367, 0.0, 0.03130723233777239, 0.0, 0.0, 0.030787843794484335, 0.9032093842591032, 0.0, 0.7987912841463817, 0.007429894312518306, 0.15253464682669943, 0.0, 0.35054052164905686, 0.0, 0.0, 0.0, 0.0, 0.1730348333292988, 0.019217250739291203, 0.38538780938770606, 0.01560127289518996, 1.0, 0.021788295100326975, 0.0, 
0.009166529453264363, 0.0, 0.0, 0.08222361256108844, 0.016344176545982286, 0.0, 0.03269479841350162, 0.0, 0.0, 0.03273927692552656, 0.908823252428394, 0.0, 0.8581799890413884, 0.006461194900303923, 0.22880197024004914, 0.0, 0.46935259913538163, 0.0, 0.0, 0.0, 0.0, 0.2595522499939482, 0.01913769049593159, 0.2762530671538288, 0.013954371610423452, 1.0, 0.024312830336771833, 0.0, 
0.004583264726632182, 0.0, 0.0, 0.08451553880252516, 0.018335010937051206, 0.0, 0.034082364489230854, 0.0, 0.0, 0.03469071005656879, 0.9144371205976847, 0.0, 0.9175686939363952, 0.00549249548808954, 0.30506929365339885, 0.0, 0.5881646766217065, 0.0, 0.0, 0.0, 0.0, 0.3460696666585976, 0.019058130252571977, 0.1671183249199516, 0.012307470325656943, 1.0, 0.02683736557321669, 0.0, 
0.0, 0.0, 0.0, 0.08680746504396189, 0.020325845328120127, 0.0, 0.03546993056496009, 0.0, 0.0, 0.03664214318761102, 0.9200509887669754, 0.0, 0.976957398831402, 0.004523796075875157, 0.3813366170667486, 0.0, 0.7069767541080313, 0.0, 0.0, 0.0, 0.0, 0.432587083323247, 0.018978570009212364, 0.05798358268607439, 0.010660569040890435, 1.0, 0.029361900809661553, 0.0, 
0.000937133435346396, 0.0, 0.0, 0.07950920894569957, 0.023861517438346528, 0.0, 0.04225649835112331, 0.011931414416683505, 0.0, 0.03252659680800731, 0.8814502730633279, 0.0010127145077923542, 0.9815659190651216, 0.00536665374796491, 0.310396785758165, 0.0, 0.6929772138267256, 0.0, 0.0, 0.0, 0.0, 0.42676767789177383, 0.018077941577687662, 0.056199989953827065, 0.01073348934683711, 0.972540995386552, 0.02553351091570481, 0.0, 
0.001874266870692792, 0.0, 0.0, 0.07221095284743725, 0.027397189548572932, 0.0, 0.049043066137286526, 0.02386282883336701, 0.0, 0.028411050428403608, 0.8428495573596804, 0.0020254290155847085, 0.9861744392988412, 0.006209511420054664, 0.23945695444958132, 0.0, 0.6789776735454199, 0.0, 0.0, 0.0, 0.0, 0.4209482724603007, 0.01717731314616296, 0.054416397221579746, 0.010806409652783783, 0.945081990773104, 0.021705121021748066, 0.0, 
0.0028114003060391883, 0.0, 0.0, 0.06491269674917494, 0.030932861658799334, 0.0, 0.05582963392344975, 0.03579424325005051, 0.0, 0.024295504048799904, 0.8042488416560327, 0.0030381435233770627, 0.9907829595325608, 0.007052369092144418, 0.16851712314099768, 0.0, 0.6649781332641143, 0.0, 0.0, 0.0, 0.0, 0.4151288670288275, 0.016276684714638258, 0.05263280448933242, 0.010879329958730458, 0.917622986159656, 0.017876731127791323, 0.0, 
0.003748533741385584, 0.0, 0.0, 0.057614440650912625, 0.034468533769025735, 0.0, 0.06261620170961296, 0.04772565766673402, 0.0, 0.020179957669196197, 0.7656481259523852, 0.004050858031169417, 0.9953914797662804, 0.00789522676423417, 0.09757729183241404, 0.0, 0.6509785929828086, 0.0, 0.0, 0.0, 0.0, 0.4093094615973544, 0.015376056283113558, 0.0508492117570851, 0.010952250264677131, 0.8901639815462079, 0.014048341233834579, 0.0, 
0.00468566717673198, 0.0, 0.0, 0.05031618455265031, 0.038004205879252136, 0.0, 0.06940276949577619, 0.05965707208341752, 0.0, 0.016064411289592493, 0.7270474102487376, 0.005063572538961772, 1.0, 0.008738084436323925, 0.026637460523830345, 0.0, 0.6369790527015029, 0.0, 0.0, 0.0, 0.0, 0.4034900561658812, 0.014475427851588856, 0.049065619024837775, 0.011025170570623806, 0.8627049769327599, 0.010219951339877836, 0.0, 
0.003748533741385584, 0.0, 0.0, 0.060073205821317616, 0.04112791273326613, 0.0, 0.06589261317388917, 0.04772565766673402, 0.0, 0.012851529031673994, 0.6985228708393767, 0.007369512813427023, 0.9160718819815777, 0.00699046754905914, 0.02219058309662732, 0.0, 0.6129774738153629, 0.0, 0.0, 0.0, 0.0, 0.4011555338216151, 0.011580342281271085, 0.04677027122781074, 0.014215845934106477, 0.8476323931616171, 0.008175961071902268, 0.0, 
0.002811400306039188, 0.0, 0.0, 0.06983022708998492, 0.04425161958728013, 0.0, 0.06238245685200214, 0.03579424325005051, 0.0, 0.009638646773755496, 0.6699983314300157, 0.009675453087892274, 0.8321437639631555, 0.005242850661794355, 0.017743705669424296, 0.0, 0.5889758949292229, 0.0, 0.0, 0.0, 0.0, 0.39882101147734905, 0.008685256710953312, 0.0444749234307837, 0.01740652129758915, 0.8325598093904741, 0.006131970803926702, 0.0, 
0.0018742668706927916, 0.0, 0.0, 0.07958724835865222, 0.04737532644129413, 0.0, 0.058872300530115114, 0.02386282883336701, 0.0, 0.006425764515836999, 0.6414737920206548, 0.011981393362357526, 0.7482156459447333, 0.0034952337745295693, 0.013296828242221271, 0.0, 0.5649743160430829, 0.0, 0.0, 0.0, 0.0, 0.39648648913308293, 0.005790171140635542, 0.04217957563375666, 0.02059719666107182, 0.8174872256193313, 0.004087980535951135, 0.0, 
0.0009371334353463958, 0.0, 0.0, 0.08934426962731953, 0.050499033295308124, 0.0, 0.05536214420822809, 0.011931414416683502, 0.0, 0.0032128822579184993, 0.6129492526112937, 0.014287333636822776, 0.6642875279263111, 0.0017476168872647847, 0.008849950815018246, 0.0, 0.5409727371569428, 0.0, 0.0, 0.0, 0.0, 0.39415196678881687, 0.002895085570317771, 0.039884227836729624, 0.023787872024554492, 0.8024146418481883, 0.002043990267975568, 0.0, 
0.0, 0.0, 0.0, 0.09910129089598683, 0.053622740149322126, 0.0, 0.051851987886341065, 0.0, 0.0, 0.0, 0.5844247132019328, 0.016593273911288026, 0.5803594099078888, 0.0, 0.004403073387815223, 0.0, 0.5169711582708029, 0.0, 0.0, 0.0, 0.0, 0.3918174444445508, 0.0, 0.03758888003970259, 0.026978547388037163, 0.7873420580770455, 0.0, 0.0, 
0.008867763542565202, 0.0, 0.0, 0.09117695302846018, 0.058227160323593416, 0.0, 0.05212580865266943, 0.0, 0.0, 0.0, 0.6049702995171868, 0.01999012240201977, 0.5958326910023103, 0.0, 0.0035224587102521783, 0.0, 0.5292163393961923, 0.0, 0.0, 0.0, 0.0, 0.3906059730042511, 0.0, 0.03007110403176207, 0.023700114756469052, 0.7532876224616121, 0.0, 0.0, 
0.017735527085130404, 0.0, 0.0, 0.08325261516093352, 0.0628315804978647, 0.0, 0.05239962941899779, 0.0, 0.0, 0.0, 0.6255158858324409, 0.02338697089275151, 0.6113059720967318, 0.0, 0.002641844032689134, 0.0, 0.5414615205215817, 0.0, 0.0, 0.0, 0.0, 0.38939450156395133, 0.0, 0.022553328023821553, 0.02042168212490094, 0.7192331868461787, 0.0, 0.0, 
0.026603290627695605, 0.0, 0.0, 0.07532827729340687, 0.06743600067213601, 0.0, 0.05267345018532616, 0.0, 0.0, 0.0, 0.6460614721476948, 0.026783819383483256, 0.6267792531911534, 0.0, 0.0017612293551260896, 0.0, 0.5537067016469711, 0.0, 0.0, 0.0, 0.0, 0.38818303012365163, 0.0, 0.015035552015881033, 0.017143249493332825, 0.6851787512307452, 0.0, 0.0, 
0.03547105417026081, 0.0, 0.0, 0.06740393942588022, 0.0720404208464073, 0.0, 0.052947270951654524, 0.0, 0.0, 0.0, 0.6666070584629489, 0.030180667874215, 0.6422525342855748, 0.0, 0.0008806146775630448, 0.0, 0.5659518827723605, 0.0, 0.0, 0.0, 0.0, 0.38697155868335187, 0.0, 0.007517776007940517, 0.013864816861764714, 0.6511243156153118, 0.0, 0.0, 
0.04433881771282601, 0.0, 0.0, 0.05947960155835356, 0.07664484102067859, 0.0, 0.05322109171798289, 0.0, 0.0, 0.0, 0.6871526447782029, 0.03357751636494674, 0.6577258153799963, 0.0, 0.0, 0.0, 0.5781970638977499, 0.0, 0.0, 0.0, 0.0, 0.38576008724305216, 0.0, 0.0, 0.010586384230196604, 0.6170698799998784, 0.0, 0.0, 
0.03547105417026081, 0.007744443563945204, 0.0, 0.06278446557678503, 0.08018171334393741, 0.0, 0.052853149446430873, 0.002676512549558567, 0.0, 0.0, 0.6834922190314764, 0.036517940102164796, 0.6835196490055969, 0.0, 0.07864048690269734, 0.0, 0.6155955016197631, 0.0, 0.0, 0.0, 0.0, 0.3915812616413446, 0.0, 0.001895953786798694, 0.013939552613567129, 0.638156125724269, 0.002116615354010257, 0.0, 
0.026603290627695605, 0.015488887127890408, 0.0, 0.06608932959521652, 0.08371858566719621, 0.0, 0.05248520717487887, 0.005353025099117134, 0.0, 0.0, 0.6798317932847499, 0.03945836383938285, 0.7093134826311975, 0.0, 0.15728097380539469, 0.0, 0.6529939393417761, 0.0, 0.0, 0.0, 0.0, 0.39740243603963704, 0.0, 0.003791907573597388, 0.017292720996937655, 0.6592423714486598, 0.004233230708020514, 0.0, 
0.017735527085130404, 0.023233330691835613, 0.0, 0.06939419361364799, 0.08725545799045503, 0.0, 0.052117264903326854, 0.0080295376486757, 0.0, 0.0, 0.6761713675380232, 0.04239878757660091, 0.735107316256798, 0.0, 0.23592146070809203, 0.0, 0.6903923770637892, 0.0, 0.0, 0.0, 0.0, 0.40322361043792954, 0.0, 0.005687861360396082, 0.02064588938030818, 0.6803286171730505, 0.00634984606203077, 0.0, 
0.008867763542565202, 0.030977774255780816, 0.0, 0.07269905763207947, 0.09079233031371384, 0.0, 0.05174932263177485, 0.010706050198234267, 0.0, 0.0, 0.6725109417912967, 0.04533921131381897, 0.7609011498823987, 0.0, 0.31456194761078937, 0.0, 0.7277908147858023, 0.0, 0.0, 0.0, 0.0, 0.409044784836222, 0.0, 0.007583815147194776, 0.023999057763678704, 0.7014148628974413, 0.008466461416041028, 0.0, 
0.0, 0.03872221781972602, 0.0, 0.07600392165051095, 0.09432920263697266, 0.0, 0.051381380360222835, 0.013382562747792833, 0.0, 0.0, 0.6688505160445701, 0.04827963505103702, 0.7866949835079993, 0.0, 0.39320243451348674, 0.0, 0.7651892525078153, 0.0, 0.0, 0.0, 0.0, 0.4148659592345144, 0.0, 0.00947976893399347, 0.027352226147049227, 0.7225011086218319, 0.010583076770051285, 0.0, 
0.0, 0.030977774255780816, 0.0, 0.073094432343006, 0.1042078163672176, 0.0, 0.054311895023005784, 0.010706050198234267, 0.0, 0.0, 0.5494587432553151, 0.05786065595203069, 0.6523503069443797, 0.0, 0.3205283406912466, 0.0, 0.7372591477186463, 0.0, 0.0, 0.0, 0.0, 0.33189276738761153, 0.0, 0.01019444655566871, 0.02829026842171656, 0.7745290486437254, 0.010266113510334613, 0.0, 
0.0, 0.023233330691835613, 0.0, 0.07018494303550105, 0.11408643009746253, 0.0, 0.05724240968578873, 0.0080295376486757, 0.0, 0.0, 0.4300669704660599, 0.06744167685302435, 0.51800563038076, 0.0, 0.2478542468690064, 0.0, 0.7093290429294773, 0.0, 0.0, 0.0, 0.0, 0.24891957554070865, 0.0, 0.01090912417734395, 0.029228310696383895, 0.8265569886656189, 0.00994915025061794, 0.0, 
0.0, 0.015488887127890406, 0.0, 0.06727545372799609, 0.12396504382770747, 0.0, 0.06017292434857169, 0.005353025099117134, 0.0, 0.0, 0.31067519767680485, 0.07702269775401802, 0.3836609538171403, 0.0, 0.1751801530467662, 0.0, 0.6813989381403083, 0.0, 0.0, 0.0, 0.0, 0.16594638369380577, 0.0, 0.011623801799019187, 0.030166352971051233, 0.8785849286875125, 0.009632186990901268, 0.0, 
0.0, 0.007744443563945203, 0.0, 0.06436596442049113, 0.1338436575579524, 0.0, 0.06310343901135464, 0.002676512549558566, 0.0, 0.0, 0.19128342488754974, 0.08660371865501168, 0.24931627725352068, 0.0, 0.10250605922452605, 0.0, 0.6534688333511393, 0.0, 0.0, 0.0, 0.0, 0.08297319184690288, 0.0, 0.012338479420694427, 0.031104395245718567, 0.930612868709406, 0.009315223731184595, 0.0, 
0.0, 0.0, 0.0, 0.06145647511298617, 0.14372227128819734, 0.0, 0.06603395367413759, 0.0, 0.0, 0.0, 0.07189165209829464, 0.09618473955600534, 0.114971600689901, 0.0, 0.02983196540228589, 0.0, 0.6255387285619702, 0.0, 0.0, 0.0, 0.0, 0.0, 0.0, 0.013053157042369666, 0.0320424375203859, 0.9826408087312994, 0.008998260471467923, 0.0, 
0.0, 0.0, 0.0, 0.05855042389563559, 0.3149778170305578, 0.0, 0.20742282531906436, 0.0008756685996560201, 0.0, 0.0, 0.07198020518540046, 0.09859882827481478, 0.10646957036865336, 0.0, 0.035032002093391836, 0.0, 0.6375673272432216, 0.0008808617223671654, 0.0, 0.0, 0.0, 0.0, 0.0, 0.013136812709268607, 0.03404637300297059, 0.9473820244677316, 0.011607760492493544, 0.0, 
0.0, 0.0, 0.0, 0.05564437267828501, 0.4862333627729184, 0.0, 0.34881169696399117, 0.0017513371993120401, 0.0, 0.0, 0.07206875827250629, 0.10101291699362423, 0.0979675400474057, 0.0, 0.04023203878449778, 0.0, 0.6495959259244729, 0.0017617234447343307, 0.0, 0.0, 0.0, 0.0, 0.0, 0.013220468376167548, 0.03605030848555527, 0.9121232402041637, 0.014217260513519167, 0.0, 
0.0, 0.0, 0.0, 0.05273832146093442, 0.6574889085152789, 0.0, 0.4902005686089179, 0.00262700579896806, 0.0, 0.0, 0.0721573113596121, 0.10342700571243367, 0.08946550972615805, 0.0, 0.04543207547560372, 0.0, 0.6616245246057243, 0.002642585167101496, 0.0, 0.0, 0.0, 0.0, 0.0, 0.01330412404306649, 0.03805424396813996, 0.8768644559405958, 0.016826760534544787, 0.0, 
0.0, 0.0, 0.0, 0.04983227024358384, 0.8287444542576394, 0.0, 0.6315894402538447, 0.0035026743986240803, 0.0, 0.0, 0.07224586444671793, 0.10584109443124312, 0.08096347940491039, 0.0, 0.05063211216670966, 0.0, 0.6736531232869756, 0.0035234468894686614, 0.0, 0.0, 0.0, 0.0, 0.0, 0.013387779709965431, 0.040058179450724644, 0.841605671677028, 0.019436260555570413, 0.0, 
0.0, 0.0, 0.0, 0.04692621902623326, 1.0, 0.0, 0.7729783118987714, 0.0043783429982801, 0.0, 0.0, 0.07233441753382376, 0.10825518315005256, 0.07246144908366274, 0.0, 0.0558321488578156, 0.0, 0.685681721968227, 0.004404308611835827, 0.0, 0.0, 0.0, 0.0, 0.0, 0.013471435376864372, 0.04206211493330933, 0.8063468874134602, 0.022045760576596032, 0.0, 
0.0, 0.0, 0.0, 0.046791946973655144, 0.9881996339256227, 0.0, 0.7356827946284543, 0.0035026743986240803, 0.0, 0.0, 0.07053870629587028, 0.286604146520042, 0.08013771583042748, 0.0, 0.044665719086252484, 0.0, 0.6548376865559505, 0.006626770885067661, 0.0, 0.0, 0.0, 0.003936517577145334, 0.0, 0.010777148301491497, 0.039276340584492475, 0.8058094369323336, 0.017636608461276827, 0.0, 
0.0, 0.0, 0.0, 0.04665767492107703, 0.9763992678512455, 0.0, 0.6983872773581372, 0.00262700579896806, 0.0, 0.0, 0.0687429950579168, 0.46495310989003147, 0.08781398257719221, 0.0, 0.03349928931468936, 0.0, 0.6239936511436741, 0.008849233158299497, 0.0, 0.0, 0.0, 0.007873035154290667, 0.0, 0.008082861226118624, 0.03649056623567561, 0.8052719864512071, 0.013227456345957619, 0.0, 
0.0, 0.0, 0.0, 0.046523402868498924, 0.9645989017768682, 0.0, 0.6610917600878201, 0.0017513371993120403, 0.0, 0.0, 0.0669472838199633, 0.6433020732600209, 0.09549024932395694, 0.0, 0.022332859543126242, 0.0, 0.5931496157313977, 0.011071695431531331, 0.0, 0.0, 0.0, 0.011809552731436001, 0.0, 0.005388574150745749, 0.03370479188685876, 0.8047345359700806, 0.008818304230638412, 0.0, 
0.0, 0.0, 0.0, 0.04638913081592081, 0.9527985357024911, 0.0, 0.623796242817503, 0.0008756685996560202, 0.0, 0.0, 0.06515157258200982, 0.8216510366300104, 0.10316651607072166, 0.0, 0.011166429771563118, 0.0, 0.5623055803191213, 0.013294157704763165, 0.0, 0.0, 0.0, 0.015746070308581335, 0.0, 0.0026942870753728747, 0.030919017538041903, 0.8041970854889541, 0.004409152115319205, 0.0, 
0.0, 0.0, 0.0, 0.0462548587633427, 0.9409981696281138, 0.0, 0.5865007255471859, 0.0, 0.0, 0.0, 0.06335586134405634, 0.9999999999999999, 0.1108427828174864, 0.0, 0.0, 0.0, 0.5314615449068448, 0.015516619977994998, 0.0, 0.0, 0.0, 0.019682587885726667, 0.0, 0.0, 0.028133243189225044, 0.8036596350078276, 0.0, 0.0, 
0.0, 0.0, 0.0, 0.0448139709542631, 0.932698482050674, 0.0, 0.5950076287113022, 0.0, 0.0, 0.0, 0.05576326953103641, 0.9999999999999999, 0.114852277949866, 0.0, 0.0, 0.0, 0.4338769416648457, 0.012413295982396, 0.0, 0.0, 0.0, 0.015746070308581335, 0.0, 0.0, 0.0276504336649687, 0.7902337885511265, 0.0, 0.0, 
0.0, 0.0, 0.0, 0.043373083145183504, 0.9243987944732343, 0.0, 0.6035145318754185, 0.0, 0.0, 0.0, 0.048170677718016475, 0.9999999999999999, 0.1188617730822456, 0.0, 0.0, 0.0, 0.33629233842284656, 0.009309971986796998, 0.0, 0.0, 0.0, 0.011809552731436, 0.0, 0.0, 0.027167624140712356, 0.7768079420944254, 0.0, 0.0, 
0.0, 0.0, 0.0, 0.04193219533610391, 0.9160991068957944, 0.0, 0.6120214350395349, 0.0, 0.0, 0.0, 0.04057808590499654, 0.9999999999999999, 0.1228712682146252, 0.0, 0.0, 0.0, 0.23870773518084742, 0.006206647991198, 0.0, 0.0, 0.0, 0.007873035154290666, 0.0, 0.0, 0.026684814616456012, 0.7633820956377242, 0.0, 0.0, 
0.0, 0.0, 0.0, 0.04049130752702431, 0.9077994193183547, 0.0, 0.6205283382036512, 0.0, 0.0, 0.0, 0.03298549409197661, 0.9999999999999999, 0.1268807633470048, 0.0, 0.0, 0.0, 0.1411231319388483, 0.003103323995598999, 0.0, 0.0, 0.0, 0.003936517577145332, 0.0, 0.0, 0.02620200509219967, 0.7499562491810231, 0.0, 0.0, 
0.0, 0.0, 0.0, 0.039050419717944714, 0.8994997317409149, 0.0, 0.6290352413677675, 0.0, 0.0, 0.0, 0.02539290227895668, 0.9999999999999999, 0.1308902584793844, 0.0, 0.0, 0.0, 0.043538528696849155, 0.0, 0.0, 0.0, 0.0, 0.0, 0.0, 0.0, 0.025719195567943325, 0.736530402724322, 0.0, 0.0, 
0.0, 0.0, 0.0, 0.04439851321975029, 0.9195997853927319, 0.0, 0.6321855079414768, 0.0, 0.0, 0.0, 0.020314321823165345, 0.9782275755229922, 0.11536178667904909, 0.0, 0.0, 0.0, 0.17249340956814993, 0.006046251564923389, 0.0, 0.0, 0.0, 0.0, 0.0, 0.0, 0.022647172689477548, 0.7189533280454155, 0.0, 0.0, 
0.0, 0.0, 0.0, 0.04974660672155586, 0.9396998390445489, 0.0, 0.635335774515186, 0.0, 0.0, 0.0, 0.015235741367374007, 0.9564551510459846, 0.09983331487871379, 0.0, 0.0, 0.0, 0.3014482904394507, 0.012092503129846778, 0.0, 0.0, 0.0, 0.0, 0.0, 0.0, 0.01957514981101177, 0.7013762533665089, 0.0, 0.0, 
0.0, 0.0, 0.0, 0.05509470022336144, 0.959799892696366, 0.0, 0.6384860410888953, 0.0, 0.0, 0.0, 0.01015716091158267, 0.934682726568977, 0.08430484307837847, 0.0, 0.0, 0.0, 0.43040317131075145, 0.01813875469477017, 0.0, 0.0, 0.0, 0.0, 0.0, 0.0, 0.01650312693254599, 0.6837991786876022, 0.0, 0.0, 
0.0, 0.0, 0.0, 0.06044279372516701, 0.979899946348183, 0.0, 0.6416363076626045, 0.0, 0.0, 0.0, 0.0050785804557913344, 0.9129103020919693, 0.06877637127804317, 0.0, 0.0, 0.0, 0.5593580521820523, 0.024185006259693557, 0.0, 0.0, 0.0, 0.0, 0.0, 0.0, 0.013431104054080217, 0.6662221040086956, 0.0, 0.0, 
0.0, 0.0, 0.0, 0.06579088722697259, 1.0, 0.0, 0.6447865742363138, 0.0, 0.0, 0.0, 0.0, 0.8911378776149617, 0.053247899477707854, 0.0, 0.0, 0.0, 0.6883129330533531, 0.030231257824616945, 0.0, 0.0, 0.0, 0.0, 0.0, 0.0, 0.01035908117561444, 0.6486450293297891, 0.0, 0.0, 
0.0009005914724036324, 0.0, 0.0, 0.0556643778866478, 0.9632363118808964, 0.0, 0.6564874400446, 0.0, 0.0, 0.0, 0.0, 0.8756626602987553, 0.05294679515494949, 0.0, 0.0029449799671909813, 0.0, 0.6630938058278442, 0.02944207193218091, 0.0, 0.0, 0.0, 0.006148260372958262, 0.0, 0.0, 0.015212501381606569, 0.7189160234638312, 0.0, 0.0, 
0.0018011829448072649, 0.0, 0.0, 0.04553786854632302, 0.9264726237617928, 0.0, 0.6681883058528862, 0.0, 0.0, 0.0, 0.0, 0.860187442982549, 0.05264569083219112, 0.0, 0.005889959934381963, 0.0, 0.6378746786023352, 0.028652886039744876, 0.0, 0.0, 0.0, 0.012296520745916525, 0.0, 0.0, 0.020065921587598696, 0.7891870175978735, 0.0, 0.0, 
0.0027017744172108974, 0.0, 0.0, 0.035411359205998236, 0.8897089356426893, 0.0, 0.6798891716611724, 0.0, 0.0, 0.0, 0.0, 0.8447122256663426, 0.05234458650943275, 0.0, 0.008834939901572945, 0.0, 0.6126555513768263, 0.02786370014730884, 0.0, 0.0, 0.0, 0.018444781118874785, 0.0, 0.0, 0.024919341793590823, 0.8594580117319156, 0.0, 0.0, 
0.0036023658896145298, 0.0, 0.0, 0.025284849865673448, 0.8529452475235856, 0.0, 0.6915900374694586, 0.0, 0.0, 0.0, 0.0, 0.8292370083501364, 0.05204348218667438, 0.0, 0.011779919868763925, 0.0, 0.5874364241513172, 0.027074514254872808, 0.0, 0.0, 0.0, 0.02459304149183305, 0.0, 0.0, 0.029772761999582953, 0.9297290058659577, 0.0, 0.0, 
0.004502957362018162, 0.0, 0.0, 0.015158340525348667, 0.816181559404482, 0.0, 0.7032909032777448, 0.0, 0.0, 0.0, 0.0, 0.81376179103393, 0.051742377863916014, 0.0, 0.014724899835954907, 0.0, 0.5622172969258084, 0.02628532836243677, 0.0, 0.0, 0.0, 0.03074130186479131, 0.0, 0.0, 0.034626182205575076, 0.9999999999999999, 0.0, 0.0, 
0.11765451252797852, 0.0, 0.0, 0.014170924703272294, 0.8068163712423858, 0.0, 0.7249042875432954, 0.013284444076781827, 0.0, 0.0, 0.0, 0.851009432827144, 0.049120052673053326, 0.0, 0.014568576396248655, 0.0, 0.6045798978758066, 0.03224796543585736, 0.0, 0.0, 0.0, 0.02730210311970706, 0.0, 0.001845005184298231, 0.03552865839446865, 0.9858892050252795, 0.0, 0.004038885957340645, 
0.23080606769393888, 0.0, 0.0, 0.013183508881195922, 0.7974511830802895, 0.0, 0.7465176718088461, 0.026568888153563654, 0.0, 0.0, 0.0, 0.8882570746203581, 0.04649772748219063, 0.0, 0.014412252956542405, 0.0, 0.6469424988258048, 0.038210602509277956, 0.0, 0.0, 0.0, 0.02386290437462281, 0.0, 0.003690010368596462, 0.03643113458336222, 0.9717784100505592, 0.0, 0.00807777191468129, 
0.3439576228598992, 0.0, 0.0, 0.01219609305911955, 0.7880859949181933, 0.0, 0.7681310560743967, 0.039853332230345484, 0.0, 0.0, 0.0, 0.9255047164135721, 0.04387540229132794, 0.0, 0.014255929516836153, 0.0, 0.689305099775803, 0.044173239582698545, 0.0, 0.0, 0.0, 0.02042370562953856, 0.0, 0.005535015552894693, 0.03733361077225579, 0.957667615075839, 0.0, 0.012116657872021935, 
0.4571091780258596, 0.0, 0.0, 0.011208677237043177, 0.778720806756097, 0.0, 0.7897444403399474, 0.05313777630712731, 0.0, 0.0, 0.0, 0.9627523582067862, 0.041253077100465246, 0.0, 0.014099606077129902, 0.0, 0.7316677007258012, 0.05013587665611914, 0.0, 0.0, 0.0, 0.016984506884454312, 0.0, 0.007380020737192924, 0.03823608696114936, 0.9435568201011186, 0.0, 0.01615554382936258, 
0.5702607331918199, 0.0, 0.0, 0.010221261414966805, 0.7693556185940008, 0.0, 0.811357824605498, 0.06642222038390913, 0.0, 0.0, 0.0, 1.0000000000000002, 0.03863075190960256, 0.0, 0.01394328263742365, 0.0, 0.7740303016757994, 0.05609851372953973, 0.0, 0.0, 0.0, 0.01354530813937006, 0.0, 0.009225025921491155, 0.03913856315004293, 0.9294460251263983, 0.0, 0.020194429786703223, 
0.45896815909622796, 0.0, 0.0, 0.008177009131973443, 0.756379219368398, 0.0020924868149400223, 0.7757981386800986, 0.2531377763071273, 0.0, 0.0, 0.0, 0.9492770229681671, 0.03404365345434742, 0.0, 0.013018545777271748, 0.0, 0.6262893838911308, 0.04961354613894564, 0.0, 0.0, 0.0, 0.011704491070379928, 0.0, 0.007380020737192924, 0.03534899343214349, 0.9057146635138608, 0.0, 0.01822670480856186, 
0.347675585000636, 0.0, 0.0, 0.006132756848980083, 0.7434028201427952, 0.004184973629880045, 0.7402384527546992, 0.4398533322303455, 0.0, 0.0, 0.0, 0.8985540459363338, 0.029456554999092287, 0.0, 0.012093808917119846, 0.0, 0.4785484661064622, 0.043128578548351545, 0.0, 0.0, 0.0, 0.009863674001389799, 0.0, 0.0055350155528946935, 0.03155942371424404, 0.8819833019013233, 0.0, 0.016258979830420493, 
0.236383010905044, 0.0, 0.0, 0.0040885045659867225, 0.7304264209171923, 0.0062774604448200665, 0.7046787668293, 0.6265688881535636, 0.0, 0.0, 0.0, 0.8478310689045007, 0.024869456543837154, 0.0, 0.011169072056967943, 0.0, 0.33080754832179354, 0.03664361095775746, 0.0, 0.0, 0.0, 0.008022856932399668, 0.0, 0.003690010368596463, 0.0277698539963446, 0.8582519402887858, 0.0, 0.014291254852279127, 
0.12509043680945203, 0.0, 0.0, 0.0020442522829933613, 0.7174500216915896, 0.00836994725976009, 0.6691190809039006, 0.8132844440767818, 0.0, 0.0, 0.0, 0.7971080918726674, 0.020282358088582017, 0.0, 0.010244335196816041, 0.0, 0.1830666305371249, 0.030158643367163368, 0.0, 0.0, 0.0, 0.006182039863409538, 0.0, 0.0018450051842982314, 0.023980284278445157, 0.8345205786762484, 0.0, 0.012323529874137762, 
0.013797862713860083, 0.0, 0.0, 0.0, 0.7044736224659868, 0.010462434074700112, 0.6335593949785012, 1.0, 0.0, 0.0, 0.0, 0.7463851148408343, 0.015695259633326884, 0.0, 0.00931959833666414, 0.0, 0.035325712752456245, 0.023673675776569276, 0.0, 0.0, 0.0, 0.004341222794419408, 0.0, 0.0, 0.020190714560545713, 0.8107892170637109, 0.0, 0.010355804895996397, 
0.011038290171088067, 0.0, 0.0, 0.00199306833513817, 0.7420899923543886, 0.014223591100644264, 0.6457752049919182, 0.802787810942291, 0.0, 0.0, 0.004638318652207991, 0.7971080918726674, 0.014600026708537802, 0.0, 0.008359314352964064, 0.0, 0.05307902623691449, 0.041991171545793265, 0.0026846296422542294, 0.0, 0.0, 0.0034729782355355267, 0.0, 0.001938636287919493, 0.025386270717135964, 0.8133770969409162, 0.0019446975463805426, 0.008284643916797117, 
0.00827871762831605, 0.0, 0.0, 0.00398613667027634, 0.7797063622427902, 0.017984748126588415, 0.6579910150053353, 0.605575621884582, 0.0, 0.0, 0.009276637304415983, 0.8478310689045006, 0.01350479378374872, 0.0, 0.007399030369263988, 0.0, 0.07083233972137273, 0.060308667315017245, 0.005369259284508459, 0.0, 0.0, 0.002604733676651645, 0.0, 0.003877272575838986, 0.03058182687372622, 0.8159649768181216, 0.003889395092761085, 0.006213482937597838, 
0.005519145085544033, 0.0, 0.0, 0.0059792050054145104, 0.817322732131192, 0.021745905152532566, 0.6702068250187523, 0.40836343282687304, 0.0, 0.0, 0.013914955956623974, 0.8985540459363337, 0.01240956085895964, 0.0, 0.006438746385563913, 0.0, 0.08858565320583099, 0.07862616308424124, 0.008053888926762688, 0.0, 0.0, 0.0017364891177677633, 0.0, 0.0058159088637584795, 0.035777383030316474, 0.818552856695327, 0.005834092639141628, 0.004142321958398559, 
0.0027595725427720166, 0.0, 0.0, 0.00797227334055268, 0.8549391020195938, 0.02550706217847672, 0.6824226350321694, 0.21115124376916405, 0.0, 0.0, 0.018553274608831966, 0.9492770229681667, 0.011314327934170558, 0.0, 0.005478462401863837, 0.0, 0.10633896669028924, 0.09694365885346522, 0.010738518569016918, 0.0, 0.0, 0.0008682445588838817, 0.0, 0.007754545151677972, 0.040972939186906726, 0.8211407365725324, 0.00777879018552217, 0.0020711609791992797, 
0.0, 0.0, 0.0, 0.00996534167569085, 0.8925554719079954, 0.02926821920442087, 0.6946384450455864, 0.013939054711455064, 0.0, 0.0, 0.023191593261039957, 0.9999999999999999, 0.010219095009381476, 0.0, 0.004518178418163762, 0.0, 0.12409228017474748, 0.11526115462268921, 0.013423148211271147, 0.0, 0.0, 0.0, 0.0, 0.009693181439597465, 0.04616849534349698, 0.8237286164497377, 0.009723487731902713, 0.0, 
0.0, 0.0, 0.0, 0.01121627143704584, 0.9106850183147038, 0.039898677819871754, 0.7145635504910562, 0.011151243769164052, 0.0, 0.0, 0.02619231747703419, 0.9999999999999999, 0.011220170444534562, 0.0, 0.016160055268220543, 0.0, 0.116911117685014, 0.20478344935084467, 0.011628195467804432, 0.0, 0.0, 0.004660864654141079, 0.0, 0.007754545151677972, 0.04260016518768363, 0.818236745763437, 0.00777879018552217, 0.0, 
0.0, 0.0, 0.0, 0.012467201198400833, 0.9288145647214122, 0.05052913643532264, 0.7344886559365261, 0.00836343282687304, 0.0, 0.0, 0.029193041693028426, 0.9999999999999999, 0.012221245879687648, 0.0, 0.027801932118277323, 0.0, 0.10972995519528052, 0.2943057440790001, 0.009833242724337717, 0.0, 0.0, 0.009321729308282158, 0.0, 0.005815908863758479, 0.03903183503187028, 0.8127448750771361, 0.005834092639141628, 0.0, 
0.0, 0.0, 0.0, 0.013718130959755824, 0.9469441111281207, 0.06115959505077352, 0.754413761381996, 0.005575621884582025, 0.0, 0.0, 0.03219376590902266, 1.0, 0.013222321314840734, 0.0, 0.039443808968334104, 0.0, 0.10254879270554704, 0.3838280388071556, 0.008038289980871001, 0.0, 0.0, 0.013982593962423236, 0.0, 0.003877272575838985, 0.03546350487605693, 0.8072530043908354, 0.0038893950927610856, 0.0, 
0.0, 0.0, 0.0, 0.014969060721110816, 0.9650736575348291, 0.0717900536662244, 0.7743388668274659, 0.0027878109422910125, 0.0, 0.0, 0.035194490125016895, 1.0, 0.01422339674999382, 0.0, 0.05108568581839089, 0.0, 0.09536763021581356, 0.47335033353531103, 0.006243337237404285, 0.0, 0.0, 0.018643458616564315, 0.0, 0.0019386362879194926, 0.031895174720243585, 0.8017611337045345, 0.0019446975463805428, 0.0, 
0.0, 0.0, 0.0, 0.016219990482465807, 0.9832032039415375, 0.08242051228167528, 0.7942639722729358, 0.0, 0.0, 0.0, 0.03819521434101113, 1.0, 0.015224472185146906, 0.0, 0.06272756266844767, 0.0, 0.08818646772608008, 0.5628726282634665, 0.00444838449393757, 0.0, 0.0, 0.023304323270705394, 0.0, 0.0, 0.028326844564430236, 0.7962692630182338, 0.0, 0.0, 
0.0, 0.0, 0.0, 0.01490972744580096, 0.9365321873670676, 0.07798873756535533, 0.7621917842168074, 0.0, 0.0, 0.0, 0.03977906931783646, 1.0, 0.012179577748117525, 0.0, 0.05018205013475814, 0.0, 0.07991537749459561, 0.5627773168070362, 0.005305998587388038, 0.0, 0.0, 0.018643458616564315, 0.0, 0.0, 0.033614260889020794, 0.8342595478284666, 0.0, 0.0, 
0.0, 0.0, 0.0, 0.01359946440913611, 0.8898611707925975, 0.07355696284903539, 0.7301195961606791, 0.0, 0.0, 0.0, 0.04136292429466179, 1.0, 0.009134683311088142, 0.0, 0.0376365376010686, 0.0, 0.07164428726311114, 0.5626820053506059, 0.006163612680838504, 0.0, 0.0, 0.013982593962423236, 0.0, 0.0, 0.038901677213611346, 0.8722498326386993, 0.0, 0.0, 
0.0, 0.0, 0.0, 0.012289201372471263, 0.8431901542181276, 0.06912518813271545, 0.6980474081045508, 0.0, 0.0, 0.0, 0.042946779271487115, 1.0, 0.006089788874058762, 0.0, 0.025091025067379064, 0.0, 0.0633731970316267, 0.5625866938941756, 0.007021226774288972, 0.0, 0.0, 0.009321729308282158, 0.0, 0.0, 0.044189093538201905, 0.9102401174489321, 0.0, 0.0, 
0.0, 0.0, 0.0, 0.010978938335806415, 0.7965191376436576, 0.0646934134163955, 0.6659752200484225, 0.0, 0.0, 0.0, 0.044530634248312446, 1.0, 0.003044894437029381, 0.0, 0.012545512533689532, 0.0, 0.05510210680014223, 0.5624913824377452, 0.00787884086773944, 0.0, 0.0, 0.004660864654141079, 0.0, 0.0, 0.049476509862792464, 0.9482304022591648, 0.0, 0.0, 
0.0, 0.0, 0.0, 0.009668675299141567, 0.7498481210691876, 0.06026163870007556, 0.6339030319922941, 0.0, 0.0, 0.0, 0.04611448922513778, 1.0, 0.0, 0.0, 0.0, 0.0, 0.04683101656865777, 0.5623960709813149, 0.008736454961189907, 0.0, 0.0, 0.0, 0.0, 0.0, 0.054763926187383016, 0.9862206870693976, 0.0, 0.0, 
0.0, 0.0, 0.0, 0.007734940239313254, 0.7944802593940212, 0.06388377201504374, 0.6272351010843429, 0.0, 0.0, 0.0, 0.05471742887603382, 1.0, 0.0, 0.0018059854309791308, 0.0, 0.0, 0.04455597500099094, 0.5497541869331489, 0.008890212916330935, 0.0, 0.07684748183637403, 0.004493774394441438, 0.0, 0.0, 0.05569806126192114, 0.9730770284409987, 0.0, 0.07698564413767155, 
0.0, 0.0, 0.0, 0.00580120517948494, 0.8391123977188547, 0.06750590533001191, 0.6205671701763915, 0.0, 0.0, 0.0, 0.06332036852692986, 1.0, 0.0, 0.0036119708619582616, 0.0, 0.0, 0.04228093343332411, 0.5371123028849828, 0.009043970871471964, 0.0, 0.15369496367274807, 0.008987548788882875, 0.0, 0.0, 0.056632196336459266, 0.9599333698125999, 0.0, 0.1539712882753431, 
0.0, 0.0, 0.0, 0.003867470119656626, 0.8837445360436883, 0.07112803864498007, 0.6138992392684403, 0.0, 0.0, 0.0, 0.0719233081778259, 1.0, 0.0, 0.005417956292937393, 0.0, 0.0, 0.040005891865657284, 0.5244704188368168, 0.009197728826612992, 0.0, 0.23054244550912212, 0.013481323183324314, 0.0, 0.0, 0.05756633141099739, 0.9467897111842011, 0.0, 0.23095693241301463, 
0.0, 0.0, 0.0, 0.001933735059828313, 0.9283766743685218, 0.07475017195994825, 0.6072313083604889, 0.0, 0.0, 0.0, 0.08052624782872195, 1.0, 0.0, 0.007223941723916523, 0.0, 0.0, 0.03773085029799046, 0.5118285347886506, 0.009351486781754022, 0.0, 0.30738992734549614, 0.01797509757776575, 0.0, 0.0, 0.058500466485535516, 0.9336460525558022, 0.0, 0.3079425765506862, 
0.0, 0.0, 0.0, 0.0, 0.9730088126933554, 0.07837230527491643, 0.6005633774525376, 0.0, 0.0, 0.0, 0.08912918747961798, 1.0, 0.0, 0.009029927154895654, 0.0, 0.0, 0.03545580873032363, 0.4991866507404846, 0.00950524473689505, 0.0, 0.38423740918187016, 0.022468871972207188, 0.0, 0.0, 0.05943460156007364, 0.9205023939274034, 0.0, 0.38492822068835775, 
0.0, 0.0, 0.0, 0.0, 0.9621268417293208, 0.08512847175447123, 0.6016137213944384, 0.0, 0.0, 0.0, 0.09537290904902791, 0.9858577259875209, 0.0, 0.007223941723916523, 0.0, 0.0, 0.035198688878706176, 0.5086288882893881, 0.009415423396559522, 0.0, 0.30738992734549614, 0.022164436873327895, 0.00985035611784625, 0.0, 0.06302466402895579, 0.8759407433551594, 0.0, 0.3079425765506862, 
0.0, 0.0, 0.0, 0.0, 0.9512448707652863, 0.09188463823402605, 0.6026640653363391, 0.0, 0.0, 0.0, 0.10161663061843784, 0.9717154519750416, 0.0, 0.005417956292937392, 0.0, 0.0, 0.03494156902708871, 0.5180711258382916, 0.009325602056223995, 0.0, 0.2305424455091221, 0.0218600017744486, 0.0197007122356925, 0.0, 0.06661472649783794, 0.8313790927829152, 0.0, 0.23095693241301465, 
0.0, 0.0, 0.0, 0.0, 0.9403628998012517, 0.09864080471358086, 0.6037144092782399, 0.0, 0.0, 0.0, 0.10786035218784777, 0.9575731779625625, 0.0, 0.0036119708619582608, 0.0, 0.0, 0.034684449175471255, 0.5275133633871951, 0.009235780715888466, 0.0, 0.15369496367274804, 0.021555566675569307, 0.029551068353538747, 0.0, 0.07020478896672008, 0.7868174422106712, 0.0, 0.15397128827534312, 
0.0, 0.0, 0.0, 0.0, 0.9294809288372171, 0.10539697119313568, 0.6047647532201407, 0.0, 0.0, 0.0, 0.1141040737572577, 0.9434309039500832, 0.0, 0.0018059854309791304, 0.0, 0.0, 0.03442732932385379, 0.5369556009360986, 0.009145959375552938, 0.0, 0.07684748183637402, 0.02125113157669001, 0.039401424471385, 0.0, 0.07379485143560224, 0.7422557916384271, 0.0, 0.07698564413767156, 
0.0, 0.0, 0.0, 0.0, 0.9185989578731826, 0.11215313767269049, 0.6058150971620414, 0.0, 0.0, 0.0, 0.12034779532666763, 0.9292886299376041, 0.0, 0.0, 0.0, 0.0, 0.03417020947223633, 0.5463978384850021, 0.00905613803521741, 0.0, 0.0, 0.02094669647781072, 0.04925178058923125, 0.0, 0.07738491390448439, 0.697694141066183, 0.0, 0.0, 
0.012837566570373809, 0.0, 0.0, 0.0, 0.9066380314035556, 0.21633883125896486, 0.49015911309033994, 0.0, 0.0, 0.0, 0.2962782362613341, 0.9387597262214153, 0.0, 0.0, 0.0, 0.0, 0.03383404092805438, 0.5560611651832297, 0.01267150788934998, 0.0, 0.0, 0.1204662420342186, 0.039401424471385, 0.0, 0.08014043356496746, 0.7472402879501466, 0.0, 0.005199260211485037, 
0.025675133140747618, 0.0, 0.0, 0.0, 0.8946771049339286, 0.32052452484523924, 0.37450312901863847, 0.0, 0.0, 0.0, 0.4722086771960005, 0.9482308225052266, 0.0, 0.0, 0.0, 0.0, 0.033497872383872425, 0.5657244918814572, 0.016286877743482548, 0.0, 0.0, 0.21998578759062648, 0.02955106835353875, 0.0, 0.08289595322545053, 0.7967864348341103, 0.0, 0.010398520422970074, 
0.03851269971112142, 0.0, 0.0, 0.0, 0.8827161784643017, 0.42471021843151363, 0.25884714494693695, 0.0, 0.0, 0.0, 0.6481391181306669, 0.957701918789038, 0.0, 0.0, 0.0, 0.0, 0.03316170383969048, 0.5753878185796847, 0.01990224759761512, 0.0, 0.0, 0.3195053331470344, 0.019700712235692502, 0.0, 0.08565147288593361, 0.8463325817180738, 0.0, 0.01559778063445511, 
0.051350266281495235, 0.0, 0.0, 0.0, 0.8707552519946747, 0.5288959120177881, 0.14319116087523548, 0.0, 0.0, 0.0, 0.8240695590653334, 0.9671730150728493, 0.0, 0.0, 0.0, 0.0, 0.03282553529550852, 0.5850511452779122, 0.023517617451747685, 0.0, 0.0, 0.41902487870344224, 0.009850356117846251, 0.0, 0.08840699254641668, 0.8958787286020374, 0.0, 0.020797040845940147, 
0.06418783285186905, 0.0, 0.0, 0.0, 0.8587943255250478, 0.6330816056040625, 0.02753517680353401, 0.0, 0.0, 0.0, 0.9999999999999999, 0.9766441113566605, 0.0, 0.0, 0.0, 0.0, 0.03248936675132657, 0.5947144719761398, 0.027132987305880256, 0.0, 0.0, 0.5185444242598501, 0.0, 0.0, 0.09116251220689975, 0.9454248754860011, 0.0, 0.025996301057425182, 
0.051350266281495235, 0.0037510834304108945, 0.0, 0.0, 0.8127174984555811, 0.6533259948465483, 0.02202814144282721, 0.003547843820020771, 0.0, 0.0, 0.9999999999999999, 0.9570378877533848, 0.0, 0.0, 0.08457205431051024, 0.0, 0.02780166077875512, 0.662718813674349, 0.023736293681893818, 0.0, 0.0, 0.511271266471757, 0.0, 0.0, 0.0885049923043637, 0.9446119921478542, 0.0018219593804164487, 0.020797040845940147, 
0.03851269971112143, 0.007502166860821789, 0.0, 0.0, 0.7666406713861142, 0.6735703840890341, 0.01652110608212041, 0.007095687640041542, 0.0, 0.0, 0.9999999999999999, 0.9374316641501093, 0.0, 0.0, 0.16914410862102047, 0.0, 0.023113954806183667, 0.7307231553725584, 0.02033960005790738, 0.0, 0.0, 0.503998108683664, 0.0, 0.0, 0.08584747240182768, 0.9437991088097073, 0.0036439187608328974, 0.015597780634455109, 
0.025675133140747625, 0.011253250291232683, 0.0, 0.0, 0.7205638443166476, 0.6938147733315199, 0.011014070721413603, 0.010643531460062312, 0.0, 0.0, 1.0, 0.9178254405468336, 0.0, 0.0, 0.2537161629315307, 0.0, 0.01842624883361222, 0.7987274970707676, 0.01694290643392094, 0.0, 0.0, 0.4967249508955709, 0.0, 0.0, 0.08318995249929163, 0.9429862254715605, 0.005465878141249346, 0.010398520422970072, 
0.012837566570373812, 0.015004333721643578, 0.0, 0.0, 0.6744870172471809, 0.7140591625740057, 0.005507035360706802, 0.014191375280083084, 0.0, 0.0, 1.0, 0.898219216943558, 0.0, 0.0, 0.33828821724204095, 0.0, 0.01373854286104077, 0.8667318387689769, 0.013546212809934503, 0.0, 0.0, 0.48945179310747783, 0.0, 0.0, 0.0805324325967556, 0.9421733421334136, 0.007287837521665795, 0.005199260211485035, 
0.0, 0.018755417152054473, 0.0, 0.0, 0.628410190177714, 0.7343035518164915, 0.0, 0.017739219100103856, 0.0, 0.0, 1.0, 0.8786129933402823, 0.0, 0.0, 0.4228602715525512, 0.0, 0.009050836888469319, 0.9347361804671862, 0.010149519185948063, 0.0, 0.0, 0.48217863531938476, 0.0, 0.0, 0.07787491269421956, 0.9413604587952668, 0.009109796902082244, 0.0, 
0.0, 0.015004333721643578, 0.0, 0.0, 0.6346280113292123, 0.7311245207691023, 0.0, 0.014191375280083084, 0.0, 0.0, 0.9584099524298487, 0.8145934420112171, 0.0, 0.0, 0.33828821724204095, 0.0, 0.007240669510775455, 0.8819502298343498, 0.008119615348758451, 0.0, 0.0, 0.40722774353035707, 0.0, 0.0, 0.08351976676165636, 0.9530883670362134, 0.007287837521665795, 0.0008672096580030809, 
0.0, 0.011253250291232683, 0.0, 0.0, 0.6408458324807106, 0.727945489721713, 0.0, 0.010643531460062314, 0.0, 0.0, 0.9168199048596973, 0.7505738906821517, 0.0, 0.0, 0.2537161629315307, 0.0, 0.005430502133081591, 0.8291642792015133, 0.006089711511568838, 0.0, 0.0, 0.3322768517413294, 0.0, 0.0, 0.08916462082909316, 0.9648162752771601, 0.005465878141249346, 0.0017344193160061618, 
0.0, 0.00750216686082179, 0.0, 0.0, 0.6470636536322087, 0.7247664586743239, 0.0, 0.007095687640041544, 0.0, 0.0, 0.875229857289546, 0.6865543393530865, 0.0, 0.0, 0.16914410862102047, 0.0, 0.0036203347553877274, 0.7763783285686768, 0.004059807674379225, 0.0, 0.0, 0.2573259599523018, 0.0, 0.0, 0.09480947489652997, 0.9765441835181067, 0.003643918760832898, 0.002601628974009243, 
0.0, 0.003751083430410895, 0.0, 0.0, 0.653281474783707, 0.7215874276269346, 0.0, 0.003547843820020772, 0.0, 0.0, 0.8336398097193947, 0.6225347880240213, 0.0, 0.0, 0.08457205431051024, 0.0, 0.0018101673776938637, 0.7235923779358404, 0.0020299038371896123, 0.0, 0.0, 0.1823750681632741, 0.0, 0.0, 0.10045432896396676, 0.9882720917590534, 0.001821959380416449, 0.0034688386320123237, 
0.0, 0.0, 0.0, 0.0, 0.6594992959352053, 0.7184083965795454, 0.0, 0.0, 0.0, 0.0, 0.7920497621492434, 0.5585152366949561, 0.0, 0.0, 0.0, 0.0, 0.0, 0.6708064273030039, 0.0, 0.0, 0.0, 0.10742417637424638, 0.0, 0.0, 0.10609918303140356, 1.0, 0.0, 0.004336048290015404, 
0.0, 0.0, 0.0, 0.0, 0.678557862410363, 0.707951446150072, 0.0, 0.0, 0.0, 0.0, 0.8336398097193947, 0.6434527980865462, 0.0, 0.0, 0.0, 0.0, 0.0008986949401410734, 0.7074499780650768, 0.0, 0.0, 0.0, 0.08680923494795063, 0.0, 0.0, 0.10492376301608777, 0.8311756170596523, 0.0, 0.0034688386320123237, 
0.0, 0.0, 0.0, 0.0, 0.6976164288855207, 0.6974944957205986, 0.0, 0.0, 0.0, 0.0, 0.875229857289546, 0.7283903594781364, 0.0, 0.0, 0.0, 0.0, 0.0017973898802821468, 0.7440935288271497, 0.0, 0.0, 0.0, 0.06619429352165487, 0.0, 0.0, 0.10374834300077199, 0.6623512341193044, 0.0, 0.0026016289740092425, 
0.0, 0.0, 0.0, 0.0, 0.7166749953606784, 0.6870375452911254, 0.0, 0.0, 0.0, 0.0, 0.9168199048596973, 0.8133279208697265, 0.0, 0.0, 0.0, 0.0, 0.0026960848204232203, 0.7807370795892227, 0.0, 0.0, 0.0, 0.04557935209535913, 0.0, 0.0, 0.10257292298545619, 0.49352685117895656, 0.0, 0.0017344193160061614, 
0.0, 0.0, 0.0, 0.0, 0.735733561835836, 0.676580594861652, 0.0, 0.0, 0.0, 0.0, 0.9584099524298486, 0.8982654822613166, 0.0, 0.0, 0.0, 0.0, 0.0035947797605642936, 0.8173806303512956, 0.0, 0.0, 0.0, 0.02496441066906338, 0.0, 0.0, 0.1013975029701404, 0.3247024682386088, 0.0, 0.0008672096580030807, 
0.0, 0.0, 0.0, 0.0, 0.7547921283109937, 0.6661236444321786, 0.0, 0.0, 0.0, 0.0, 1.0, 0.9832030436529068, 0.0, 0.0, 0.0, 0.0, 0.004493474700705367, 0.8540241811133685, 0.0, 0.0, 0.0, 0.004349469242767628, 0.0, 0.0, 0.10022208295482461, 0.15587808529826105, 0.0, 0.0, 
0.0, 0.0, 0.0, 0.0, 0.7077342027705816, 0.6727628098243733, 0.0, 0.0, 0.0, 0.0, 1.0, 0.9178035520655391, 0.0, 0.0, 0.0, 0.0, 0.0035947797605642936, 0.8050550795016794, 0.0038343664069959843, 0.0, 0.0, 0.011262801262175437, 0.0, 0.0, 0.09529477141329405, 0.13687294258657792, 0.0, 0.0, 
0.0, 0.0, 0.0, 0.0, 0.6606762772301695, 0.6794019752165681, 0.0, 0.0, 0.0, 0.0, 1.0, 0.8524040604781715, 0.0, 0.0, 0.0, 0.0, 0.0026960848204232203, 0.7560859778899903, 0.007668732813991969, 0.0, 0.0, 0.018176133281583247, 0.0, 0.0, 0.09036745987176349, 0.11786779987489479, 0.0, 0.0, 
0.0, 0.0, 0.0, 0.0, 0.6136183516897575, 0.6860411406087628, 0.0, 0.0, 0.0, 0.0, 1.0, 0.7870045688908038, 0.0, 0.0, 0.0, 0.0, 0.0017973898802821466, 0.7071168762783011, 0.011503099220987953, 0.0, 0.0, 0.025089465300991057, 0.0, 0.0, 0.08544014833023292, 0.09886265716321166, 0.0, 0.0, 
0.0, 0.0, 0.0, 0.0, 0.5665604261493454, 0.6926803060009575, 0.0, 0.0, 0.0, 0.0, 1.0, 0.7216050773034361, 0.0, 0.0, 0.0, 0.0, 0.0008986949401410733, 0.658147774666612, 0.015337465627983937, 0.0, 0.0, 0.03200279732039887, 0.0, 0.0, 0.08051283678870236, 0.07985751445152853, 0.0, 0.0, 
0.0, 0.0, 0.0, 0.0, 0.5195025006089333, 0.6993194713931522, 0.0, 0.0, 0.0, 0.0, 1.0, 0.6562055857160685, 0.0, 0.0, 0.0, 0.0, 0.0, 0.6091786730549229, 0.01917183203497992, 0.0, 0.0, 0.03891612933980668, 0.0, 0.0, 0.0755855252471718, 0.060852371739845396, 0.0, 0.0, 
0.0, 0.0, 0.0, 0.0, 0.4156020004871467, 0.7064755845040581, 0.0, 0.0, 0.0, 0.003538264118006806, 1.0, 0.531991926003674, 0.0, 0.00183145171335913, 0.0, 0.0, 0.0037073470764608396, 0.651167784358069, 0.01956659963934007, 0.0, 0.0, 0.03113290347184534, 0.0, 0.0, 0.24094170735648515, 0.0727633254767534, 0.0, 0.0, 
0.0, 0.0, 0.0, 0.0, 0.31170150036536, 0.7136316976149641, 0.0, 0.0, 0.0, 0.007076528236013612, 1.0, 0.40777826629127933, 0.0, 0.00366290342671826, 0.0, 0.0, 0.007414694152921679, 0.6931568956612152, 0.01996136724370022, 0.0, 0.0, 0.023349677603884005, 0.0, 0.0, 0.4062978894657985, 0.08467427921366143, 0.0, 0.0, 
0.0, 0.0, 0.0, 0.0, 0.2078010002435733, 0.7207878107258701, 0.0, 0.0, 0.0, 0.010614792354020419, 1.0, 0.2835646065788848, 0.0, 0.00549435514007739, 0.0, 0.0, 0.011122041229382519, 0.7351460069643613, 0.020356134848060373, 0.0, 0.0, 0.015566451735922672, 0.0, 0.0, 0.5716540715751118, 0.09658523295056944, 0.0, 0.0, 
0.0, 0.0, 0.0, 0.0, 0.10390050012178664, 0.7279439238367761, 0.0, 0.0, 0.0, 0.014153056472027224, 1.0, 0.15935094686649026, 0.0, 0.00732580685343652, 0.0, 0.0, 0.014829388305843358, 0.7771351182675075, 0.020750902452420523, 0.0, 0.0, 0.007783225867961336, 0.0, 0.0, 0.7370102536844252, 0.10849618668747746, 0.0, 0.0, 
0.0, 0.0, 0.0, 0.0, 0.0, 0.735100036947682, 0.0, 0.0, 0.0, 0.01769132059003403, 1.0, 0.03513728715409573, 0.0, 0.00915725856679565, 0.0, 0.0, 0.018536735382304197, 0.8191242295706536, 0.021145670056780672, 0.0, 0.0, 0.0, 0.0, 0.0, 0.9023664357937385, 0.12040714042438547, 0.0, 0.0, 
0.0, 0.0, 0.0, 0.0, 0.0, 0.6929953322221233, 0.0, 0.0, 0.0, 0.025026238141816686, 1.0, 0.029003160684286676, 0.0, 0.00732580685343652, 0.001925094262369986, 0.0, 0.01571557380770916, 0.7830427177797605, 0.018933694704540427, 0.0, 0.0, 0.015957407518059078, 0.0, 0.0, 0.8765113809239627, 0.24534823342499731, 0.0, 0.0, 
0.0, 0.0, 0.0, 0.0, 0.0, 0.6508906274965645, 0.0, 0.0, 0.0, 0.03236115569359935, 1.0, 0.022869034214477623, 0.0, 0.00549435514007739, 0.003850188524739972, 0.0, 0.01289441223311412, 0.7469612059888675, 0.016721719352300178, 0.0, 0.0, 0.031914815036118156, 0.0, 0.0, 0.850656326054187, 0.3702893264256092, 0.0, 0.0, 
0.0, 0.0, 0.0, 0.0, 0.0, 0.6087859227710057, 0.0, 0.0, 0.0, 0.039696073245382005, 0.9999999999999999, 0.01673490774466857, 0.0, 0.00366290342671826, 0.0057752827871099584, 0.0, 0.010073250658519082, 0.7108796941979745, 0.014509744000059931, 0.0, 0.0, 0.04787222255417724, 0.0, 0.0, 0.8248012711844113, 0.49523041942622104, 0.0, 0.0, 
0.0, 0.0, 0.0, 0.0, 0.0, 0.566681218045447, 0.0, 0.0, 0.0, 0.04703099079716466, 0.9999999999999999, 0.010600781274859514, 0.0, 0.00183145171335913, 0.007700377049479944, 0.0, 0.007252089083924043, 0.6747981824070814, 0.012297768647819684, 0.0, 0.0, 0.06382963007223631, 0.0, 0.0, 0.7989462163146355, 0.6201715124268329, 0.0, 0.0, 
0.0, 0.0, 0.0, 0.0, 0.0, 0.5245765133198882, 0.0, 0.0, 0.0, 0.05436590834894732, 0.9999999999999999, 0.004466654805050457, 0.0, 0.0, 0.00962547131184993, 0.0, 0.004430927509329005, 0.6387166706161884, 0.010085793295579437, 0.0, 0.0, 0.07978703759029539, 0.0, 0.0, 0.7730911614448597, 0.7451126054274447, 0.0, 0.0, 
0.003637013488702478, 0.0, 0.0, 0.0, 0.0, 0.5687160517358036, 0.0, 0.0, 0.0, 0.06906299546472544, 0.9626201775498983, 0.003573323844040366, 0.0, 0.0, 0.007700377049479944, 0.0, 0.006494414377062881, 0.6391878968589795, 0.017962210837469263, 0.0, 0.0, 0.06382963007223631, 0.0, 0.0, 0.8010596520081893, 0.7665734552922893, 0.0, 0.0, 
0.007274026977404956, 0.0, 0.0, 0.0, 0.0, 0.6128555901517191, 0.0, 0.0, 0.0, 0.08376008258050356, 0.9252403550997965, 0.0026799928830302743, 0.0, 0.0, 0.005775282787109958, 0.0, 0.008557901244796759, 0.6396591231017705, 0.025838628379359088, 0.0, 0.0, 0.04787222255417723, 0.0, 0.0, 0.8290281425715189, 0.7880343051571337, 0.0, 0.0, 
0.010911040466107434, 0.0, 0.0, 0.0, 0.0, 0.6569951285676345, 0.0, 0.0, 0.0, 0.09845716969628168, 0.8878605326496949, 0.0017866619220201826, 0.0, 0.0, 0.003850188524739971, 0.0, 0.010621388112530635, 0.6401303493445616, 0.033715045921248916, 0.0, 0.0, 0.03191481503611815, 0.0, 0.0, 0.8569966331348484, 0.8094951550219782, 0.0, 0.0, 
0.014548053954809912, 0.0, 0.0, 0.0, 0.0, 0.70113466698355, 0.0, 0.0, 0.0, 0.1131542568120598, 0.8504807101995933, 0.0008933309610100913, 0.0, 0.0, 0.0019250942623699856, 0.0, 0.01268487498026451, 0.6406015755873526, 0.041591463463138745, 0.0, 0.0, 0.015957407518059075, 0.0, 0.0, 0.884965123698178, 0.8309560048868226, 0.0, 0.0, 
0.01818506744351239, 0.0, 0.0, 0.0, 0.0, 0.7452742053994654, 0.0, 0.0, 0.0, 0.12785134392783792, 0.8131008877494915, 0.0, 0.0, 0.0, 0.0, 0.0, 0.01474836184799839, 0.6410728018301437, 0.04946788100502857, 0.0, 0.0, 0.0, 0.0, 0.0, 0.9129336142615077, 0.8524168547516672, 0.0, 0.0, 
0.014548053954809912, 0.0, 0.0, 0.0, 0.0045190363430002945, 0.7496378901697519, 0.0, 0.0, 0.0, 0.3022810751422703, 0.8271916969166329, 0.0, 0.0, 0.0, 0.0, 0.0, 0.014645016248907811, 0.6281715389562813, 0.051580727402795554, 0.0, 0.0, 0.0, 0.0, 0.0, 0.8779840810802252, 0.8296768270018785, 0.0, 0.0, 
0.010911040466107434, 0.0, 0.0, 0.0, 0.009038072686000589, 0.7540015749400384, 0.0, 0.0, 0.0, 0.4767108063567027, 0.8412825060837742, 0.0, 0.0, 0.0, 0.0, 0.0, 0.014541670649817233, 0.6152702760824189, 0.05369357380056254, 0.0, 0.0, 0.0, 0.0, 0.0, 0.8430345478989427, 0.8069367992520898, 0.0, 0.0, 
0.007274026977404955, 0.0, 0.0, 0.0, 0.013557109029000883, 0.7583652597103249, 0.0, 0.0, 0.0, 0.6511405375711351, 0.8553733152509155, 0.0, 0.0, 0.0, 0.0, 0.0, 0.014438325050726654, 0.6023690132085564, 0.05580642019832952, 0.0, 0.0, 0.0, 0.0, 0.0, 0.8080850147176603, 0.7841967715023013, 0.0, 0.0, 
0.0036370134887024775, 0.0, 0.0, 0.0, 0.018076145372001178, 0.7627289444806113, 0.0, 0.0, 0.0, 0.8255702687855675, 0.8694641244180569, 0.0, 0.0, 0.0, 0.0, 0.0, 0.014334979451636075, 0.589467750334694, 0.0579192665960965, 0.0, 0.0, 0.0, 0.0, 0.0, 0.7731354815363778, 0.7614567437525126, 0.0, 0.0, 
0.0, 0.0, 0.0, 0.0, 0.022595181715001474, 0.7670926292508978, 0.0, 0.0, 0.0, 0.9999999999999999, 0.8835549335851982, 0.0, 0.0, 0.0, 0.0, 0.0, 0.014231633852545496, 0.5765664874608316, 0.06003211299386349, 0.0, 0.0, 0.0, 0.0, 0.0, 0.7381859483550953, 0.7387167160027239, 0.0, 0.0, 
0.006505147573283014, 0.0, 0.0, 0.0, 0.020041340833447066, 0.7607363726453379, 0.000976978613729807, 0.0, 0.0, 0.9999999999999999, 0.8532811535972364, 0.0, 0.0, 0.0, 0.0, 0.0, 0.015260475976456135, 0.5681482708197537, 0.16913600147451813, 0.0, 0.0, 0.0, 0.0, 0.0, 0.7265885573099835, 0.721483283240311, 0.0, 0.0, 
0.013010295146566028, 0.0, 0.0, 0.0, 0.017487499951892655, 0.754380116039778, 0.001953957227459614, 0.0, 0.0, 0.9999999999999999, 0.8230073736092748, 0.0, 0.0, 0.0, 0.0, 0.0, 0.016289318100366774, 0.5597300541786758, 0.2782398899551728, 0.0, 0.0, 0.0, 0.0, 0.0, 0.7149911662648717, 0.7042498504778979, 0.0, 0.0, 
0.019515442719849042, 0.0, 0.0, 0.0, 0.014933659070338248, 0.7480238594342181, 0.002930935841189421, 0.0, 0.0, 1.0, 0.792733593621313, 0.0, 0.0, 0.0, 0.0, 0.0, 0.017318160224277415, 0.5513118375375978, 0.38734377843582735, 0.0, 0.0, 0.0, 0.0, 0.0, 0.7033937752197598, 0.6870164177154849, 0.0, 0.0, 
0.026020590293132057, 0.0, 0.0, 0.0, 0.012379818188783838, 0.7416676028286582, 0.003907914454919228, 0.0, 0.0, 1.0, 0.7624598136333514, 0.0, 0.0, 0.0, 0.0, 0.0, 0.018347002348188056, 0.5428936208965199, 0.496447666916482, 0.0, 0.0, 0.0, 0.0, 0.0, 0.691796384174648, 0.6697829849530719, 0.0, 0.0, 
0.03252573786641507, 0.0, 0.0, 0.0, 0.009825977307229429, 0.7353113462230982, 0.004884893068649036, 0.0, 0.0, 1.0, 0.7321860336453896, 0.0, 0.0, 0.0, 0.0, 0.0, 0.019375844472098693, 0.534475404255442, 0.6055515553971367, 0.0, 0.0, 0.0, 0.0, 0.0, 0.6801989931295361, 0.6525495521906589, 0.0, 0.0, 
0.031388837240909274, 0.0, 0.0, 0.0, 0.008855020644666665, 0.6888224593657172, 0.003907914454919228, 0.0, 0.0, 0.9943917956132536, 0.7857488269163116, 0.0, 0.0, 0.0, 0.0, 0.0, 0.020397134765657507, 0.5810046578353332, 0.6296256945765399, 0.0, 0.0, 0.0, 0.0, 0.0, 0.710254431018286, 0.6818361442321049, 0.0, 0.0, 
0.030251936615403482, 0.0, 0.0, 0.0, 0.0078840639821039, 0.642333572508336, 0.0029309358411894215, 0.0, 0.0, 0.9887835912265074, 0.8393116201872337, 0.0, 0.0, 0.0, 0.0, 0.0, 0.021418425059216324, 0.6275339114152243, 0.6536998337559433, 0.0, 0.0, 0.0, 0.0, 0.0, 0.7403098689070359, 0.7111227362735508, 0.0, 0.0, 
0.02911503598989769, 0.0, 0.0, 0.0, 0.0069131073195411365, 0.5958446856509549, 0.0019539572274596146, 0.0, 0.0, 0.983175386839761, 0.8928744134581558, 0.0, 0.0, 0.0, 0.0, 0.0, 0.022439715352775138, 0.6740631649951154, 0.6777739729353466, 0.0, 0.0, 0.0, 0.0, 0.0, 0.7703653067957859, 0.7404093283149968, 0.0, 0.0, 
0.027978135364391893, 0.0, 0.0, 0.0, 0.005942150656978373, 0.5493557987935738, 0.0009769786137298073, 0.0, 0.0, 0.9775671824530148, 0.9464372067290778, 0.0, 0.0, 0.0, 0.0, 0.0, 0.02346100564633395, 0.7205924185750066, 0.70184811211475, 0.0, 0.0, 0.0, 0.0, 0.0, 0.8004207446845357, 0.7696959203564427, 0.0, 0.0, 
0.0268412347388861, 0.0, 0.0, 0.0, 0.0049711939944156085, 0.5028669119361927, 0.0, 0.0, 0.0, 0.9719589780662684, 0.9999999999999999, 0.0, 0.0, 0.0, 0.0, 0.0, 0.02448229593989277, 0.7671216721548977, 0.7259222512941532, 0.0, 0.0, 0.0, 0.0, 0.0, 0.8304761825732856, 0.7989825123978888, 0.0, 0.0, 
0.14197562494519714, 0.0, 0.0, 0.0, 0.003976955195532487, 0.40415533391671316, 0.0, 0.0, 0.0, 0.9447439727384611, 0.9190662894857171, 0.0, 0.0, 0.0, 0.0, 0.0, 0.022429448111814826, 0.7357964083849077, 0.7227755835041646, 0.0, 0.0, 0.0, 0.0, 0.0, 0.8643809460586285, 0.8036432068506546, 0.0, 0.0, 
0.25711001515150816, 0.0, 0.0, 0.0, 0.002982716396649365, 0.3054437558972336, 0.0, 0.0, 0.0, 0.9175289674106537, 0.8381325789714343, 0.0, 0.0, 0.0, 0.0, 0.0, 0.02037660028373688, 0.7044711446149178, 0.7196289157141759, 0.0, 0.0, 0.0, 0.0, 0.0, 0.8982857095439714, 0.8083039013034204, 0.0, 0.0, 
0.3722444053578192, 0.0, 0.0, 0.0, 0.0019884775977662434, 0.2067321778777541, 0.0, 0.0, 0.0, 0.8903139620828464, 0.7571988684571516, 0.0, 0.0, 0.0, 0.0, 0.0, 0.018323752455658936, 0.6731458808449278, 0.7164822479241872, 0.0, 0.0, 0.0, 0.0, 0.0, 0.9321904730293142, 0.8129645957561862, 0.0, 0.0, 
0.4873787955641303, 0.0, 0.0, 0.0, 0.0009942387988831217, 0.10802059985827456, 0.0, 0.0, 0.0, 0.863098956755039, 0.6762651579428688, 0.0, 0.0, 0.0, 0.0, 0.0, 0.01627090462758099, 0.6418206170749379, 0.7133355801341985, 0.0, 0.0, 0.0, 0.0, 0.0, 0.9660952365146571, 0.817625290208952, 0.0, 0.0, 
0.6025131857704413, 0.0, 0.0, 0.0, 0.0, 0.009309021838794998, 0.0, 0.0, 0.0, 0.8358839514272317, 0.595331447428586, 0.0, 0.0, 0.0, 0.0, 0.0, 0.014218056799503047, 0.6104953533049479, 0.7101889123442099, 0.0, 0.0, 0.0, 0.0, 0.0, 1.0, 0.8222859846617179, 0.0, 0.0, 
0.49067186488891745, 0.0, 0.0, 0.0, 0.0, 0.01727594981783123, 0.0, 0.0, 0.0022930559958058453, 0.864087924414218, 0.4979870102695526, 0.0008871989267344113, 0.0, 0.0, 0.0, 0.0, 0.01777648909512232, 0.616702412698521, 0.7354723534845786, 0.0, 0.0, 0.0, 0.0, 0.0, 1.0, 0.8309125826276201, 0.0, 0.0, 
0.3788305440073935, 0.0, 0.0, 0.0, 0.0, 0.025242877796867458, 0.0, 0.0, 0.004586111991611691, 0.8922918974012043, 0.4006425731105192, 0.0017743978534688226, 0.0, 0.0, 0.0, 0.0, 0.02133492139074159, 0.622909472092094, 0.7607557946249474, 0.0, 0.0, 0.0, 0.0, 0.0, 1.0, 0.8395391805935225, 0.0, 0.0, 
0.2669892231258696, 0.0, 0.0, 0.0, 0.0, 0.03320980577590369, 0.0, 0.0, 0.006879167987417536, 0.9204958703881905, 0.3032981359514858, 0.002661596780203234, 0.0, 0.0, 0.0, 0.0, 0.024893353686360864, 0.6291165314856672, 0.7860392357653161, 0.0, 0.0, 0.0, 0.0, 0.0, 1.0, 0.8481657785594248, 0.0, 0.0, 
0.15514790224434571, 0.0, 0.0, 0.0, 0.0, 0.04117673375493992, 0.0, 0.0, 0.009172223983223381, 0.9486998433751768, 0.2059536987924524, 0.003548795706937645, 0.0, 0.0, 0.0, 0.0, 0.028451785981980136, 0.6353235908792402, 0.8113226769056849, 0.0, 0.0, 0.0, 0.0, 0.0, 1.0, 0.8567923765253271, 0.0, 0.0, 
0.043306581362821846, 0.0, 0.0, 0.0, 0.0, 0.049143661733976156, 0.0, 0.0, 0.011465279979029226, 0.9769038163621631, 0.10860926163341897, 0.004435994633672056, 0.0, 0.0, 0.0, 0.0, 0.03201021827759941, 0.6415306502728133, 0.8366061180460537, 0.0, 0.0, 0.0, 0.0, 0.0, 1.0, 0.8654189744912294, 0.0, 0.0, 
0.03464526509025748, 0.0, 0.0, 0.0, 0.0, 0.039314929387180925, 0.0, 0.0, 0.016158172582357015, 0.9815230530897304, 0.08887474205363752, 0.003548795706937645, 0.0, 0.0, 0.0, 0.0, 0.030691394367487915, 0.5966563481932821, 0.7747172381235602, 0.0, 0.0, 0.0, 0.0, 0.0, 0.9643721526385065, 0.8381417043686935, 0.0, 0.0, 
0.025983948817693107, 0.0, 0.0, 0.0, 0.0, 0.029486197040385694, 0.0, 0.0, 0.020851065185684803, 0.9861422898172978, 0.06914022247385608, 0.0026615967802032336, 0.0, 0.0, 0.0, 0.0, 0.02937257045737642, 0.5517820461137508, 0.7128283582010666, 0.0, 0.0, 0.0, 0.0, 0.0, 0.9287443052770131, 0.8108644342461576, 0.0, 0.0, 
0.01732263254512874, 0.0, 0.0, 0.0, 0.0, 0.019657464693590462, 0.0, 0.0, 0.02554395778901259, 0.9907615265448653, 0.049405702894074636, 0.0017743978534688221, 0.0, 0.0, 0.0, 0.0, 0.028053746547264925, 0.5069077440342196, 0.6509394782785731, 0.0, 0.0, 0.0, 0.0, 0.0, 0.8931164579155196, 0.7835871641236217, 0.0, 0.0, 
0.00866131627256437, 0.0, 0.0, 0.0, 0.0, 0.009828732346795231, 0.0, 0.0, 0.030236850392340378, 0.9953807632724326, 0.029671183314293192, 0.0008871989267344111, 0.0, 0.0, 0.0, 0.0, 0.02673492263715343, 0.4620334419546883, 0.5890505983560796, 0.0, 0.0, 0.0, 0.0, 0.0, 0.8574886105540263, 0.7563098940010858, 0.0, 0.0, 
0.0, 0.0, 0.0, 0.0, 0.0, 0.0, 0.0, 0.0, 0.034929742995668166, 1.0, 0.009936663734511752, 0.0, 0.0, 0.0, 0.0, 0.0, 0.025416098727041935, 0.41715913987515707, 0.5271617184335861, 0.0, 0.0, 0.0, 0.0, 0.0, 0.8218607631925328, 0.72903262387855, 0.0, 0.0, 
0.0008718484721052975, 0.0, 0.0, 0.0, 0.0, 0.0, 0.0, 0.0, 0.03415444731504451, 0.8219974887383152, 0.007949330987609401, 0.0, 0.0, 0.0, 0.0, 0.0020831089243793636, 0.02225869573958995, 0.3436654287086071, 0.5233004122945677, 0.0, 0.0, 0.0, 0.0, 0.0, 0.8295738519331073, 0.7832260991028399, 0.0, 0.0, 
0.001743696944210595, 0.0, 0.0, 0.0, 0.0, 0.0, 0.0, 0.0, 0.03337915163442085, 0.6439949774766306, 0.005961998240707051, 0.0, 0.0, 0.0, 0.0, 0.004166217848758727, 0.019101292752137962, 0.27017171754205715, 0.5194391061555492, 0.0, 0.0, 0.0, 0.0, 0.0, 0.8372869406736817, 0.83741957432713, 0.0, 0.0, 
0.0026155454163158927, 0.0, 0.0, 0.0, 0.0, 0.0, 0.0, 0.0, 0.0326038559537972, 0.46599246621494594, 0.003974665493804701, 0.0, 0.0, 0.0, 0.0, 0.006249326773138091, 0.015943889764685977, 0.19667800637550714, 0.5155778000165309, 0.0, 0.0, 0.0, 0.0, 0.0, 0.8450000294142562, 0.89161304955142, 0.0, 0.0, 
0.00348739388842119, 0.0, 0.0, 0.0, 0.0, 0.0, 0.0, 0.0, 0.031828560273173545, 0.2879899549532612, 0.0019873327469023504, 0.0, 0.0, 0.0, 0.0, 0.008332435697517454, 0.01278648677723399, 0.12318429520895718, 0.5117164938775124, 0.0, 0.0, 0.0, 0.0, 0.0, 0.8527131181548306, 0.9458065247757099, 0.0, 0.0, 
0.004359242360526487, 0.0, 0.0, 0.0, 0.0, 0.0, 0.0, 0.0, 0.031053264592549888, 0.10998744369157651, 0.0, 0.0, 0.0, 0.0, 0.0, 0.010415544621896818, 0.009629083789782002, 0.04969058404240724, 0.507855187738494, 0.0, 0.0, 0.0, 0.0, 0.0, 0.8604262068954052, 1.0, 0.0, 0.0, 
0.011539683257946383, 0.007356273752218094, 0.004591920770881569, 0.0009540393947956541, 0.0, 0.0, 0.0, 0.0037957493673434093, 0.033753010355906075, 0.10813314131484636, 0.0, 0.0, 0.0, 0.0, 0.0, 0.023907115699080696, 0.011252361627201403, 0.0466284867135385, 0.530931539500151, 0.0, 0.08045876873287086, 0.0, 0.0, 0.0, 0.8517885323872691, 0.9355280994210459, 0.0, 0.07786388916036441, 
0.01872012415536628, 0.014712547504436188, 0.009183841541763138, 0.0019080787895913083, 0.0, 0.0, 0.0, 0.007591498734686819, 0.03645275611926226, 0.10627883893811621, 0.0, 0.0, 0.0, 0.0, 0.0, 0.037398686776264574, 0.012875639464620801, 0.04356638938466977, 0.554007891261808, 0.0, 0.16091753746574172, 0.0, 0.0, 0.0, 0.8431508578791331, 0.8710561988420917, 0.0, 0.15572777832072882, 
0.025900565052786175, 0.022068821256654284, 0.013775762312644706, 0.0028621181843869626, 0.0, 0.0, 0.0, 0.011387248102030227, 0.03915250188261845, 0.10442453656138605, 0.0, 0.0, 0.0, 0.0, 0.0, 0.05089025785344845, 0.014498917302040202, 0.040504292055801035, 0.5770842430234651, 0.0, 0.24137630619861258, 0.0, 0.0, 0.0, 0.8345131833709971, 0.8065842982631377, 0.0, 0.23359166748109322, 
0.03308100595020607, 0.029425095008872377, 0.018367683083526275, 0.0038161575791826165, 0.0, 0.0, 0.0, 0.015182997469373637, 0.04185224764597464, 0.1025702341846559, 0.0, 0.0, 0.0, 0.0, 0.0, 0.06438182893063232, 0.016122195139459602, 0.037442194726932304, 0.6001605947851222, 0.0, 0.32183507493148344, 0.0, 0.0, 0.0, 0.8258755088628611, 0.7421123976841836, 0.0, 0.31145555664145763, 
0.04026144684762597, 0.03678136876109047, 0.022959603854407845, 0.00477019697397827, 0.0, 0.0, 0.0, 0.018978746836717048, 0.044551993409330824, 0.10071593180792575, 0.0, 0.0, 0.0, 0.0, 0.0, 0.07787340000781622, 0.017745472976879003, 0.03438009739806357, 0.6232369465467792, 0.0, 0.40229384366435433, 0.0, 0.0, 0.0, 0.8172378343547251, 0.6776404971052294, 0.0, 0.38931944580182204, 
0.17212108303457477, 0.1718454955799167, 0.028209990545136954, 0.008810028123556236, 0.0, 0.0, 0.0, 0.015182997469373637, 0.04369372623839178, 0.224600774890515, 0.0018386625844070907, 0.0, 0.0, 0.0, 0.0, 0.26229872000625304, 0.01850066077113307, 0.03539783525517259, 0.4985895572374234, 0.0, 0.32183507493148344, 0.0, 0.0, 0.0, 0.8202915795778574, 0.5466815021338693, 0.0, 0.31145555664145763, 
0.30398071922152353, 0.3069096223987429, 0.03346037723586606, 0.012849859273134203, 0.0, 0.0, 0.0, 0.011387248102030229, 0.042835459067452744, 0.3484856179731043, 0.0036773251688141813, 0.0, 0.0, 0.0, 0.0, 0.44672404000468985, 0.01925584856538714, 0.03641557311228161, 0.3739421679280675, 0.0, 0.2413763061986126, 0.0, 0.0, 0.0, 0.8233453248009895, 0.4157225071625093, 0.0, 0.23359166748109322, 
0.4358403554084723, 0.44197374921756916, 0.038710763926595164, 0.01688969042271217, 0.0, 0.0, 0.0, 0.00759149873468682, 0.0419771918965137, 0.4723704610556935, 0.005515987753221272, 0.0, 0.0, 0.0, 0.0, 0.6311493600031266, 0.020011036359641205, 0.03743331096939062, 0.24929477861871163, 0.0, 0.16091753746574175, 0.0, 0.0, 0.0, 0.8263990700241218, 0.28476351219114926, 0.0, 0.15572777832072882, 
0.5676999915954212, 0.5770378760363954, 0.04396115061732427, 0.020929521572290135, 0.0, 0.0, 0.0, 0.00379574936734341, 0.041118924725574664, 0.5962553041382828, 0.007354650337628363, 0.0, 0.0, 0.0, 0.0, 0.8155746800015634, 0.020766224153895275, 0.03845104882649964, 0.12464738930935582, 0.0, 0.08045876873287089, 0.0, 0.0, 0.0, 0.829452815247254, 0.15380451721978916, 0.0, 0.07786388916036441, 
0.69955962778237, 0.7121020028552216, 0.04921153730805338, 0.0249693527218681, 0.0, 0.0, 0.0, 0.0, 0.04026065755463562, 0.720140147220872, 0.009193312922035454, 0.0, 0.0, 0.0, 0.0, 1.0000000000000002, 0.02152141194814934, 0.03946878668360866, 0.0, 0.0, 0.0, 0.0, 0.0, 0.0, 0.8325065604703863, 0.02284552224842906, 0.0, 0.0, 
0.6734633823616443, 0.682764439157517, 0.16562155978158372, 0.03186259232609917, 0.0, 0.0, 0.0, 0.0, 0.042320076229751646, 0.7233616315652897, 0.01570210328628815, 0.0, 0.0, 0.0, 0.0, 1.0000000000000002, 0.021198585093546912, 0.047466858460859934, 0.0, 0.0, 0.0, 0.0, 0.0, 0.0008737959328747134, 0.8333821565650623, 0.023791168438103725, 0.0, 0.0, 
0.6473671369409184, 0.6534268754598124, 0.28203158225511404, 0.03875583193033025, 0.0, 0.0, 0.0, 0.0, 0.04437949490486768, 0.7265831159097073, 0.02221089365054085, 0.0, 0.0, 0.0, 0.0, 1.0000000000000002, 0.020875758238944483, 0.055464930238111214, 0.0, 0.0, 0.0, 0.0, 0.0, 0.0017475918657494267, 0.8342577526597382, 0.024736814627778388, 0.0, 0.0, 
0.6212708915201927, 0.6240893117621077, 0.3984416047286444, 0.04564907153456132, 0.0, 0.0, 0.0, 0.0, 0.046438913579983705, 0.7298046002541249, 0.028719684014793547, 0.0, 0.0, 0.0, 0.0, 1.0, 0.02055293138434205, 0.0634630020153625, 0.0, 0.0, 0.0, 0.0, 0.0, 0.00262138779862414, 0.8351333487544143, 0.025682460817453054, 0.0, 0.0, 
0.5951746460994668, 0.5947517480644031, 0.5148516272021747, 0.05254231113879239, 0.0, 0.0, 0.0, 0.0, 0.04849833225509974, 0.7330260845985425, 0.03522847437904625, 0.0, 0.0, 0.0, 0.0, 1.0, 0.020230104529739622, 0.07146107379261377, 0.0, 0.0, 0.0, 0.0, 0.0, 0.0034951837314988535, 0.8360089448490902, 0.026628107007127717, 0.0, 0.0, 
0.569078400678741, 0.5654141843666984, 0.6312616496757051, 0.059435550743023466, 0.0, 0.0, 0.0, 0.0, 0.050557750930215764, 0.7362475689429601, 0.041737264743298946, 0.0, 0.0, 0.0, 0.0, 1.0, 0.019907277675137194, 0.07945914556986504, 0.0, 0.0, 0.0, 0.0, 0.0, 0.004368979664373567, 0.8368845409437662, 0.027573753196802383, 0.0, 0.0, 
0.594130598346211, 0.5869764328792902, 0.633889375326756, 0.05943014992483585, 0.0, 0.0, 0.0, 0.0, 0.04907521338849856, 0.714953502823179, 0.14157992328581998, 0.0, 0.0, 0.0, 0.0, 0.9387771007324868, 0.15550049041756528, 0.26356731645589204, 0.0, 0.0, 0.0, 0.0, 0.0, 0.0034951837314988535, 0.8110035408363113, 0.027734070021325715, 0.0, 0.004833244526554705, 
0.6191827960136809, 0.608538681391882, 0.636517100977807, 0.05942474910664823, 0.0, 0.0, 0.0, 0.0, 0.04759267584678135, 0.693659436703398, 0.24142258182834098, 0.0, 0.0, 0.0, 0.0, 0.8775542014649735, 0.29109370315999333, 0.44767548734191903, 0.0, 0.0, 0.0, 0.0, 0.0, 0.00262138779862414, 0.7851225407288565, 0.027894386845849044, 0.0, 0.00966648905310941, 
0.6442349936811508, 0.6301009299044737, 0.6391448266288579, 0.05941934828846062, 0.0, 0.0, 0.0, 0.0, 0.04611013830506414, 0.672365370583617, 0.34126524037086203, 0.0, 0.0, 0.0, 0.0, 0.8163313021974603, 0.4266869159024214, 0.6317836582279459, 0.0, 0.0, 0.0, 0.0, 0.0, 0.0017475918657494267, 0.7592415406214017, 0.028054703670372376, 0.0, 0.014499733579664114, 
0.6692871913486207, 0.6516631784170656, 0.6417725522799088, 0.059413947470273, 0.0, 0.0, 0.0, 0.0, 0.04462760076334693, 0.6510713044638361, 0.441107898913383, 0.0, 0.0, 0.0, 0.0, 0.7551084029299471, 0.5622801286448496, 0.815891829113973, 0.0, 0.0, 0.0, 0.0, 0.0, 0.0008737959328747134, 0.7333605405139468, 0.028215020494895705, 0.0, 0.01933297810621882, 
0.6943393890160906, 0.6732254269296574, 0.6444002779309598, 0.059408546652085385, 0.0, 0.0, 0.0, 0.0, 0.043145063221629726, 0.6297772383440551, 0.540950557455904, 0.0, 0.0, 0.0, 0.0, 0.6938855036624338, 0.6978733413872776, 1.0, 0.0, 0.0, 0.0, 0.0, 0.0, 0.0, 0.707479540406492, 0.028375337319419037, 0.0, 0.024166222632773522, 
0.70788025433815, 0.6968827483094171, 0.6496945498175407, 0.05723318117552575, 0.0009257217577482047, 0.008703072557195542, 0.0, 0.00185396328167051, 0.03451605057730378, 0.5147027214648238, 0.533368355137591, 0.0, 0.0, 0.0, 0.0, 0.6981812420201216, 0.7491468928389668, 1.0, 0.09622648563876149, 0.0, 0.0, 0.0, 0.0, 0.0, 0.730505427010638, 0.03344212014553571, 0.0, 0.02733244289716221, 
0.7214211196602096, 0.7205400696891767, 0.6549888217041215, 0.05505781569896612, 0.0018514435154964094, 0.017406145114391085, 0.0, 0.00370792656334102, 0.025887037932977836, 0.39962820458559256, 0.5257861528192779, 0.0, 0.0, 0.0, 0.0, 0.7024769803778093, 0.8004204442906561, 1.0, 0.19245297127752298, 0.0, 0.0, 0.0, 0.0, 0.0, 0.7535313136147842, 0.038508902971652374, 0.0, 0.0304986631615509, 
0.7349619849822691, 0.7441973910689365, 0.6602830935907025, 0.05288245022240648, 0.0027771652732446143, 0.026109217671586627, 0.0, 0.00556188984501153, 0.01725802528865189, 0.28455368770636125, 0.5182039505009648, 0.0, 0.0, 0.0, 0.0, 0.7067727187354969, 0.8516939957423453, 1.0, 0.2886794569162845, 0.0, 0.0, 0.0, 0.0, 0.0, 0.7765572002189303, 0.04357568579776904, 0.0, 0.03366488342593959, 
0.7485028503043286, 0.7678547124486961, 0.6655773654772833, 0.05070708474584684, 0.0037028870309928187, 0.03481229022878217, 0.0, 0.00741585312668204, 0.008629012644325945, 0.16947917082713, 0.5106217481826517, 0.0, 0.0, 0.0, 0.0, 0.7110684570931846, 0.9029675471940346, 1.0, 0.38490594255504595, 0.0, 0.0, 0.0, 0.0, 0.0, 0.7995830868230764, 0.04864246862388571, 0.0, 0.03683110369032828, 
0.7620437156263881, 0.7915120338284558, 0.6708716373638642, 0.04853171926928721, 0.004628608788741023, 0.04351536278597771, 0.0, 0.00926981640835255, 0.0, 0.05440465394789877, 0.5030395458643386, 0.0, 0.0, 0.0, 0.0, 0.7153641954508723, 0.9542410986457238, 1.0, 0.4811324281938074, 0.0, 0.0, 0.0, 0.0, 0.0, 0.8226089734272225, 0.053709251450002375, 0.0, 0.039997323954716966, 
0.7588509588230126, 0.7737541086504226, 0.6638945365117753, 0.04829905133766158, 0.0037028870309928187, 0.036579456761932784, 0.0037018112720574475, 0.00741585312668204, 0.001836239952408517, 0.1362824686490598, 0.5739480797811902, 0.0, 0.0, 0.0, 0.0, 0.7517290604392532, 0.942653787064588, 1.0, 0.40078473311822116, 0.0, 0.0, 0.0, 0.0, 0.0, 0.658087178741778, 0.0429674011600019, 0.0, 0.035880507182378826, 
0.7556582020196371, 0.7559961834723893, 0.6569174356596865, 0.04806638340603595, 0.002777165273244614, 0.029643550737887863, 0.007403622544114895, 0.00556188984501153, 0.003672479904817034, 0.21816028335022086, 0.6448566136980418, 0.0, 0.0, 0.0, 0.0, 0.7880939254276342, 0.9310664754834522, 1.0, 0.32043703804263496, 0.0, 0.0, 0.0, 0.0, 0.0, 0.4935653840563335, 0.032225550870001424, 0.0, 0.03176369041004069, 
0.7524654452162617, 0.7382382582943561, 0.6499403348075976, 0.04783371547441033, 0.001851443515496409, 0.022707644713842942, 0.011105433816172343, 0.00370792656334102, 0.005508719857225551, 0.3000380980513819, 0.7157651476148933, 0.0, 0.0, 0.0, 0.0, 0.8244587904160152, 0.9194791639023165, 1.0000000000000002, 0.24008934296704873, 0.0, 0.0, 0.0, 0.0, 0.0, 0.32904358937088896, 0.02148370058000095, 0.0, 0.027646873637702553, 
0.7492726884128862, 0.7204803331163228, 0.6429632339555088, 0.0476010475427847, 0.0009257217577482045, 0.015771738689798018, 0.01480724508822979, 0.00185396328167051, 0.007344959809634068, 0.38191591275254294, 0.7866736815317449, 0.0, 0.0, 0.0, 0.0, 0.8608236554043962, 0.9078918523211807, 1.0000000000000002, 0.1597416478914625, 0.0, 0.0, 0.0, 0.0, 0.0, 0.16452179468544448, 0.010741850290000472, 0.0, 0.023530056865364413, 
0.7460799316095107, 0.7027224079382896, 0.6359861331034199, 0.04736837961115907, 0.0, 0.008835832665753092, 0.018509056360287237, 0.0, 0.009181199762042585, 0.46379372745370395, 0.8575822154485965, 0.0, 0.0, 0.0, 0.0, 0.8971885203927772, 0.896304540740045, 1.0000000000000002, 0.0793939528158763, 0.0, 0.0, 0.0, 0.0, 0.0, 0.0, 0.0, 0.0, 0.019413240093026272, 
0.6983533791095285, 0.6643619166332532, 0.6180234246579088, 0.046465078401279135, 0.0, 0.007068666132602474, 0.01480724508822979, 0.0, 0.008250114009614118, 0.45675741000361364, 0.7726974326901188, 0.0, 0.0, 0.0, 0.0, 0.7177508163142218, 0.9170436325920359, 0.9143290211741042, 0.06351516225270104, 0.0, 0.0, 0.0, 0.0, 0.0, 0.0, 0.0, 0.0, 0.023276255089126608, 
0.6506268266095464, 0.6260014253282167, 0.6000607162123978, 0.04556177719139919, 0.0, 0.005301499599451855, 0.011105433816172343, 0.0, 0.007319028257185651, 0.44972109255352327, 0.6878126499316412, 0.0, 0.0, 0.0, 0.0, 0.5383131122356664, 0.937782724444027, 0.8286580423482083, 0.04763637168952578, 0.0, 0.0, 0.0, 0.0, 0.0, 0.0, 0.0, 0.0, 0.027139270085226944, 
0.6029002741095644, 0.5876409340231803, 0.5820980077668866, 0.04465847598151926, 0.0, 0.003534333066301236, 0.007403622544114894, 0.0, 0.006387942504757184, 0.44268477510343296, 0.6029278671731635, 0.0, 0.0, 0.0, 0.0, 0.35887540815711083, 0.958521816296018, 0.7429870635223123, 0.03175758112635052, 0.0, 0.0, 0.0, 0.0, 0.0, 0.0, 0.0, 0.0, 0.031002285081327276, 
0.5551737216095822, 0.5492804427181439, 0.5641352993213755, 0.043755174771639316, 0.0, 0.001767166533150618, 0.003701811272057447, 0.0, 0.005456856752328717, 0.4356484576533426, 0.5180430844146859, 0.0, 0.0, 0.0, 0.0, 0.17943770407855542, 0.979260908148009, 0.6573160846964163, 0.01587879056317526, 0.0, 0.0, 0.0, 0.0, 0.0, 0.0, 0.0, 0.0, 0.03486530007742761, 
0.5074471691096001, 0.5109199514131074, 0.5461725908758644, 0.04285187356175938, 0.0, 0.0, 0.0, 0.0, 0.00452577099990025, 0.4286121402032523, 0.4331583016562082, 0.0, 0.0, 0.0, 0.0, 0.0, 1.0, 0.5716451058705203, 0.0, 0.0, 0.0, 0.0, 0.0, 0.0, 0.0, 0.0, 0.0, 0.03872831507352795, 
0.5005767229572904, 0.5004990096597044, 0.5391068984561629, 0.04275484730681008, 0.0, 0.0, 0.0, 0.0, 0.006444326344425068, 0.43043191147664006, 0.44751177747790766, 0.0, 0.0, 0.0, 0.0, 0.0, 1.0, 0.5804467081461172, 0.0, 0.0, 0.0, 0.0, 0.0, 0.0, 0.0, 0.0, 0.0, 0.030982652058822356, 
0.4937062768049807, 0.4900780679063013, 0.5320412060364612, 0.04265782105186078, 0.0, 0.0, 0.0, 0.0, 0.008362881688949886, 0.43225168275002784, 0.4618652532996071, 0.0, 0.0, 0.0, 0.0, 0.0, 1.0, 0.5892483104217142, 0.0, 0.0, 0.0, 0.0, 0.0, 0.0, 0.0, 0.0, 0.0, 0.02323698904411677, 
0.48683583065267094, 0.4796571261528983, 0.5249755136167596, 0.04256079479691148, 0.0, 0.0, 0.0, 0.0, 0.010281437033474703, 0.4340714540234156, 0.4762187291213066, 0.0, 0.0, 0.0, 0.0, 0.0, 1.0, 0.5980499126973111, 0.0, 0.0, 0.0, 0.0, 0.0, 0.0, 0.0, 0.0, 0.0, 0.015491326029411182, 
0.47996538450036125, 0.4692361843994952, 0.517909821197058, 0.042463768541962175, 0.0, 0.0, 0.0, 0.0, 0.01219999237799952, 0.4358912252968034, 0.490572204943006, 0.0, 0.0, 0.0, 0.0, 0.0, 1.0, 0.6068515149729081, 0.0, 0.0, 0.0, 0.0, 0.0, 0.0, 0.0, 0.0, 0.0, 0.007745663014705591, 
0.47309493834805155, 0.4588152426460922, 0.5108441287773564, 0.04236674228701288, 0.0, 0.0, 0.0, 0.0, 0.014118547722524336, 0.4377109965701912, 0.5049256807647055, 0.0, 0.0, 0.0, 0.0, 0.0, 1.0, 0.615653117248505, 0.0, 0.0, 0.0, 0.0, 0.0, 0.0, 0.0, 0.0, 0.0, 0.0, 
0.4777377134453533, 0.46719781322077886, 0.5310564451539032, 0.04576419004284881, 0.0, 0.0, 0.0, 0.0, 0.019930816454838803, 0.4537624914015257, 0.531107942563643, 0.0, 0.0, 0.0, 0.0, 0.0, 1.0, 0.6449022402243147, 0.0009488490511665965, 0.0, 0.0, 0.0, 0.0, 0.0, 0.0, 0.0, 0.0, 0.0, 
0.48238048854265503, 0.4755803837954655, 0.5512687615304499, 0.04916163779868474, 0.0, 0.0, 0.0, 0.0, 0.02574308518715327, 0.46981398623286014, 0.5572902043625806, 0.0, 0.0, 0.0, 0.0, 0.0, 1.0, 0.6741513632001245, 0.001897698102333193, 0.0, 0.0, 0.0, 0.0, 0.0, 0.0, 0.0, 0.0, 0.0, 
0.4870232636399568, 0.48396295437015224, 0.5714810779069965, 0.05255908555452067, 0.0, 0.0, 0.0, 0.0, 0.03155535391946774, 0.48586548106419464, 0.5834724661615183, 0.0, 0.0, 0.0, 0.0, 0.0, 0.9999999999999999, 0.7034004861759342, 0.0028465471534997898, 0.0, 0.0, 0.0, 0.0, 0.0, 0.0, 0.0, 0.0, 0.0, 
0.4916660387372585, 0.4923455249448389, 0.5916933942835433, 0.055956533310356604, 0.0, 0.0, 0.0, 0.0, 0.03736762265178221, 0.5019169758955291, 0.6096547279604558, 0.0, 0.0, 0.0, 0.0, 0.0, 0.9999999999999999, 0.7326496091517439, 0.003795396204666386, 0.0, 0.0, 0.0, 0.0, 0.0, 0.0, 0.0, 0.0, 0.0, 
0.49630881383456027, 0.5007280955195256, 0.61190571066009, 0.05935398106619253, 0.0, 0.0, 0.0, 0.0, 0.043179891384096676, 0.5179684707268636, 0.6358369897593934, 0.0, 0.0, 0.0, 0.0, 0.0, 0.9999999999999999, 0.7618987321275537, 0.004744245255832983, 0.0, 0.0, 0.0, 0.0, 0.0, 0.0, 0.0, 0.0, 0.0, 
0.4914451324793649, 0.49247102175667357, 0.6009516948309498, 0.05861397472497168, 0.0, 0.0, 0.0, 0.0, 0.03454391310727734, 0.5101170733586937, 0.6109558245293779, 0.0, 0.0, 0.0, 0.0, 0.0, 0.9999999999999999, 0.7259676820717119, 0.003795396204666386, 0.0, 0.0, 0.0, 0.0, 0.0, 0.0, 0.0, 0.0, 0.0, 
0.4865814511241695, 0.48421394799382156, 0.5899976790018095, 0.05787396838375083, 0.0, 0.0, 0.0, 0.0, 0.025907934830458005, 0.5022656759905239, 0.5860746592993623, 0.0, 0.0, 0.0, 0.0, 0.0, 0.9999999999999999, 0.6900366320158703, 0.0028465471534997898, 0.0, 0.0, 0.0, 0.0, 0.0, 0.0, 0.0, 0.0, 0.0, 
0.48171776976897407, 0.47595687423096955, 0.5790436631726692, 0.05713396204252998, 0.0, 0.0, 0.0, 0.0, 0.017271956553638668, 0.49441427862235393, 0.5611934940693468, 0.0, 0.0, 0.0, 0.0, 0.0, 1.0, 0.6541055819600285, 0.0018976981023331929, 0.0, 0.0, 0.0, 0.0, 0.0, 0.0, 0.0, 0.0, 0.0, 
0.4768540884137787, 0.46769980046811754, 0.568089647343529, 0.05639395570130913, 0.0, 0.0, 0.0, 0.0, 0.008635978276819334, 0.48656288125418407, 0.5363123288393312, 0.0, 0.0, 0.0, 0.0, 0.0, 1.0, 0.6181745319041869, 0.0009488490511665964, 0.0, 0.0, 0.0, 0.0, 0.0, 0.0, 0.0, 0.0, 0.0, 
0.4719904070585833, 0.45944272670526554, 0.5571356315143887, 0.05565394936008828, 0.0, 0.0, 0.0, 0.0, 0.0, 0.4787114838860142, 0.5114311636093157, 0.0, 0.0, 0.0, 0.0, 0.0, 1.0, 0.5822434818483452, 0.0, 0.0, 0.0, 0.0, 0.0, 0.0, 0.0, 0.0, 0.0, 0.0, 
0.4700169389706855, 0.46262408583131487, 0.5585173565139394, 0.055684795972171415, 0.0, 0.0, 0.0, 0.0, 0.0, 0.47737765574079255, 0.5192557277957405, 0.0, 0.0, 0.0, 0.0, 0.0, 1.0, 0.6261576520590509, 0.0, 0.0, 0.0, 0.0, 0.0, 0.0, 0.0, 0.0, 0.0, 0.0, 
0.46804347088278775, 0.4658054449573642, 0.5598990815134901, 0.05571564258425454, 0.0, 0.0, 0.0, 0.0, 0.0, 0.4760438275955709, 0.5270802919821652, 0.0, 0.0, 0.0, 0.0, 0.0, 1.0, 0.6700718222697566, 0.0, 0.0, 0.0, 0.0, 0.0, 0.0, 0.0, 0.0, 0.0, 0.0, 
0.4660700027948899, 0.4689868040834135, 0.5612808065130409, 0.05574648919633768, 0.0, 0.0, 0.0, 0.0, 0.0, 0.4747099994503492, 0.53490485616859, 0.0, 0.0, 0.0, 0.0, 0.0, 0.9999999999999999, 0.7139859924804624, 0.0, 0.0, 0.0, 0.0, 0.0, 0.0, 0.0, 0.0, 0.0, 0.0, 
0.46409653470699214, 0.4721681632094628, 0.5626625315125916, 0.05577733580842081, 0.0, 0.0, 0.0, 0.0, 0.0, 0.47337617130512755, 0.5427294203550147, 0.0, 0.0, 0.0, 0.0, 0.0, 0.9999999999999999, 0.7579001626911681, 0.0, 0.0, 0.0, 0.0, 0.0, 0.0, 0.0, 0.0, 0.0, 0.0, 
0.46212306661909436, 0.47534952233551214, 0.5640442565121423, 0.05580818242050394, 0.0, 0.0, 0.0, 0.0, 0.0, 0.4720423431599059, 0.5505539845414394, 0.0, 0.0, 0.0, 0.0, 0.0, 0.9999999999999999, 0.8018143329018738, 0.0, 0.0, 0.0, 0.0, 0.0, 0.0, 0.0, 0.0, 0.0, 0.0, 
0.48692828167198654, 0.4889954351853219, 0.5941651409125214, 0.060649236941447034, 0.0, 0.0, 0.0036345014233653723, 0.0, 0.11472305510917902, 0.5307020561509247, 0.5816230455266675, 0.0, 0.0, 0.0, 0.0, 0.0, 0.9997046341096326, 0.841451466321499, 0.008663128106471204, 0.0, 0.0, 0.0, 0.0, 0.0, 0.0, 0.0, 0.0, 0.0, 
0.5117334967248788, 0.5026413480351316, 0.6242860253129003, 0.06549029146239013, 0.0, 0.0, 0.007269002846730745, 0.0, 0.22944611021835803, 0.5893617691419435, 0.6126921065118957, 0.0, 0.0, 0.0, 0.0, 0.0, 0.9994092682192653, 0.8810885997411243, 0.01732625621294241, 0.0, 0.0, 0.0, 0.0, 0.0, 0.0, 0.0, 0.0, 0.0, 
0.5365387117777709, 0.5162872608849414, 0.6544069097132794, 0.07033134598333322, 0.0, 0.0, 0.010903504270096117, 0.0, 0.34416916532753705, 0.6480214821329624, 0.6437611674971238, 0.0, 0.0, 0.0, 0.0, 0.0, 0.9991139023288982, 0.9207257331607495, 0.02598938431941361, 0.0, 0.0, 0.0, 0.0, 0.0, 0.0, 0.0, 0.0, 0.0, 
0.5613439268306631, 0.5299331737347511, 0.6845277941136584, 0.07517240050427632, 0.0, 0.0, 0.01453800569346149, 0.0, 0.45889222043671607, 0.7066811951239812, 0.6748302284823517, 0.0, 0.0, 0.0, 0.0, 0.0, 0.9988185364385309, 0.9603628665803747, 0.03465251242588482, 0.0, 0.0, 0.0, 0.0, 0.0, 0.0, 0.0, 0.0, 0.0, 
0.5861491418835554, 0.5435790865845609, 0.7146486785140375, 0.08001345502521941, 0.0, 0.0, 0.01817250711682686, 0.0, 0.5736152755458951, 0.765340908115, 0.7058992894675798, 0.0, 0.0, 0.0, 0.0, 0.0, 0.9985231705481636, 1.0, 0.04331564053235602, 0.0, 0.0, 0.0, 0.0, 0.0, 0.0, 0.0, 0.0, 0.0, 
0.5837876978231155, 0.5443026074207022, 0.7030921159153555, 0.07878431904267927, 0.0, 0.0, 0.01453800569346149, 0.0, 0.573911214342696, 0.7735732075921105, 0.694538432320742, 0.0, 0.0, 0.0, 0.0, 0.0, 0.9719318022154028, 1.0, 0.03465251242588482, 0.0, 0.0, 0.0, 0.0, 0.0, 0.0, 0.0, 0.0, 0.0, 
0.5814262537626755, 0.5450261282568435, 0.6915355533166736, 0.07755518306013913, 0.0, 0.0, 0.010903504270096117, 0.0, 0.5742071531394969, 0.7818055070692209, 0.6831775751739041, 0.0, 0.0, 0.0, 0.0, 0.0, 0.945340433882642, 1.0, 0.025989384319413614, 0.0, 0.0, 0.0, 0.0, 0.0, 0.0, 0.0, 0.0, 0.0, 
0.5790648097022355, 0.5457496490929848, 0.6799789907179916, 0.07632604707759899, 0.0, 0.0, 0.007269002846730745, 0.0, 0.5745030919362977, 0.7900378065463314, 0.6718167180270662, 0.0, 0.0, 0.0, 0.0, 0.0, 0.9187490655498811, 1.0, 0.017326256212942412, 0.0, 0.0, 0.0, 0.0, 0.0, 0.0, 0.0, 0.0, 0.0, 
0.5767033656417956, 0.5464731699291261, 0.6684224281193097, 0.07509691109505885, 0.0, 0.0, 0.0036345014233653723, 0.0, 0.5747990307330986, 0.7982701060234418, 0.6604558608802283, 0.0, 0.0, 0.0, 0.0, 0.0, 0.8921576972171203, 1.0, 0.008663128106471206, 0.0, 0.0, 0.0, 0.0, 0.0, 0.0, 0.0, 0.0, 0.0, 
0.5743419215813557, 0.5471966907652674, 0.6568658655206278, 0.07386777511251871, 0.0, 0.0, 0.0, 0.0, 0.5750949695298995, 0.8065024055005523, 0.6490950037333905, 0.0, 0.0, 0.0, 0.0, 0.0, 0.8655663288843595, 1.0, 0.0, 0.0, 0.0, 0.0, 0.0, 0.0, 0.0, 0.0, 0.0, 0.0, 
0.5659658025737202, 0.5354587977596008, 0.6506489528642827, 0.07333901887905321, 0.0, 0.0, 0.0, 0.0, 0.4631830134180603, 0.7829334815727427, 0.635108755524821, 0.0, 0.0, 0.0, 0.0, 0.0, 0.8504287692179671, 1.0, 0.0, 0.0, 0.0, 0.0, 0.0, 0.0, 0.0, 0.0, 0.0, 0.0, 
0.5575896835660846, 0.5237209047539341, 0.6444320402079378, 0.0728102626455877, 0.0, 0.0, 0.0, 0.0, 0.3512710573062211, 0.759364557644933, 0.6211225073162516, 0.0, 0.0, 0.0, 0.0, 0.0, 0.8352912095515745, 1.0, 0.0, 0.0, 0.0, 0.0, 0.0, 0.0, 0.0, 0.0, 0.0, 0.0, 
0.5492135645584492, 0.5119830117482673, 0.6382151275515927, 0.07228150641212219, 0.0, 0.0, 0.0, 0.0, 0.23935910119438197, 0.7357956337171234, 0.6071362591076823, 0.0, 0.0, 0.0, 0.0, 0.0, 0.8201536498851821, 0.9999999999999999, 0.0, 0.0, 0.0, 0.0, 0.0, 0.0, 0.0, 0.0, 0.0, 0.0, 
0.5408374455508136, 0.5002451187426007, 0.6319982148952478, 0.07175275017865668, 0.0, 0.0, 0.0, 0.0, 0.1274471450825428, 0.7122267097893139, 0.5931500108991129, 0.0, 0.0, 0.0, 0.0, 0.0, 0.8050160902187896, 0.9999999999999999, 0.0, 0.0, 0.0, 0.0, 0.0, 0.0, 0.0, 0.0, 0.0, 0.0, 
0.5324613265431781, 0.488507225736934, 0.6257813022389027, 0.07122399394519117, 0.0, 0.0, 0.0, 0.0, 0.015535188970703577, 0.6886577858615043, 0.5791637626905435, 0.0, 0.0, 0.0, 0.0, 0.0, 0.7898785305523972, 0.9999999999999999, 0.0, 0.0, 0.0, 0.0, 0.0, 0.0, 0.0, 0.0, 0.0, 0.0, 
0.5269904614700501, 0.49385825008564926, 0.6362200340940011, 0.07219736205291598, 0.0, 0.0, 0.0, 0.0, 0.01572402947805902, 0.7159177459836018, 0.5870544598590886, 0.0, 0.0, 0.0, 0.0, 0.0, 0.8124103147977937, 0.9999999999999999, 0.0, 0.0, 0.0, 0.0, 0.0, 0.0, 0.0, 0.0, 0.0, 0.0019332352010341665, 
0.5215195963969222, 0.4992092744343645, 0.6466587659490994, 0.07317073016064077, 0.0, 0.0, 0.0, 0.0, 0.01591286998541446, 0.7431777061056993, 0.5949451570276336, 0.0, 0.0, 0.0, 0.0, 0.0, 0.8349420990431902, 0.9999999999999999, 0.0, 0.0, 0.0, 0.0, 0.0, 0.0, 0.0, 0.0, 0.0, 0.003866470402068333, 
0.5160487313237943, 0.5045602987830798, 0.6570974978041977, 0.07414409826836557, 0.0, 0.0, 0.0, 0.0, 0.016101710492769903, 0.770437666227797, 0.6028358541961788, 0.0, 0.0, 0.0, 0.0, 0.0, 0.8574738832885866, 1.0, 0.0, 0.0, 0.0, 0.0, 0.0, 0.0, 0.0, 0.0, 0.0, 0.005799705603102499, 
0.5105778662506664, 0.5099113231317951, 0.667536229659296, 0.07511746637609036, 0.0, 0.0, 0.0, 0.0, 0.016290551000125348, 0.7976976263498945, 0.6107265513647239, 0.0, 0.0, 0.0, 0.0, 0.0, 0.880005667533983, 1.0, 0.0, 0.0, 0.0, 0.0, 0.0, 0.0, 0.0, 0.0, 0.0, 0.007732940804136666, 
0.5051070011775384, 0.5152623474805104, 0.6779749615143944, 0.07609083448381516, 0.0, 0.0, 0.0, 0.0, 0.01647939150748079, 0.824957586471992, 0.6186172485332689, 0.0, 0.0, 0.0, 0.0, 0.0, 0.9025374517793795, 1.0, 0.0, 0.0, 0.0, 0.0, 0.0, 0.0, 0.0, 0.0, 0.0, 0.009666176005170833, 
0.4874142389271989, 0.5049203861067368, 0.6544274880995298, 0.0699390543212089, 0.0, 0.0, 0.0, 0.0, 0.020355226555038974, 0.8599660691775936, 0.6051478363906273, 0.0, 0.0, 0.0, 0.0, 0.0, 0.8912299387505905, 0.9732250497296443, 0.0, 0.0, 0.0, 0.0, 0.0, 0.0, 0.0, 0.0, 0.0, 0.012056749681566318, 
0.4697214766768594, 0.4945784247329634, 0.6308800146846651, 0.06378727415860261, 0.0, 0.0, 0.0, 0.0, 0.024231061602597158, 0.8949745518831952, 0.5916784242479858, 0.0, 0.0, 0.0, 0.0, 0.0, 0.8799224257218017, 0.9464500994592886, 0.0, 0.0, 0.0, 0.0, 0.0, 0.0, 0.0, 0.0, 0.0, 0.0144473233579618, 
0.4520287144265198, 0.48423646335918985, 0.6073325412698005, 0.05763549399599634, 0.0, 0.0, 0.0, 0.0, 0.02810689665015534, 0.9299830345887967, 0.5782090121053441, 0.0, 0.0, 0.0, 0.0, 0.0, 0.8686149126930127, 0.9196751491889328, 0.0, 0.0, 0.0, 0.0, 0.0, 0.0, 0.0, 0.0, 0.0, 0.016837897034357285, 
0.4343359521761803, 0.4738945019854164, 0.583785067854936, 0.05148371383339006, 0.0, 0.0, 0.0, 0.0, 0.031982731697713526, 0.9649915172943984, 0.5647395999627026, 0.0, 0.0, 0.0, 0.0, 0.0, 0.8573073996642239, 0.8929001989185771, 0.0, 0.0, 0.0, 0.0, 0.0, 0.0, 0.0, 0.0, 0.0, 0.01922847071075277, 
0.4166431899258408, 0.46355254061164286, 0.5602375944400714, 0.04533193367078378, 0.0, 0.0, 0.0, 0.0, 0.03585856674527171, 0.9999999999999999, 0.551270187820061, 0.0, 0.0, 0.0, 0.0, 0.0, 0.8459998866354349, 0.8661252486482214, 0.0, 0.0, 0.0, 0.0, 0.0, 0.0, 0.0, 0.0, 0.0, 0.021619044387148255, 
0.4336541828093586, 0.47862147534976174, 0.575880136867175, 0.153416261186016, 0.0, 0.0, 0.0, 0.0, 0.04948967101563702, 0.9477669023481645, 0.5448854625831172, 0.0, 0.0, 0.0, 0.0, 0.0, 0.8087894248231968, 0.8929001989185771, 0.0, 0.0, 0.0, 0.0, 0.0, 0.0, 0.0, 0.0, 0.0, 0.017295235509718603, 
0.45066517569287634, 0.49369041008788056, 0.5915226792942785, 0.26150058870124826, 0.0, 0.0, 0.0, 0.0, 0.06312077528600232, 0.895533804696329, 0.5385007373461734, 0.0, 0.0, 0.0, 0.0, 0.0, 0.7715789630109587, 0.9196751491889328, 0.0, 0.0, 0.0, 0.0, 0.0, 0.0, 0.0, 0.0, 0.0, 0.012971426632288953, 
0.46767616857639416, 0.5087593448259994, 0.6071652217213821, 0.3695849162164805, 0.0, 0.0, 0.0, 0.0, 0.07675187955636764, 0.8433007070444937, 0.5321160121092297, 0.0, 0.0, 0.0, 0.0, 0.0, 0.7343685011987207, 0.9464500994592886, 0.0, 0.0, 0.0, 0.0, 0.0, 0.0, 0.0, 0.0, 0.0, 0.008647617754859303, 
0.4846871614599119, 0.5238282795641183, 0.6228077641484856, 0.4776692437317127, 0.0, 0.0, 0.0, 0.0, 0.09038298382673293, 0.7910676093926583, 0.5257312868722859, 0.0, 0.0, 0.0, 0.0, 0.0, 0.6971580393864827, 0.9732250497296443, 0.0, 0.0, 0.0, 0.0, 0.0, 0.0, 0.0, 0.0, 0.0, 0.004323808877429652, 
0.5016981543434297, 0.5388972143022371, 0.6384503065755892, 0.5857535712469449, 0.0, 0.0, 0.0, 0.0, 0.10401408809709825, 0.7388345117408228, 0.5193465616353421, 0.0, 0.0, 0.0, 0.0, 0.0, 0.6599475775742446, 1.0, 0.0, 0.0, 0.0, 0.0, 0.0, 0.0, 0.0, 0.0, 0.0, 0.0, 
0.5199770407041926, 0.5410641481914515, 0.6576774296493515, 0.6073603935380512, 0.0, 0.0, 0.0, 0.0, 0.26904988534883656, 0.7350244975068767, 0.5370046335390949, 0.0, 0.0, 0.0, 0.0, 0.0, 0.6873656509957814, 1.0, 0.0, 0.0, 0.0, 0.0, 0.0, 0.0, 0.0, 0.0, 0.0, 0.0, 
0.5382559270649554, 0.543231082080666, 0.6769045527231138, 0.6289672158291574, 0.0, 0.0, 0.0, 0.0, 0.4340856826005749, 0.7312144832729306, 0.5546627054428477, 0.0, 0.0, 0.0, 0.0, 0.0, 0.7147837244173182, 1.0, 0.0, 0.0, 0.0, 0.0, 0.0, 0.0, 0.0, 0.0, 0.0, 0.0, 
0.5565348134257183, 0.5453980159698804, 0.6961316757968762, 0.6505740381202636, 0.0, 0.0, 0.0, 0.0, 0.5991214798523131, 0.7274044690389845, 0.5723207773466006, 0.0, 0.0, 0.0, 0.0, 0.0, 0.7422017978388551, 0.9999999999999999, 0.0, 0.0, 0.0, 0.0, 0.0, 0.0, 0.0, 0.0, 0.0, 0.0, 
0.5748136997864811, 0.5475649498590948, 0.7153587988706385, 0.6721808604113697, 0.0, 0.0, 0.0, 0.0, 0.7641572771040515, 0.7235944548050384, 0.5899788492503534, 0.0, 0.0, 0.0, 0.0, 0.0, 0.7696198712603919, 0.9999999999999999, 0.0, 0.0, 0.0, 0.0, 0.0, 0.0, 0.0, 0.0, 0.0, 0.0, 
0.593092586147244, 0.5497318837483092, 0.7345859219444008, 0.6937876827024759, 0.0, 0.0, 0.0, 0.0, 0.9291930743557898, 0.7197844405710923, 0.6076369211541062, 0.0, 0.0, 0.0, 0.0, 0.0, 0.7970379446819287, 0.9999999999999999, 0.0, 0.0, 0.0, 0.0, 0.0, 0.0, 0.0, 0.0, 0.0, 0.0, 
0.5922989322568544, 0.5705188841602974, 0.7265343451391848, 0.6679729228494383, 0.0, 0.0, 0.0, 0.0, 0.7641480178179606, 0.6770423086758879, 0.604753954697556, 0.0, 0.0, 0.0, 0.0, 0.0, 0.7435806989676239, 0.9999999999999999, 0.0, 0.0, 0.0, 0.0, 0.0, 0.0, 0.0, 0.0, 0.0, 0.0, 
0.5915052783664646, 0.5913058845722856, 0.7184827683339688, 0.6421581629964006, 0.0, 0.0, 0.0, 0.0, 0.5991029612801315, 0.6343001767806835, 0.6018709882410058, 0.0, 0.0, 0.0, 0.0, 0.0, 0.690123453253319, 0.9999999999999999, 0.0, 0.0, 0.0, 0.0, 0.0, 0.0, 0.0, 0.0, 0.0, 0.0, 
0.590711624476075, 0.6120928849842738, 0.7104311915287528, 0.616343403143363, 0.0, 0.0, 0.0, 0.0, 0.4340579047423023, 0.5915580448854791, 0.5989880217844558, 0.0, 0.0, 0.0, 0.0, 0.0, 0.6366662075390143, 0.9999999999999999, 0.0, 0.0, 0.0, 0.0, 0.0, 0.0, 0.0, 0.0, 0.0, 0.0, 
0.5899179705856852, 0.632879885396262, 0.7023796147235368, 0.5905286432903253, 0.0, 0.0, 0.0, 0.0, 0.26901284820447313, 0.5488159129902749, 0.5961050553279056, 0.0, 0.0, 0.0, 0.0, 0.0, 0.5832089618247094, 0.9999999999999999, 0.0, 0.0, 0.0, 0.0, 0.0, 0.0, 0.0, 0.0, 0.0, 0.0, 
0.5891243166952955, 0.6536668858082503, 0.6943280379183209, 0.5647138834372877, 0.0, 0.0, 0.0, 0.0, 0.10396779166664398, 0.5060737810950705, 0.5932220888713554, 0.0, 0.0, 0.0, 0.0, 0.0, 0.5297517161104046, 0.9999999999999999, 0.0, 0.0, 0.0, 0.0, 0.0, 0.0, 0.0, 0.0, 0.0, 0.0, 
0.6041994045789197, 0.6442469311263357, 0.7265623933930191, 0.6453277234452428, 0.005105630319377297, 0.0, 0.0, 0.0, 0.10616131084566292, 0.5305039748178987, 0.6133981236629993, 0.0, 0.0, 0.0, 0.0, 0.0, 0.5720965386440179, 0.9999999999999999, 0.0, 0.0, 0.0, 0.0, 0.0, 0.0, 0.0, 0.0, 0.0, 0.0, 
0.619274492462544, 0.6348269764444212, 0.7587967488677172, 0.725941563453198, 0.010211260638754594, 0.0, 0.0, 0.0, 0.10835483002468187, 0.5549341685407267, 0.633574158454643, 0.0, 0.0, 0.0, 0.0, 0.0, 0.6144413611776312, 0.9999999999999999, 0.0, 0.0, 0.0, 0.0, 0.0, 0.0, 0.0, 0.0, 0.0, 0.0, 
0.6343495803461683, 0.6254070217625066, 0.7910311043424154, 0.8065554034611532, 0.015316890958131891, 0.0, 0.0, 0.0, 0.1105483492037008, 0.5793643622635549, 0.6537501932462869, 0.0, 0.0, 0.0, 0.0, 0.0, 0.6567861837112443, 1.0, 0.0, 0.0, 0.0, 0.0, 0.0, 0.0, 0.0, 0.0, 0.0, 0.0, 
0.6494246682297925, 0.6159870670805921, 0.8232654598171136, 0.8871692434691083, 0.02042252127750919, 0.0, 0.0, 0.0, 0.11274186838271974, 0.603794555986383, 0.6739262280379307, 0.0, 0.0, 0.0, 0.0, 0.0, 0.6991310062448576, 1.0, 0.0, 0.0, 0.0, 0.0, 0.0, 0.0, 0.0, 0.0, 0.0, 0.0, 
0.6644997561134167, 0.6065671123986776, 0.8554998152918117, 0.9677830834770635, 0.025528151596886484, 0.0, 0.0, 0.0, 0.11493538756173868, 0.6282247497092112, 0.6941022628295745, 0.0, 0.0, 0.0, 0.0, 0.0, 0.7414758287784708, 1.0, 0.0, 0.0, 0.0, 0.0, 0.0, 0.0, 0.0, 0.0, 0.0, 0.0, 
0.6525647027888637, 0.5953525125837857, 0.8602773798945275, 0.9207041400001277, 0.026342852399207948, 0.0, 0.0, 0.0, 0.19068498323674948, 0.6147094399155945, 0.677283992175121, 0.0, 0.0, 0.0, 0.0, 0.0, 0.7118413098736216, 1.0, 0.0, 0.0, 0.0, 0.0, 0.0, 0.0, 0.0, 0.0, 0.0, 0.0, 
0.6406296494643107, 0.5841379127688939, 0.8650549444972433, 0.8736251965231918, 0.027157553201529412, 0.0, 0.0, 0.0, 0.26643457891176026, 0.6011941301219778, 0.6604657215206675, 0.0, 0.0, 0.0, 0.0, 0.0, 0.6822067909687723, 1.0, 0.0, 0.0, 0.0, 0.0, 0.0, 0.0, 0.0, 0.0, 0.0, 0.0, 
0.6286945961397575, 0.572923312954002, 0.869832509099959, 0.826546253046256, 0.02797225400385088, 0.0, 0.0, 0.0, 0.3421841745867711, 0.587678820328361, 0.6436474508662141, 0.0, 0.0, 0.0, 0.0, 0.0, 0.6525722720639231, 0.9999999999999999, 0.0, 0.0, 0.0, 0.0, 0.0, 0.0, 0.0, 0.0, 0.0, 0.0, 
0.6167595428152045, 0.5617087131391102, 0.8746100737026749, 0.77946730956932, 0.028786954806172344, 0.0, 0.0, 0.0, 0.4179337702617819, 0.5741635105347443, 0.6268291802117606, 0.0, 0.0, 0.0, 0.0, 0.0, 0.6229377531590738, 0.9999999999999999, 0.0, 0.0, 0.0, 0.0, 0.0, 0.0, 0.0, 0.0, 0.0, 0.0, 
0.6048244894906515, 0.5504941133242184, 0.8793876383053906, 0.7323883660923841, 0.02960165560849381, 0.0, 0.0, 0.0, 0.4936833659367927, 0.5606482007411276, 0.6100109095573071, 0.0, 0.0, 0.0, 0.0, 0.0, 0.5933032342542246, 0.9999999999999999, 0.0, 0.0, 0.0, 0.0, 0.0, 0.0, 0.0, 0.0, 0.0, 0.0, 
0.5835924079877193, 0.5468078624347862, 0.8439717124591282, 0.7235359576366892, 0.0334066275902749, 0.0, 0.0, 0.0, 0.39862135360422013, 0.556222406359406, 0.6345016482500236, 0.000936791669894927, 0.0, 0.0, 0.0, 0.0, 0.583138579335851, 0.9999999999999999, 0.0, 0.0, 0.0, 0.0, 0.0, 0.0, 0.0, 0.0, 0.0, 0.0, 
0.5623603264847871, 0.543121611545354, 0.8085557866128659, 0.7146835491809943, 0.03721159957205599, 0.0, 0.0, 0.0, 0.30355934127164763, 0.5517966119776844, 0.6589923869427402, 0.001873583339789854, 0.0, 0.0, 0.0, 0.0, 0.5729739244174774, 0.9999999999999999, 0.0, 0.0, 0.0, 0.0, 0.0, 0.0, 0.0, 0.0, 0.0, 0.0, 
0.5411282449818549, 0.5394353606559219, 0.7731398607666035, 0.7058311407252994, 0.04101657155383708, 0.0, 0.0, 0.0, 0.20849732893907508, 0.5473708175959628, 0.6834831256354568, 0.002810375009684781, 0.0, 0.0, 0.0, 0.0, 0.5628092694991039, 0.9999999999999999, 0.0, 0.0, 0.0, 0.0, 0.0, 0.0, 0.0, 0.0, 0.0, 0.0, 
0.5198961634789226, 0.5357491097664897, 0.737723934920341, 0.6969787322696045, 0.04482154353561817, 0.0, 0.0, 0.0, 0.11343531660650258, 0.5429450232142412, 0.7079738643281733, 0.003747166679579708, 0.0, 0.0, 0.0, 0.0, 0.5526446145807303, 0.9999999999999999, 0.0, 0.0, 0.0, 0.0, 0.0, 0.0, 0.0, 0.0, 0.0, 0.0, 
0.4986640819759905, 0.5320628588770575, 0.7023080090740788, 0.6881263238139096, 0.048626515517399264, 0.0, 0.0, 0.0, 0.018373304273930025, 0.5385192288325196, 0.7324646030208899, 0.004683958349474635, 0.0, 0.0, 0.0, 0.0, 0.5424799596623567, 0.9999999999999999, 0.0, 0.0, 0.0, 0.0, 0.0, 0.0, 0.0, 0.0, 0.0, 0.0, 
0.40740202134247516, 0.5122621772248259, 0.6778450710850104, 0.676925585243572, 0.053177114679716184, 0.0, 0.0, 0.0, 0.014698643419144019, 0.5258111523017701, 0.7196635145484069, 0.005674775946822376, 0.0, 0.0, 0.0, 0.0, 0.5375087528398527, 0.9999999999999999, 0.0, 0.0, 0.0, 0.0, 0.0, 0.0, 0.0, 0.0, 0.0, 0.0, 
0.3161399607089599, 0.4924614955725943, 0.6533821330959418, 0.6657248466732345, 0.05772771384203311, 0.0, 0.0, 0.0, 0.011023982564358015, 0.5131030757710208, 0.706862426075924, 0.006665593544170115, 0.0, 0.0, 0.0, 0.0, 0.5325375460173487, 0.9999999999999999, 0.0, 0.0, 0.0, 0.0, 0.0, 0.0, 0.0, 0.0, 0.0, 0.0, 
0.22487790007544456, 0.47266081392036263, 0.6289191951068734, 0.6545241081028971, 0.06227831300435003, 0.0, 0.0, 0.0, 0.007349321709572011, 0.5003949992402713, 0.694061337603441, 0.007656411141517855, 0.0, 0.0, 0.0, 0.0, 0.5275663391948446, 0.9999999999999999, 0.0, 0.0, 0.0, 0.0, 0.0, 0.0, 0.0, 0.0, 0.0, 0.0, 
0.13361583944192928, 0.45286013226813104, 0.6044562571178049, 0.6433233695325595, 0.06682891216666695, 0.0, 0.0, 0.0, 0.0036746608547860056, 0.4876869227095219, 0.6812602491309581, 0.008647228738865595, 0.0, 0.0, 0.0, 0.0, 0.5225951323723407, 0.9999999999999999, 0.0, 0.0, 0.0, 0.0, 0.0, 0.0, 0.0, 0.0, 0.0, 0.0, 
0.04235377880841394, 0.4330594506158994, 0.5799933191287365, 0.632122630962222, 0.07137951132898387, 0.0, 0.0, 0.0, 0.0, 0.4749788461787725, 0.6684591606584751, 0.009638046336213336, 0.0, 0.0, 0.0, 0.0, 0.5176239255498366, 0.9999999999999999, 0.0, 0.0, 0.0, 0.0, 0.0, 0.0, 0.0, 0.0, 0.0, 0.0, 
0.036537893439392316, 0.34907479950332154, 0.5800189397332925, 0.5182142221861338, 0.20846398381910816, 0.0, 0.0, 0.0, 0.0, 0.46011266549773555, 0.6597694511725946, 0.01246227888020168, 0.0, 0.0, 0.0, 0.0, 0.513628276414732, 0.9999999999999999, 0.0, 0.0, 0.0, 0.0, 0.0, 0.0, 0.0, 0.0, 0.0, 0.0, 
0.03072200807037069, 0.26509014839074374, 0.5800445603378486, 0.4043058134100457, 0.3455484563092325, 0.0, 0.0, 0.0, 0.0, 0.4452464848166986, 0.651079741686714, 0.015286511424190024, 0.0, 0.0, 0.0, 0.0, 0.5096326272796273, 0.9999999999999999, 0.0, 0.0, 0.0, 0.0, 0.0, 0.0, 0.0, 0.0, 0.0, 0.0, 
0.024906122701349065, 0.18110549727816588, 0.5800701809424047, 0.29039740463395747, 0.4826329287993567, 0.0, 0.0, 0.0, 0.0, 0.43038030413566164, 0.6423900322008336, 0.01811074396817837, 0.0, 0.0, 0.0, 0.0, 0.5056369781445226, 1.0, 0.0, 0.0, 0.0, 0.0, 0.0, 0.0, 0.0, 0.0, 0.0, 0.0, 
0.01909023733232744, 0.09712084616558808, 0.5800958015469607, 0.1764889958578693, 0.619717401289481, 0.0, 0.0, 0.0, 0.0, 0.4155141234546247, 0.633700322714953, 0.020934976512166713, 0.0, 0.0, 0.0, 0.0, 0.5016413290094179, 1.0, 0.0, 0.0, 0.0, 0.0, 0.0, 0.0, 0.0, 0.0, 0.0, 0.0, 
0.013274351963305814, 0.013136195053010277, 0.5801214221515167, 0.06258058708178114, 0.7568018737796054, 0.0, 0.0, 0.0, 0.0, 0.40064794277358773, 0.6250106132290725, 0.023759209056155056, 0.0, 0.0, 0.0, 0.0, 0.4976456798743133, 1.0, 0.0, 0.0, 0.0, 0.0, 0.0, 0.0, 0.0, 0.0, 0.0, 0.0, 
0.10228588505111118, 0.10446721690819627, 0.6073989371981324, 0.06959395052379397, 0.8054414990236843, 0.0, 0.0, 0.0, 0.0, 0.428777243301795, 0.6246320508151436, 0.029110910869356372, 0.0, 0.0, 0.0, 0.0, 0.495344787654258, 0.9891590196582764, 0.001138784585765194, 0.0, 0.0, 0.0, 0.0, 0.0, 0.0, 0.0, 0.0, 0.0, 
0.19129741813891654, 0.19579823876338226, 0.6346764522447481, 0.07660731396580679, 0.8540811242677633, 0.0, 0.0, 0.0, 0.0, 0.4569065438300023, 0.6242534884012149, 0.03446261268255769, 0.0, 0.0, 0.0, 0.0, 0.49304389543420263, 0.9783180393165527, 0.002277569171530388, 0.0, 0.0, 0.0, 0.0, 0.0, 0.0, 0.0, 0.0, 0.0, 
0.28030895122672195, 0.28712926061856825, 0.6619539672913638, 0.08362067740781962, 0.9027207495118421, 0.0, 0.0, 0.0, 0.0, 0.48503584435820957, 0.623874925987286, 0.039814314495759, 0.0, 0.0, 0.0, 0.0, 0.4907430032141473, 0.9674770589748289, 0.003416353757295582, 0.0, 0.0, 0.0, 0.0, 0.0, 0.0, 0.0, 0.0, 0.0, 
0.36932048431452724, 0.37846028247375424, 0.6892314823379795, 0.09063404084983244, 0.9513603747559211, 0.0, 0.0, 0.0, 0.0, 0.5131651448864168, 0.6234963635733572, 0.04516601630896032, 0.0, 0.0, 0.0, 0.0, 0.48844211099409196, 0.9566360786331053, 0.004555138343060776, 0.0, 0.0, 0.0, 0.0, 0.0, 0.0, 0.0, 0.0, 0.0, 
0.45833201740233265, 0.46979130432894023, 0.7165089973845952, 0.09764740429184526, 1.0, 0.0, 0.0, 0.0, 0.0, 0.5412944454146241, 0.6231178011594284, 0.05051771812216163, 0.0, 0.0, 0.0, 0.0, 0.48614121877403665, 0.9457950982913816, 0.00569392292882597, 0.0, 0.0, 0.0, 0.0, 0.0, 0.0, 0.0, 0.0, 0.0, 
0.47114494412944385, 0.47533943298562126, 0.7276135200397651, 0.19692963614251421, 1.0, 0.0, 0.0, 0.002023760283209187, 0.0, 0.5407065314712477, 0.620346447858742, 0.04999198098068115, 0.0, 0.0, 0.007090837194849843, 0.0, 0.5038878705294684, 0.892286534827497, 0.005502432841369246, 0.0, 0.0, 0.0, 0.0, 0.0, 0.0020868398301673785, 0.0, 0.0, 0.0, 
0.48395787085655506, 0.4808875616423023, 0.7387180426949351, 0.29621186799318316, 1.0, 0.0, 0.0, 0.004047520566418374, 0.0, 0.5401186175278713, 0.6175750945580556, 0.04946624383920067, 0.0, 0.0, 0.014181674389699686, 0.0, 0.5216345222849001, 0.8387779713636124, 0.005310942753912521, 0.0, 0.0, 0.0, 0.0, 0.0, 0.004173679660334757, 0.0, 0.0, 0.0, 
0.49677079758366627, 0.4864356902989833, 0.749822565350105, 0.3954940998438521, 1.0, 0.0, 0.0, 0.006071280849627561, 0.0, 0.5395307035844947, 0.6148037412573693, 0.04894050669772019, 0.0, 0.0, 0.021272511584549528, 0.0, 0.5393811740403319, 0.7852694078997278, 0.005119452666455797, 0.0, 0.0, 0.0, 0.0, 0.0, 0.006260519490502135, 0.0, 0.0, 0.0, 
0.5095837243107775, 0.49198381895566434, 0.7609270880052751, 0.49477633169452107, 1.0, 0.0, 0.0, 0.008095041132836748, 0.0, 0.5389427896411183, 0.6120323879566828, 0.0484147695562397, 0.0, 0.0, 0.02836334877939937, 0.0, 0.5571278257957637, 0.7317608444358432, 0.004927962578999072, 0.0, 0.0, 0.0, 0.0, 0.0, 0.008347359320669514, 0.0, 0.0, 0.0, 
0.5223966510378887, 0.49753194761234537, 0.772031610660445, 0.59405856354519, 1.0, 0.0, 0.0, 0.010118801416045934, 0.0, 0.5383548756977419, 0.6092610346559965, 0.047889032414759225, 0.0, 0.0, 0.035454185974249215, 0.0, 0.5748744775511955, 0.6782522809719586, 0.004736472491542348, 0.0, 0.0, 0.0, 0.0, 0.0, 0.010434199150836893, 0.0, 0.0, 0.0, 
0.5219709657295608, 0.5100597770229607, 0.7771193656641399, 0.6027372190979209, 1.0, 0.0, 0.0, 0.008095041132836748, 0.0008915832865196838, 0.5474184679953927, 0.6193564908461097, 0.04901510738487371, 0.0, 0.0, 0.030148910494271958, 0.0012803283801512285, 0.5957804286356696, 0.6985552560629144, 0.005753341417906368, 0.0, 0.0, 0.0, 0.0, 0.0, 0.011528862766435052, 0.0, 0.0, 0.0, 
0.521545280421233, 0.5225876064335759, 0.7822071206678347, 0.6114158746506517, 1.0, 0.0, 0.0, 0.00607128084962756, 0.0017831665730393676, 0.5564820602930436, 0.6294519470362229, 0.0501411823549882, 0.0, 0.0, 0.024843635014294704, 0.002560656760302457, 0.6166863797201437, 0.7188582311538702, 0.006770210344270387, 0.0, 0.0, 0.0, 0.0, 0.0, 0.012623526382033212, 0.0, 0.0, 0.0, 
0.5211195951129052, 0.5351154358441913, 0.7872948756715296, 0.6200945302033827, 0.9999999999999999, 0.0, 0.0, 0.004047520566418373, 0.0026747498595590512, 0.5655456525906946, 0.6395474032263362, 0.05126725732510268, 0.0, 0.0, 0.01953835953431745, 0.0038409851404536855, 0.6375923308046179, 0.7391612062448261, 0.007787079270634406, 0.0, 0.0, 0.0, 0.0, 0.0, 0.01371818999763137, 0.0, 0.0, 0.0, 
0.5206939098045774, 0.5476432652548067, 0.7923826306752244, 0.6287731857561135, 0.9999999999999999, 0.0, 0.0, 0.0020237602832091865, 0.003566333146078735, 0.5746092448883454, 0.6496428594164494, 0.052393332295217164, 0.0, 0.0, 0.014233084054340192, 0.005121313520604914, 0.6584982818890921, 0.7594641813357819, 0.008803948196998427, 0.0, 0.0, 0.0, 0.0, 0.0, 0.01481285361322953, 0.0, 0.0, 0.0, 
0.5202682244962495, 0.5601710946654219, 0.7974703856789193, 0.6374518413088444, 0.9999999999999999, 0.0, 0.0, 0.0, 0.004457916432598419, 0.5836728371859963, 0.6597383156065626, 0.05351940726533165, 0.0, 0.0, 0.008927808574362938, 0.006401641900756142, 0.6794042329735662, 0.7797671564267377, 0.009820817123362446, 0.0, 0.0, 0.0, 0.0, 0.0, 0.01590751722882769, 0.0, 0.0, 0.0, 
0.5567952443294397, 0.5755583010675454, 0.8379763085431354, 0.6809004231836024, 0.9922544974826689, 0.0, 0.0, 0.004641876136588197, 0.005493047086240056, 0.6076750236261529, 0.6909745026876928, 0.23930011248121846, 0.0, 0.0, 0.00714224685949035, 0.007469270485378453, 0.7079820406195054, 0.7792141430892492, 0.015136697038443378, 0.0, 0.0, 0.0, 0.0, 0.001261389308477078, 0.01896894588110028, 0.0, 0.0, 0.0, 
0.5933222641626299, 0.5909455074696688, 0.8784822314073515, 0.7243490050583605, 0.9845089949653378, 0.0, 0.0, 0.009283752273176394, 0.006528177739881693, 0.6316772100663095, 0.7222106897688229, 0.4250808176971053, 0.0, 0.0, 0.005356685144617763, 0.008536899070000763, 0.7365598482654446, 0.7786611297517606, 0.020452576953524308, 0.0, 0.0, 0.0, 0.0, 0.002522778616954156, 0.022030374533372872, 0.0, 0.0, 0.0, 
0.6298492839958201, 0.6063327138717921, 0.9189881542715677, 0.7677975869331186, 0.9767634924480069, 0.0, 0.0, 0.013925628409764591, 0.00756330839352333, 0.6556793965064662, 0.753446876849953, 0.6108615229129921, 0.0, 0.0, 0.003571123429745176, 0.009604527654623074, 0.7651376559113838, 0.7781081164142721, 0.025768456868605245, 0.0, 0.0, 0.0, 0.0, 0.003784167925431234, 0.025091803185645467, 0.0, 0.0, 0.0, 
0.6663763038290104, 0.6217199202739155, 0.9594940771357838, 0.8112461688078768, 0.9690179899306758, 0.0, 0.0, 0.018567504546352788, 0.008598439047164966, 0.6796815829466228, 0.7846830639310831, 0.796642228128879, 0.0, 0.0, 0.001785561714872588, 0.010672156239245386, 0.7937154635573229, 0.7775551030767835, 0.031084336783686176, 0.0, 0.0, 0.0, 0.0, 0.005045557233908312, 0.02815323183791806, 0.0, 0.0, 0.0, 
0.7029033236622005, 0.637107126676039, 0.9999999999999999, 0.8546947506826349, 0.9612724874133448, 0.0, 0.0, 0.023209380682940987, 0.009633569700806604, 0.7036837693867795, 0.8159192510122133, 0.9824229333447658, 0.0, 0.0, 0.0, 0.011739784823867696, 0.8222932712032621, 0.7770020897392951, 0.036400216698767106, 0.0, 0.0, 0.0, 0.0, 0.00630694654238539, 0.03121466049019065, 0.0, 0.0, 0.0, 
0.6711665540419283, 0.6081858256790643, 0.9536490655865243, 0.809034610020865, 0.8971667005666737, 0.0, 0.0, 0.018567504546352788, 0.009470947564257978, 0.677127263347778, 0.781472888198925, 0.9859383466758127, 0.0, 0.0, 0.0, 0.01327381890956788, 0.7581833926669961, 0.7600488175179528, 0.0379308133813983, 0.0, 0.0, 0.0, 0.0, 0.005045557233908312, 0.028828441234946524, 0.0, 0.0, 0.0, 
0.639429784421656, 0.5792645246820896, 0.9072981311730487, 0.763374469359095, 0.8330609137200025, 0.0, 0.0, 0.013925628409764593, 0.009308325427709353, 0.6505707573087764, 0.7470265253856367, 0.9894537600068595, 0.0, 0.0, 0.0, 0.014807852995268066, 0.6940735141307302, 0.7430955452966106, 0.0394614100640295, 0.0, 0.0, 0.0, 0.0, 0.003784167925431234, 0.026442221979702394, 0.0, 0.0, 0.0, 
0.6076930148013837, 0.5503432236851149, 0.8609471967595732, 0.7177143286973251, 0.7689551268733313, 0.0, 0.0, 0.009283752273176396, 0.009145703291160727, 0.6240142512697748, 0.7125801625723485, 0.9929691733379064, 0.0, 0.0, 0.0, 0.01634188708096825, 0.6299636355944641, 0.7261422730752685, 0.040992006746660696, 0.0, 0.0, 0.0, 0.0, 0.002522778616954156, 0.024056002724458268, 0.0, 0.0, 0.0, 
0.5759562451811115, 0.5214219226881402, 0.8145962623460976, 0.6720541880355551, 0.7048493400266602, 0.0, 0.0, 0.004641876136588199, 0.008983081154612103, 0.5974577452307733, 0.6781337997590601, 0.9964845866689531, 0.0, 0.0, 0.0, 0.017875921166668432, 0.5658537570581981, 0.7091890008539262, 0.04252260342929189, 0.0, 0.0, 0.0, 0.0, 0.001261389308477078, 0.021669783469214138, 0.0, 0.0, 0.0, 
0.5442194755608393, 0.49250062169116554, 0.768245327932622, 0.6263940473737851, 0.6407435531799891, 0.0, 0.0, 0.0, 0.008820459018063477, 0.5709012391917718, 0.6436874369457718, 1.0, 0.0, 0.0, 0.0, 0.01940995525236862, 0.501743878521932, 0.692235728632584, 0.04405320011192309, 0.0, 0.0, 0.0, 0.0, 0.0, 0.01928356421397001, 0.0, 0.0, 0.0, 
0.527576131900263, 0.4011816957693158, 0.706412046135692, 0.5091405373936244, 0.6546471326912433, 0.0011974028089567705, 0.0, 0.0, 0.007056367214450782, 0.5435455509430619, 0.6135204044233018, 1.0, 0.0, 0.0, 0.0, 0.018314635282960123, 0.5113597449589868, 0.6617129263498899, 0.0395632514185947, 0.0, 0.0, 0.0, 0.0, 0.0, 0.020510774460150195, 0.0, 0.0, 0.0, 
0.5109327882396867, 0.309862769847466, 0.6445787643387618, 0.39188702741346376, 0.6685507122024974, 0.002394805617913541, 0.0, 0.0, 0.005292275410838087, 0.5161898626943521, 0.5833533719008319, 1.0, 0.0, 0.0, 0.0, 0.01721931531355163, 0.5209756113960418, 0.6311901240671958, 0.035073302725266306, 0.0, 0.0, 0.0, 0.0, 0.0, 0.021737984706330378, 0.0, 0.0, 0.0, 
0.4942894445791104, 0.21854384392561627, 0.5827454825418318, 0.2746335174333031, 0.6824542917137516, 0.003592208426870311, 0.0, 0.0, 0.0035281836072253905, 0.48883417444564214, 0.5531863393783619, 1.0, 0.0, 0.0, 0.0, 0.016123995344143136, 0.5305914778330966, 0.6006673217845017, 0.030583354031937918, 0.0, 0.0, 0.0, 0.0, 0.0, 0.022965194952510558, 0.0, 0.0, 0.0, 
0.47764610091853416, 0.1272249180037665, 0.5209122007449017, 0.1573800074531424, 0.6963578712250057, 0.004789611235827082, 0.0, 0.0, 0.0017640918036126952, 0.46147848619693227, 0.523019306855892, 1.0, 0.0, 0.0, 0.0, 0.015028675374734643, 0.5402073442701515, 0.5701445195018076, 0.026093405338609526, 0.0, 0.0, 0.0, 0.0, 0.0, 0.02419240519869074, 0.0, 0.0, 0.0, 
0.46100275725795786, 0.035905992081916756, 0.45907891894797165, 0.040126497472981706, 0.7102614507362599, 0.0059870140447838525, 0.0, 0.0, 0.0, 0.4341227979482224, 0.49285227433342205, 1.0, 0.0, 0.0, 0.0, 0.013933355405326149, 0.5498232107072063, 0.5396217172191135, 0.021603456645281134, 0.0, 0.0, 0.0, 0.0, 0.0, 0.025419615444870924, 0.0, 0.0, 0.0, 
0.45767600349971055, 0.10782793333205912, 0.4652595943094215, 0.04198824395223347, 0.708113213624784, 0.007901780276860972, 0.0, 0.0, 0.0, 0.43328800558123154, 0.4936772670060636, 1.0, 0.0, 0.0, 0.0, 0.015903810005286755, 0.5464938837994411, 0.5393268405028213, 0.019678575461439373, 0.0, 0.0, 0.0, 0.0, 0.0, 0.12065190743896204, 0.0, 0.0, 0.0, 
0.45434924974146323, 0.17974987458220149, 0.4714402696708714, 0.04384999043148522, 0.7059649765133081, 0.009816546508938094, 0.0, 0.0, 0.0, 0.43245321321424063, 0.4945022596787052, 1.0, 0.0, 0.0, 0.0, 0.01787426460524736, 0.5431645568916759, 0.5390319637865292, 0.017753694277597615, 0.0, 0.0, 0.0, 0.0, 0.0, 0.21588419943305315, 0.0, 0.0, 0.0, 
0.45102249598321587, 0.2516718158323439, 0.4776209450323212, 0.04571173691073698, 0.7038167394018322, 0.011731312741015213, 0.0, 0.0, 0.0, 0.4316184208472498, 0.49532725235134684, 1.0, 0.0, 0.0, 0.0, 0.01984471920520797, 0.5398352299839108, 0.538737087070237, 0.015828813093755854, 0.0, 0.0, 0.0, 0.0, 0.0, 0.31111649142714426, 0.0, 0.0, 0.0, 
0.44769574222496855, 0.3235937570824862, 0.4838016203937711, 0.047573483389988735, 0.7016685022903564, 0.013646078973092335, 0.0, 0.0, 0.0, 0.43078362848025886, 0.4961522450239884, 1.0, 0.0, 0.0, 0.0, 0.021815173805168574, 0.5365059030761455, 0.5384422103539449, 0.013903931909914093, 0.0, 0.0, 0.0, 0.0, 0.0, 0.40634878342123537, 0.0, 0.0, 0.0, 
0.44436898846672124, 0.3955156983326286, 0.48998229575522095, 0.049435229869240496, 0.6995202651788804, 0.015560845205169455, 0.0, 0.0, 0.0, 0.429948836113268, 0.49697723769663, 1.0, 0.0, 0.0, 0.0, 0.02378562840512918, 0.5331765761683803, 0.5381473336376528, 0.011979050726072334, 0.0, 0.0, 0.0, 0.0, 0.0, 0.5015810754153265, 0.0, 0.0, 0.0, 
0.44736886437964746, 0.40180751341253784, 0.5028366647596433, 0.050113480475401304, 0.7457197963619148, 0.016948667109045287, 0.0, 0.0, 0.0, 0.43292534578157055, 0.49803953556955216, 1.0, 0.0, 0.0, 0.0, 0.02509006861422464, 0.5191173145597614, 0.5389652640239327, 0.012350965098562774, 0.0, 0.0, 0.0, 0.0, 0.0, 0.4960900948351775, 0.0, 0.0, 0.0, 
0.4503687402925737, 0.4080993284924471, 0.5156910337640656, 0.05079173108156211, 0.7919193275449492, 0.01833648901292112, 0.0, 0.0, 0.0, 0.4359018554498731, 0.4991018334424743, 1.0, 0.0, 0.0, 0.0, 0.026394508823320104, 0.5050580529511425, 0.5397831944102127, 0.012722879471053217, 0.0, 0.0, 0.0, 0.0, 0.0, 0.49059911425502856, 0.0, 0.0, 0.0, 
0.45336861620549995, 0.41439114357235635, 0.5285454027684878, 0.05146998168772291, 0.8381188587279835, 0.019724310916796953, 0.0, 0.0, 0.0, 0.4388783651181756, 0.5001641313153964, 1.0, 0.0, 0.0, 0.0, 0.027698949032415564, 0.4909987913425235, 0.5406011247964926, 0.013094793843543657, 0.0, 0.0, 0.0, 0.0, 0.0, 0.4851081336748796, 0.0, 0.0, 0.0, 
0.45636849211842617, 0.4206829586522656, 0.5413997717729101, 0.05214823229388372, 0.8843183899110179, 0.021112132820672782, 0.0, 0.0, 0.0, 0.4418548747864781, 0.5012264291883186, 1.0, 0.0, 0.0, 0.0, 0.029003389241511024, 0.4769395297339045, 0.5414190551827726, 0.0134667082160341, 0.0, 0.0, 0.0, 0.0, 0.0, 0.47961715309473063, 0.0, 0.0, 0.0, 
0.4593683680313524, 0.42697477373217485, 0.5542541407773324, 0.052826482900044526, 0.9305179210940523, 0.022499954724548615, 0.0, 0.0, 0.0, 0.44483138445478065, 0.5022887270612407, 1.0, 0.0, 0.0, 0.0, 0.030307829450606488, 0.4628802681252856, 0.5422369855690525, 0.01383862258852454, 0.0, 0.0, 0.0, 0.0, 0.0, 0.47412617251458167, 0.0, 0.0, 0.0, 
0.3674946944250819, 0.34157981898573986, 0.5273928654989225, 0.04413366567577989, 0.8673412830496758, 0.017999963779638892, 0.0, 0.0, 0.0, 0.35871065631173005, 0.49224657204123207, 1.0, 0.0, 0.0, 0.0, 0.02998435498487537, 0.3703042145002285, 0.4357208692173792, 0.01475838624672084, 0.0, 0.0, 0.0, 0.0, 0.0, 0.38783804756088214, 0.0, 0.0, 0.0, 
0.27562102081881146, 0.2561848642393049, 0.5005315902205127, 0.03544084845151525, 0.8041646450052993, 0.013499972834729168, 0.0, 0.0, 0.0, 0.27258992816867944, 0.48220441702122335, 1.0, 0.0, 0.0, 0.0, 0.029660880519144252, 0.2777281608751714, 0.3292047528657058, 0.01567814990491714, 0.0, 0.0, 0.0, 0.0, 0.0, 0.30154992260718255, 0.0, 0.0, 0.0, 
0.18374734721254093, 0.17078990949286998, 0.4736703149421029, 0.02674803122725062, 0.7409880069609228, 0.008999981889819444, 0.0, 0.0, 0.0, 0.18646920002562878, 0.4721622620012147, 1.0, 0.0, 0.0, 0.0, 0.02933740605341314, 0.18515210725011422, 0.22268863651403237, 0.016597913563113437, 0.0, 0.0, 0.0, 0.0, 0.0, 0.21526179765348297, 0.0, 0.0, 0.0, 
0.09187367360627047, 0.08539495474643499, 0.44680903966369306, 0.018055214002985986, 0.6778113689165464, 0.004499990944909722, 0.0, 0.0, 0.0, 0.10034847188257817, 0.462120106981206, 1.0, 0.0, 0.0, 0.0, 0.02901393158768202, 0.09257605362505711, 0.11617252016235902, 0.017517677221309737, 0.0, 0.0, 0.0, 0.0, 0.0, 0.12897367269978344, 0.0, 0.0, 0.0, 
0.0, 0.0, 0.41994776438528325, 0.009362396778721353, 0.6146347308721699, 0.0, 0.0, 0.0, 0.0, 0.014227743739527562, 0.4520779519611973, 1.0, 0.0, 0.0, 0.0, 0.028690457121950903, 0.0, 0.00965640381068564, 0.018437440879506037, 0.0, 0.0, 0.0, 0.0, 0.0, 0.0426855477460839, 0.0, 0.0, 0.0, 
0.004629110550078729, 0.0008850587944776477, 0.42898942746775376, 0.011269477185128085, 0.5921558656923557, 0.0026959562452656834, 0.0, 0.0, 0.0, 0.014964560740742747, 0.44799855979635184, 1.0, 0.0, 0.0, 0.0, 0.02996507683943156, 0.0, 0.013100210401680218, 0.020664774094366557, 0.0, 0.0, 0.0, 0.0, 0.0, 0.04285922644418008, 0.0, 0.0, 0.0, 
0.009258221100157457, 0.0017701175889552954, 0.4380310905502243, 0.013176557591534816, 0.5696770005125416, 0.005391912490531367, 0.0, 0.0, 0.0, 0.01570137774195793, 0.4439191676315063, 1.0, 0.0, 0.0, 0.0, 0.03123969655691222, 0.0, 0.016544016992674798, 0.022892107309227076, 0.0, 0.0, 0.0, 0.0, 0.0, 0.04303290514227627, 0.0, 0.0, 0.0, 
0.013887331650236187, 0.002655176383432943, 0.44707275363269483, 0.015083637997941546, 0.5471981353327273, 0.00808786873579705, 0.0, 0.0, 0.0, 0.016438194743173117, 0.4398397754666608, 0.9999999999999999, 0.0, 0.0, 0.0, 0.03251431627439288, 0.0, 0.01998782358366938, 0.025119440524087593, 0.0, 0.0, 0.0, 0.0, 0.0, 0.04320658384037245, 0.0, 0.0, 0.0, 
0.018516442200314915, 0.003540235177910591, 0.4561144167151654, 0.01699071840434828, 0.5247192701529132, 0.010783824981062734, 0.0, 0.0, 0.0, 0.0171750117443883, 0.43576038330181527, 0.9999999999999999, 0.0, 0.0, 0.0, 0.033788935991873534, 0.0, 0.023431630174663955, 0.027346773738948112, 0.0, 0.0, 0.0, 0.0, 0.0, 0.04338026253846864, 0.0, 0.0, 0.0, 
0.023145552750393643, 0.004425293972388239, 0.4651560797976359, 0.01889779881075501, 0.502240404973099, 0.013479781226328418, 0.0, 0.0, 0.0, 0.017911828745603486, 0.4316809911369698, 0.9999999999999999, 0.0, 0.0, 0.0, 0.03506355570935419, 0.0, 0.026875436765658536, 0.029574106953808632, 0.0, 0.0, 0.0, 0.0, 0.0, 0.04355394123656482, 0.0, 0.0, 0.0, 
0.02121140330651724, 0.007119368957503097, 0.4601735272443076, 0.018795070952003314, 0.4097199136172263, 0.01357953567843758, 0.0, 0.0, 0.0, 0.017922670826874494, 0.42834698086807904, 0.9999999999999999, 0.0, 0.0, 0.0, 0.0327107609361749, 0.1138369876514729, 0.12313205594920006, 0.03166909410125383, 0.0, 0.0, 0.0, 0.0, 0.0036078736245179757, 0.12191030154538433, 0.000946131077801767, 0.0, 0.0, 
0.01927725386264083, 0.009813443942617954, 0.4551909746909793, 0.018692343093251615, 0.31719942226135367, 0.013679290130546744, 0.0, 0.0, 0.0, 0.017933512908145502, 0.42501297059918824, 0.9999999999999999, 0.0, 0.0, 0.0, 0.030357966162995614, 0.2276739753029458, 0.21938867513274157, 0.03376408124869902, 0.0, 0.0, 0.0, 0.0, 0.007215747249035951, 0.20026666185420383, 0.001892262155603534, 0.0, 0.0, 
0.017343104418764427, 0.012507518927732813, 0.45020842213765105, 0.01858961523449992, 0.22467893090548097, 0.013779044582655905, 0.0, 0.0, 0.0, 0.01794435498941651, 0.4216789603302975, 1.0, 0.0, 0.0, 0.0, 0.028005171389816327, 0.34151096295441874, 0.3156452943162831, 0.03585906839614421, 0.0, 0.0, 0.0, 0.0, 0.010823620873553926, 0.27862302216302337, 0.002838393233405301, 0.0, 0.0, 
0.015408954974888022, 0.015201593912847668, 0.44522586958432275, 0.01848688737574822, 0.13215843954960832, 0.013878799034765068, 0.0, 0.0, 0.0, 0.017955197070687517, 0.4183449500614067, 1.0, 0.0, 0.0, 0.0, 0.025652376616637038, 0.4553479506058916, 0.4119019134998246, 0.0379540555435894, 0.0, 0.0, 0.0, 0.0, 0.014431494498071903, 0.35697938247184285, 0.003784524311207068, 0.0, 0.0, 
0.013474805531011616, 0.017895668897962527, 0.44024331703099445, 0.018384159516996526, 0.039637948193735666, 0.013978553486874231, 0.0, 0.0, 0.0, 0.017966039151958525, 0.41501093979251596, 1.0, 0.0, 0.0, 0.0, 0.02329958184345775, 0.5691849382573645, 0.5081585326833661, 0.0400490426910346, 0.0, 0.0, 0.0, 0.0, 0.01803936812258988, 0.43533574278066234, 0.004730655389008835, 0.0, 0.0, 
0.09617423884586111, 0.10440338183865147, 0.46065768955579794, 0.023524633521714647, 0.13973374150640686, 0.11703141038456558, 0.0, 0.0, 0.0, 0.10430675167197764, 0.4259390383068943, 1.0, 0.0, 0.0, 0.0, 0.10678464874973395, 0.614443971113234, 0.5209855513051097, 0.1572872747990121, 0.0, 0.0, 0.0, 0.0, 0.03265443451297467, 0.44262371470182815, 0.007869075065143765, 0.0, 0.0, 
0.1788736721607106, 0.19091109477934043, 0.48107206208060144, 0.028665107526432768, 0.23982953481907807, 0.22008426728225694, 0.0, 0.0, 0.0, 0.19064746419199677, 0.4368671368212726, 1.0, 0.0, 0.0, 0.0, 0.19026971565601017, 0.6597030039691035, 0.5338125699268533, 0.2745255069069896, 0.0, 0.0, 0.0, 0.0, 0.04726950090335946, 0.44991168662299397, 0.011007494741278696, 0.0, 0.0, 
0.2615731054755601, 0.27741880772002936, 0.501486434605405, 0.03380558153115089, 0.33992532813174925, 0.3231371241799483, 0.0, 0.0, 0.0, 0.2769881767120159, 0.4477952353356509, 1.0, 0.0, 0.0, 0.0, 0.27375478256228636, 0.704962036824973, 0.5466395885485971, 0.3917637390149671, 0.0, 0.0, 0.0, 0.0, 0.061884567293744266, 0.4571996585441597, 0.014145914417413627, 0.0, 0.0, 
0.3442725387904096, 0.3639265206607183, 0.5219008071302085, 0.03894605553586901, 0.44002112144442046, 0.4261899810776396, 0.0, 0.0, 0.0, 0.36332888923203505, 0.4587233338500293, 1.0, 0.0, 0.0, 0.0, 0.3572398494685626, 0.7502210696808426, 0.5594666071703407, 0.5090019711229445, 0.0, 0.0, 0.0, 0.0, 0.07649963368412906, 0.46448763046532554, 0.017284334093548556, 0.0, 0.0, 
0.42697197210525906, 0.4504342336014072, 0.542315179655012, 0.04408652954058713, 0.5401169147570917, 0.529242837975331, 0.0, 0.0, 0.0, 0.44966960175205417, 0.4696514323644076, 1.0, 0.0, 0.0, 0.0, 0.4407249163748388, 0.7954801025367121, 0.5722936257920843, 0.6262402032309221, 0.0, 0.0, 0.0, 0.0, 0.09111470007451385, 0.47177560238649136, 0.02042275376968349, 0.0, 0.0, 
0.46026444199934835, 0.4731819845076295, 0.574537532337831, 0.05042646124725562, 0.5766448384452425, 0.566778118669001, 0.0, 0.0, 0.0017746964988711394, 0.47016463398392017, 0.49625247403599654, 0.9930416584557836, 0.0022213126810604463, 0.0, 0.0, 0.5132995709961113, 0.8363840820293696, 0.4668060819466717, 0.6015188190452588, 0.0, 0.0, 0.0, 0.0019540561781513704, 0.07880157533753336, 0.3905635328348232, 0.02508578457189581, 0.0, 0.0, 
0.4935569118934376, 0.49592973541385177, 0.60675988502065, 0.056766392953924105, 0.6131727621333934, 0.6043133993626709, 0.0, 0.0, 0.0035493929977422787, 0.4906596662157862, 0.5228535157075855, 0.9860833169115673, 0.004442625362120893, 0.0, 0.0, 0.5858742256173839, 0.8772880615220272, 0.3613185381012591, 0.5767974348595956, 0.0, 0.0, 0.0, 0.003908112356302741, 0.06648845060055288, 0.30935146328315505, 0.02974881537410813, 0.0, 0.0, 
0.5268493817875268, 0.518677486320074, 0.6389822377034691, 0.0631063246605926, 0.6497006858215443, 0.641848680056341, 0.0, 0.0, 0.005324089496613418, 0.5111546984476523, 0.5494545573791745, 0.9791249753673508, 0.006663938043181339, 0.0, 0.0, 0.6584488802386566, 0.9181920410146848, 0.25583099425584643, 0.5520760506739322, 0.0, 0.0, 0.0, 0.005862168534454111, 0.05417532586357239, 0.2281393937314869, 0.034411846176320454, 0.0, 0.0, 
0.5601418516816161, 0.5414252372262963, 0.6712045903862882, 0.0694462563672611, 0.6862286095096952, 0.679383960750011, 0.0, 0.0, 0.0070987859954845575, 0.5316497306795183, 0.5760555990507634, 0.9721666338231344, 0.008885250724241785, 0.0, 0.0, 0.7310235348599291, 0.9590960205073423, 0.15034345041043384, 0.5273546664882689, 0.0, 0.0, 0.0, 0.007816224712605482, 0.041862201126591905, 0.14692732417981874, 0.03907487697853278, 0.0, 0.0, 
0.5934343215757054, 0.5641729881325186, 0.7034269430691072, 0.07578618807392958, 0.722756533197846, 0.7169192414436809, 0.0, 0.0, 0.008873482494355697, 0.5521447629113843, 0.6026566407223524, 0.965208292278918, 0.01110656340530223, 0.0, 0.0, 0.8035981894812017, 0.9999999999999999, 0.04485590656502124, 0.5026332823026056, 0.0, 0.0, 0.0, 0.009770280890756853, 0.029549076389611417, 0.0657152546281506, 0.04373790778074509, 0.0, 0.0, 
0.5812405604637702, 0.5681731736836545, 0.709745476663643, 0.07758290813002511, 0.591984596851463, 0.7118886850219519, 0.0, 0.0, 0.008900956773395792, 0.5579122840105459, 0.6126944229558913, 0.9721666338231344, 0.015843511729385355, 0.002741855287730318, 0.0, 0.7458069237253938, 0.9111846477720185, 0.04282591704340803, 0.4892493121758324, 0.0, 0.0, 0.0, 0.007816224712605482, 0.023639261111689132, 0.16352525087307462, 0.04246387065103707, 0.0, 0.0, 
0.5690467993518349, 0.5721733592347905, 0.7160640102581787, 0.07937962818612065, 0.46121266050508003, 0.7068581286002229, 0.0, 0.0, 0.008928431052435884, 0.5636798051097077, 0.6227322051894303, 0.9791249753673508, 0.020580460053468478, 0.005483710575460636, 0.0, 0.6880156579695861, 0.8223692955440371, 0.040795927521794825, 0.4758653420490591, 0.0, 0.0, 0.0, 0.005862168534454112, 0.01772944583376685, 0.2613352471179986, 0.041189833521329045, 0.0, 0.0, 
0.5568530382398997, 0.5761735447859264, 0.7223825438527143, 0.08117634824221619, 0.330440724158697, 0.7018275721784939, 0.0, 0.0, 0.008955905331475979, 0.5694473262088694, 0.6327699874229692, 0.9860833169115673, 0.0253174083775516, 0.008225565863190953, 0.0, 0.6302243922137782, 0.7335539433160557, 0.03876593800018162, 0.4624813719222859, 0.0, 0.0, 0.0, 0.003908112356302742, 0.011819630555844566, 0.3591452433629226, 0.039915796391621024, 0.0, 0.0, 
0.5446592771279645, 0.5801737303370624, 0.72870107744725, 0.08297306829831173, 0.199668787812314, 0.6967970157567649, 0.0, 0.0, 0.008983379610516071, 0.5752148473080312, 0.6428077696565082, 0.9930416584557836, 0.030054356701634727, 0.010967421150921272, 0.0, 0.5724331264579705, 0.6447385910880743, 0.03673594847856842, 0.4490974017955126, 0.0, 0.0, 0.0, 0.0019540561781513713, 0.005909815277922285, 0.4569552396078466, 0.038641759261912996, 0.0, 0.0, 
0.5324655160160292, 0.5841739158881983, 0.7350196110417857, 0.08476978835440727, 0.06889685146593094, 0.6917664593350359, 0.0, 0.0, 0.009010853889556166, 0.5809823684071929, 0.6528455518900471, 1.0, 0.034791305025717846, 0.01370927643865159, 0.0, 0.5146418607021627, 0.5559232388600929, 0.03470595895695521, 0.4357134316687394, 0.0, 0.0, 0.0, 0.0, 0.0, 0.5547652358527706, 0.037367722132204975, 0.0, 0.0, 
0.5099084867310464, 0.4719107879596913, 0.6819603989660202, 0.0728980399309033, 0.05711550713119846, 0.5603905796770197, 0.0, 0.0, 0.0072086831116449325, 0.47334354004945123, 0.6205286515000552, 1.0, 0.03807239442219897, 0.010967421150921272, 0.0, 0.5186550535630879, 0.4447385910880743, 0.02776476716556417, 0.4289212351192485, 0.0, 0.0, 0.0, 0.0, 0.0, 0.44749578978413806, 0.03264039985308463, 0.0, 0.0, 
0.48735145744606356, 0.35964766003118437, 0.6289011868902548, 0.061026291507399334, 0.045334162796465974, 0.42901470001900355, 0.0, 0.0, 0.005406512333733699, 0.36570471169170954, 0.5882117511100633, 1.0, 0.04135348381868009, 0.008225565863190953, 0.0, 0.5226682464240133, 0.3335539433160557, 0.020823575374173127, 0.42212903856975764, 0.0, 0.0, 0.0, 0.0, 0.0, 0.34022634371550553, 0.027913077573964287, 0.0, 0.0, 
0.46479442816108074, 0.2473845321026774, 0.5758419748144894, 0.04915454308389537, 0.03355281846173348, 0.2976388203609874, 0.0, 0.0, 0.0036043415558224667, 0.25806588333396785, 0.5558948507200714, 1.0, 0.04463457321516122, 0.005483710575460637, 0.0, 0.5266814392849386, 0.22236929554403717, 0.013882383582782085, 0.41533684202026677, 0.0, 0.0, 0.0, 0.0, 0.0, 0.232956897646873, 0.023185755294843943, 0.0, 0.0, 
0.4422373988760979, 0.1351214041741704, 0.5227827627387238, 0.0372827946603914, 0.021771474127001, 0.1662629407029712, 0.0, 0.0, 0.0018021707779112333, 0.15042705497622622, 0.5235779503300795, 1.0, 0.047915662611642346, 0.0027418552877303184, 0.0, 0.530694632145864, 0.11118464777201859, 0.006941191791391042, 0.4085446454707759, 0.0, 0.0, 0.0, 0.0, 0.0, 0.12568745157824046, 0.0184584330157236, 0.0, 0.0, 
0.4196803695911151, 0.022858276245663382, 0.4697235506629584, 0.02541104623688743, 0.009990129792268513, 0.034887061044955085, 0.0, 0.0, 0.0, 0.04278822661848458, 0.4912610499400875, 1.0, 0.051196752008123465, 0.0, 0.0, 0.5347078250067893, 0.0, 0.0, 0.40175244892128503, 0.0, 0.0, 0.0, 0.0, 0.0, 0.018418005509607933, 0.013731110736603254, 0.0, 0.0, 
0.3422379915167281, 0.020040582121652252, 0.4633823709997936, 0.02514850718443967, 0.00914664498467064, 0.04192879127510512, 0.0, 0.0, 0.0, 0.04265874110374765, 0.48354363344942175, 1.0, 0.051900080025227995, 0.0, 0.0, 0.572279355403853, 0.0, 0.0, 0.32905122957847044, 0.0, 0.0, 0.0, 0.0, 0.0, 0.014734404407686346, 0.010984888589282604, 0.0, 0.0, 
0.26479561344234115, 0.01722288799764112, 0.4570411913366289, 0.024885968131991912, 0.008303160177072768, 0.04897052150525516, 0.0, 0.0, 0.0, 0.04252925558901072, 0.47582621695875604, 1.0, 0.05260340804233253, 0.0, 0.0, 0.6098508858009168, 0.0, 0.0, 0.2563500102356558, 0.0, 0.0, 0.0, 0.0, 0.0, 0.01105080330576476, 0.008238666441961952, 0.0, 0.0, 
0.18735323536795412, 0.014405193873629988, 0.45070001167346413, 0.02462342907954415, 0.007459675369474897, 0.056012251735405194, 0.0, 0.0, 0.0, 0.042399770074273785, 0.4681088004680903, 1.0, 0.05330673605943706, 0.0, 0.0, 0.6474224161979806, 0.0, 0.0, 0.18364879089284117, 0.0, 0.0, 0.0, 0.0, 0.0, 0.007367202203843175, 0.005492444294641302, 0.0, 0.0, 
0.10991085729356714, 0.011587499749618858, 0.4443588320102994, 0.024360890027096394, 0.006616190561877024, 0.06305398196555523, 0.0, 0.0, 0.0, 0.04227028455953685, 0.4603913839774246, 1.0, 0.054010064076541596, 0.0, 0.0, 0.6849939465950443, 0.0, 0.0, 0.11094757155002655, 0.0, 0.0, 0.0, 0.0, 0.0, 0.0036836011019215874, 0.00274622214732065, 0.0, 0.0, 
0.03246847921918014, 0.008769805625607727, 0.43801765234713463, 0.024098350974648634, 0.005772705754279152, 0.07009571219570526, 0.0, 0.0, 0.0, 0.04214079904479992, 0.4526739674867588, 1.0, 0.054713392093646125, 0.0, 0.0, 0.7225654769921082, 0.0, 0.0, 0.038246352207211946, 0.0, 0.0, 0.0, 0.0, 0.0, 0.0, 0.0, 0.0, 0.0, 
0.12060775469271973, 0.01356732765977319, 0.44863014777202853, 0.02558332970613766, 0.0071140532563349484, 0.0670792260063664, 0.0, 0.0, 0.013128991616273036, 0.1203604142863453, 0.46170907624394886, 1.0, 0.056717233549501936, 0.0, 0.0, 0.6748478515298836, 0.0, 0.0, 0.13442602832085856, 0.0, 0.0, 0.0, 0.0, 0.0, 0.0, 0.0, 0.0, 0.0, 
0.2087470301662593, 0.018364849693938652, 0.4592426431969225, 0.027068308437626688, 0.008455400758390744, 0.06406273981702754, 0.0, 0.0, 0.02625798323254607, 0.19858002952789067, 0.4707441850011389, 1.0, 0.058721075005357753, 0.0, 0.0, 0.627130226067659, 0.0, 0.0, 0.23060570443450518, 0.0, 0.0, 0.0, 0.0, 0.0, 0.0, 0.0, 0.0, 0.0, 
0.2968863056397989, 0.023162371728104113, 0.4698551386218164, 0.028553287169115718, 0.00979674826044654, 0.061046253627688674, 0.0, 0.0, 0.039386974848819103, 0.2767996447694361, 0.4797792937583289, 1.0, 0.060724916461213564, 0.0, 0.0, 0.5794126006054345, 0.0, 0.0, 0.32678538054815176, 0.0, 0.0, 0.0, 0.0, 0.0, 0.0, 0.0, 0.0, 0.0, 
0.3850255811133385, 0.027959893762269577, 0.48046763404671033, 0.030038265900604745, 0.011138095762502336, 0.058029767438349804, 0.0, 0.0, 0.05251596646509214, 0.3550192600109814, 0.48881440251551894, 1.0, 0.06272875791706937, 0.0, 0.0, 0.5316949751432098, 0.0, 0.0, 0.4229650566617984, 0.0, 0.0, 0.0, 0.0, 0.0, 0.0, 0.0, 0.0, 0.0, 
0.47316485658687807, 0.03275741579643504, 0.49108012947160423, 0.03152324463209377, 0.012479443264558134, 0.05501328124901094, 0.0, 0.0, 0.06564495808136518, 0.4332388752525268, 0.497849511272709, 1.0, 0.06473259937292519, 0.0, 0.0, 0.4839773496809853, 0.0, 0.0, 0.519144732775445, 0.0, 0.0, 0.0, 0.0, 0.0, 0.0, 0.0, 0.0, 0.0, 
0.5168851923586812, 0.1426090197802833, 0.5367820753841254, 0.039656726840538836, 0.013540505045700186, 0.20081186062956358, 0.09131341171746707, 0.0, 0.2159321427295653, 0.4604227755166017, 0.5303694937699007, 1.0, 0.06978732412360864, 0.003620533986367505, 0.0, 0.5062208170836167, 0.0, 0.00263515759664279, 0.5990290895590661, 0.006464505580081924, 0.0, 0.0, 0.0, 0.0, 0.002676394143216012, 0.008183053458411544, 0.0, 0.0, 
0.5606055281304845, 0.2524606237641316, 0.5824840212966464, 0.047790209048983893, 0.014601566826842237, 0.3466104400101162, 0.18262682343493414, 0.0, 0.36621932737776536, 0.48760667578067657, 0.5628894762670925, 1.0, 0.07484204887429209, 0.00724106797273501, 0.0, 0.5284642844862479, 0.0, 0.00527031519328558, 0.678913446342687, 0.012929011160163848, 0.0, 0.0, 0.0, 0.0, 0.005352788286432024, 0.016366106916823088, 0.0, 0.0, 
0.6043258639022877, 0.36231222774797983, 0.6281859672091676, 0.05592369125742895, 0.01566262860798429, 0.49240901939066883, 0.2739402351524012, 0.0, 0.5165065120259654, 0.5147905760447515, 0.5954094587642842, 1.0, 0.07989677362497553, 0.010861601959102515, 0.0, 0.5507077518888793, 0.0, 0.00790547278992837, 0.7587978031263081, 0.019393516740245774, 0.0, 0.0, 0.0, 0.0, 0.008029182429648035, 0.024549160375234632, 0.0, 0.0, 
0.6480461996740909, 0.47216383173182813, 0.6738879131216888, 0.06405717346587401, 0.01672369038912634, 0.6382075987712215, 0.3652536468698683, 0.0, 0.6667936966741655, 0.5419744763088263, 0.627929441261476, 1.0, 0.08495149837565899, 0.01448213594547002, 0.0, 0.5729512192915107, 0.0, 0.01054063038657116, 0.838682159909929, 0.025858022320327696, 0.0, 0.0, 0.0, 0.0, 0.010705576572864047, 0.032732213833646176, 0.0, 0.0, 
0.6917665354458942, 0.5820154357156764, 0.7195898590342099, 0.07219065567431908, 0.017784752170268394, 0.7840061781517741, 0.4565670585873354, 0.0, 0.8170808813223657, 0.5691583765729012, 0.6604494237586678, 1.0, 0.09000622312634243, 0.018102669931837526, 0.0, 0.595194686694142, 0.0, 0.013175787983213949, 0.91856651669355, 0.03232252790040962, 0.0, 0.0, 0.0, 0.0, 0.01338197071608006, 0.040915267292057717, 0.0, 0.0, 
0.6778625519628569, 0.585245202271049, 0.7615825435405881, 0.07110951317895517, 0.015112047773107335, 0.7664569652347641, 0.46778939583330487, 0.0, 0.835444623765953, 0.5848182831748538, 0.6736891760591123, 0.9584562533054938, 0.08967240159405493, 0.019108067462645626, 0.0, 0.5807264075593227, 0.0, 0.01054063038657116, 0.9348532133548401, 0.03997339966814008, 0.0, 0.0, 0.0, 0.0, 0.010705576572864047, 0.042011124870351996, 0.0010859775861497476, 0.0, 
0.6639585684798197, 0.5884749688264217, 0.8035752280469662, 0.07002837068359126, 0.012439343375946276, 0.7489077523177542, 0.47901173307927436, 0.0, 0.8538083662095401, 0.6004781897768064, 0.6869289283595567, 0.9169125066109876, 0.08933858006176743, 0.020113464993453727, 0.0, 0.5662581284245035, 0.0, 0.00790547278992837, 0.9511399100161301, 0.047624271435870544, 0.0, 0.0, 0.0, 0.0, 0.008029182429648035, 0.043106982448646275, 0.002171955172299495, 0.0, 
0.6500545849967824, 0.5917047353817945, 0.8455679125533444, 0.06894722818822736, 0.009766638978785217, 0.7313585394007444, 0.4902340703252439, 0.0, 0.8721721086531274, 0.616138096378759, 0.7001686806600012, 0.8753687599164813, 0.08900475852947992, 0.021118862524261824, 0.0, 0.5517898492896842, 0.0, 0.00527031519328558, 0.96742660667742, 0.055275143203601, 0.0, 0.0, 0.0, 0.0, 0.005352788286432025, 0.04420284002694055, 0.0032579327584492425, 0.0, 
0.6361506015137451, 0.5949345019371671, 0.8875605970597227, 0.06786608569286345, 0.007093934581624158, 0.7138093264837344, 0.5014564075712133, 0.0, 0.8905358510967146, 0.6317980029807116, 0.7134084329604455, 0.8338250132219751, 0.08867093699719242, 0.022124260055069924, 0.0, 0.537321570154865, 0.0, 0.00263515759664279, 0.98371330333871, 0.06292601497133146, 0.0, 0.0, 0.0, 0.0, 0.0026763941432160123, 0.045298697605234826, 0.00434391034459899, 0.0, 
0.6222466180307079, 0.5981642684925398, 0.9295532815661008, 0.06678494319749954, 0.004421230184463099, 0.6962601135667245, 0.5126787448171829, 0.0, 0.9088995935403019, 0.6474579095826642, 0.72664818526089, 0.7922812665274689, 0.08833711546490491, 0.023129657585878025, 0.0, 0.5228532910200457, 0.0, 0.0, 1.0, 0.07057688673906193, 0.0, 0.0, 0.0, 0.0, 0.0, 0.046394555183529106, 0.005429887930748738, 0.0, 
0.6525047131394502, 0.6097961727398222, 0.9406508828865779, 0.07070221461553446, 0.006543346229763061, 0.7127681509646709, 0.5730691651063079, 0.0044975606844506215, 0.9011361074972427, 0.6631372419826743, 0.745525564064775, 0.6577804903835824, 0.25138125556277174, 0.17862872887495812, 0.001777456000894954, 0.5090778045860624, 0.0, 0.0, 1.0, 0.07400250838351931, 0.0, 0.0, 0.0, 0.0, 0.0, 0.04066741904613186, 0.010330567902565773, 0.0, 
0.6827628082481926, 0.6214280769871046, 0.951748484207055, 0.07461948603356937, 0.008665462275063023, 0.7292761883626173, 0.6334595853954329, 0.008995121368901243, 0.8933726214541836, 0.6788165743826843, 0.7644029428686598, 0.5232797142396961, 0.4144253956606386, 0.3341278001640382, 0.003554912001789908, 0.49530231815207915, 0.0, 0.0, 1.0, 0.0774281300279767, 0.0, 0.0, 0.0, 0.0, 0.0, 0.03494028290873462, 0.015231247874382807, 0.0, 
0.7130209033569348, 0.633059981234387, 0.962846085527532, 0.0785367574516043, 0.010787578320362987, 0.7457842257605638, 0.6938500056845579, 0.013492682053351863, 0.8856091354111244, 0.6944959067826943, 0.7832803216725448, 0.38877893809580966, 0.5774695357585053, 0.4896268714531183, 0.0053323680026848615, 0.48152683171809585, 0.0, 0.0, 0.9999999999999999, 0.08085375167243408, 0.0, 0.0, 0.0, 0.0, 0.0, 0.029213146771337375, 0.02013192784619984, 0.0, 
0.7432789984656771, 0.6446918854816693, 0.9739436868480091, 0.0824540288696392, 0.012909694365662949, 0.7622922631585102, 0.7542404259736829, 0.017990242737802486, 0.8778456493680653, 0.7101752391827043, 0.8021577004764296, 0.2542781619519232, 0.7405136758563722, 0.6451259427421984, 0.007109824003579816, 0.4677513452841125, 0.0, 0.0, 0.9999999999999999, 0.08427937331689148, 0.0, 0.0, 0.0, 0.0, 0.0, 0.02348601063394013, 0.025032607818016875, 0.0, 
0.7735370935744195, 0.6563237897289518, 0.9850412881684862, 0.08637130028767412, 0.015031810410962911, 0.7788003005564567, 0.8146308462628079, 0.022487803422253108, 0.8700821633250061, 0.7258545715827144, 0.8210350792803146, 0.11977738580803675, 0.903557815954239, 0.8006250140312784, 0.00888728000447477, 0.4539758588501292, 0.0, 0.0, 0.9999999999999999, 0.08770499496134886, 0.0, 0.0, 0.0, 0.0, 0.0, 0.017758874496542888, 0.029933287789833913, 0.0, 
0.7744427405567677, 0.653588802373046, 0.988033030534789, 0.08956538215799792, 0.014886233920401531, 0.8006857341912316, 0.738057266372496, 0.029443585058460925, 0.8803662630036656, 0.7198400949799172, 0.8157478153243416, 0.10689678134446992, 0.8691926333044413, 0.7614862577199495, 0.00991598020810148, 0.4632017358649355, 0.0, 0.0, 0.9336371584579322, 0.19912846233414572, 0.0, 0.0, 0.0, 0.0, 0.0, 0.015116952803664702, 0.03312152671300541, 0.0, 
0.7753483875391157, 0.6508538150171402, 0.9910247729010917, 0.09275946402832172, 0.01474065742984015, 0.8225711678260066, 0.661483686482184, 0.03639936669466874, 0.8906503626823251, 0.71382561837712, 0.8104605513683686, 0.09401617688090308, 0.8348274506546436, 0.7223475014086205, 0.01094468041172819, 0.47242761287974183, 0.0, 0.0, 0.8672743169158643, 0.3105519297069426, 0.0, 0.0, 0.0, 0.0, 0.0, 0.012475031110786516, 0.03630976563617691, 0.0, 
0.7762540345214639, 0.6481188276612344, 0.9940165152673945, 0.09595354589864552, 0.014595080939278771, 0.8444566014607815, 0.5849101065918721, 0.043355148330876565, 0.9009344623609846, 0.7078111417743229, 0.8051732874123957, 0.08113557241733625, 0.8004622680048459, 0.6832087450972916, 0.0119733806153549, 0.48165348989454815, 0.0, 0.0, 0.8009114753737966, 0.4219753970797395, 0.0, 0.0, 0.0, 0.0, 0.0, 0.009833109417908333, 0.03949800455934841, 0.0, 
0.777159681503812, 0.6453838403053287, 0.9970082576336973, 0.09914762776896933, 0.01444950444871739, 0.8663420350955565, 0.5083365267015603, 0.05031092996708438, 0.9112185620396441, 0.7017966651715257, 0.7998860234564227, 0.06825496795376942, 0.7660970853550482, 0.6440699887859627, 0.01300208081898161, 0.49087936690935446, 0.0, 0.0, 0.7345486338317289, 0.5333988644525364, 0.0, 0.0, 0.0, 0.0, 0.0, 0.007191187725030147, 0.04268624348251991, 0.0, 
0.7780653284861602, 0.6426488529494229, 1.0, 0.10234170963929314, 0.01430392795815601, 0.8882274687303314, 0.4317629468112483, 0.0572667116032922, 0.9215026617183036, 0.6957821885687285, 0.7945987595004497, 0.05537436349020258, 0.7317319027052505, 0.6049312324746337, 0.014030781022608319, 0.5001052439241608, 0.0, 0.0, 0.668185792289661, 0.6448223318253332, 0.0, 0.0, 0.0, 0.0, 0.0, 0.004549266032151962, 0.04587448240569141, 0.0, 
0.7528650518993185, 0.6335461482422204, 0.957722649326304, 0.09965927961534443, 0.013287429517837526, 0.9105819749842651, 0.458001452761043, 0.18425645317692643, 0.8720967159729248, 0.6844176524863005, 0.7746484126166838, 0.050582683080108416, 0.5999820650396784, 0.5722965098476485, 0.015320197979834058, 0.5154916884848655, 0.0, 0.0, 0.6763710021550738, 0.6648434780179534, 0.0, 0.0, 0.0, 0.0, 0.0008712609902816311, 0.010300957168809046, 0.18501500827344652, 0.0, 
0.727664775312477, 0.624443443535018, 0.915445298652608, 0.09697684959139573, 0.012270931077519042, 0.9329364812381988, 0.4842399587108377, 0.3112461947505607, 0.8226907702275461, 0.6730531164038724, 0.7546980657329179, 0.04579100267001425, 0.4682322273741064, 0.5396617872206634, 0.016609614937059796, 0.5308781330455702, 0.0, 0.0, 0.6845562120204866, 0.6848646242105736, 0.0, 0.0, 0.0, 0.0, 0.0017425219805632622, 0.016052648305466127, 0.32415553414120163, 0.0, 
0.7024644987256353, 0.6153407388278157, 0.8731679479789121, 0.09429441956744702, 0.011254432637200556, 0.9552909874921325, 0.5104784646606324, 0.43823593632419494, 0.7732848244821673, 0.6616885803214445, 0.734747718849152, 0.04099932225992009, 0.3364823897085344, 0.5070270645936782, 0.017899031894285537, 0.5462645776062748, 0.0, 0.0, 0.6927414218858994, 0.7048857704031939, 0.0, 0.0, 0.0, 0.0, 0.0026137829708448935, 0.02180433944212321, 0.46329606000895673, 0.0, 
0.6772642221387938, 0.6062380341206133, 0.8308905973052161, 0.09161198954349832, 0.010237934196882072, 0.9776454937460662, 0.536716970610427, 0.5652256778978292, 0.7238788787367885, 0.6503240442390165, 0.7147973719653861, 0.036207641849825924, 0.20473255204296237, 0.47439234196669305, 0.019188448851511275, 0.5616510221669795, 0.0, 0.0, 0.7009266317513121, 0.7249069165958141, 0.0, 0.0, 0.0, 0.0, 0.0034850439611265245, 0.027556030578780293, 0.6024365858767118, 0.0, 
0.6520639455519521, 0.5971353294134109, 0.7886132466315201, 0.08892955951954962, 0.009221435756563588, 0.9999999999999999, 0.5629554765602217, 0.6922154194714635, 0.6744729329914098, 0.6389595081565884, 0.6948470250816202, 0.03141596143973176, 0.07298271437739039, 0.4417576193397079, 0.020477865808737013, 0.5770374667276842, 0.0, 0.0, 0.7091118416167249, 0.7449280627884343, 0.0, 0.0, 0.0, 0.0, 0.0043563049514081555, 0.033307721715437374, 0.7415771117444668, 0.0, 
0.67068731963266, 0.6291950657995852, 0.8308905973052161, 0.09352771321292351, 0.009402053767413505, 0.972879911511721, 0.5499455647814869, 0.565616409219935, 0.5589202575882848, 0.6631624116701824, 0.7339625805395252, 0.030971227313689093, 0.1818862330947753, 0.4527452018698365, 0.020475660033118525, 0.5685040910522351, 0.0, 0.0, 0.7239280882854173, 0.7442007388856353, 0.0, 0.0, 0.0, 0.0, 0.0034850439611265245, 0.029586116779806087, 0.7625806935687605, 0.005568371582323504, 
0.689310693713368, 0.6612548021857595, 0.8731679479789121, 0.0981258669062974, 0.009582671778263423, 0.9457598230234422, 0.5369356530027521, 0.4390173989684063, 0.4433675821851599, 0.6873653151837763, 0.7730781359974302, 0.030526493187646428, 0.29078975181216027, 0.4637327843999651, 0.020473454257500037, 0.559970715376786, 0.0, 0.0, 0.7387443349541097, 0.7434734149828365, 0.0, 0.0, 0.0, 0.0, 0.0026137829708448935, 0.0258645118441748, 0.7835842753930541, 0.011136743164647009, 
0.7079340677940759, 0.6933145385719339, 0.915445298652608, 0.10272402059967131, 0.00976328978911334, 0.9186397345351633, 0.5239257412240172, 0.3124183887168777, 0.32781490678203495, 0.7115682186973703, 0.8121936914553353, 0.030081759061603767, 0.39969327052954523, 0.47472036693009373, 0.020471248481881553, 0.551437339701337, 0.0, 0.0, 0.7535605816228023, 0.7427460910800375, 0.0, 0.0, 0.0, 0.0, 0.001742521980563262, 0.022142906908543515, 0.8045878572173477, 0.016705114746970513, 
0.7265574418747838, 0.7253742749581082, 0.957722649326304, 0.1073221742930452, 0.009943907799963259, 0.8915196460468844, 0.5109158294452825, 0.18581937846534913, 0.21226223137891004, 0.7357711222109642, 0.8513092469132403, 0.029637024935561102, 0.5085967892469301, 0.48570794946022233, 0.020469042706263065, 0.5429039640258879, 0.0, 0.0, 0.7683768282914947, 0.7420187671772387, 0.0, 0.0, 0.0, 0.0, 0.000871260990281631, 0.018421301972912228, 0.8255914390416413, 0.022273486329294018, 
0.7451808159554917, 0.7574340113442826, 1.0, 0.1119203279864191, 0.010124525810813176, 0.8643995575586055, 0.4979059176665477, 0.059220368213820554, 0.09670955597578515, 0.7599740257245582, 0.8904248023711453, 0.029192290809518438, 0.617500307964315, 0.49669553199035094, 0.020466836930644577, 0.5343705883504388, 0.0, 0.0, 0.7831930749601871, 0.7412914432744397, 0.0, 0.0, 0.0, 0.0, 0.0, 0.014699697037280942, 0.846595020865935, 0.027841857911617522, 
0.7386546549400349, 0.7605094107740107, 1.0, 0.1078520484296886, 0.008099620648650541, 0.824560750136515, 0.5057562587210432, 0.1567996193799862, 0.07923579892598928, 0.7679347834939702, 0.886104704368916, 0.03430514378247795, 0.625353706377501, 0.5519658809652882, 0.027192647401375312, 0.5285466748990537, 0.0, 0.0, 0.8094128320383955, 0.7567974283213917, 0.012053962297117797, 0.0, 0.0, 0.0, 0.0, 0.015746603694931204, 0.8297359969781503, 0.022273486329294018, 
0.7321284939245781, 0.7635848102037388, 1.0, 0.1037837688729581, 0.006074715486487905, 0.7847219427144244, 0.5136065997755388, 0.2543788705461518, 0.06176204187619343, 0.7758955412633821, 0.8817846063666865, 0.03941799675543746, 0.6332071047906871, 0.6072362299402254, 0.033918457872106046, 0.5227227614476687, 0.0, 0.0, 0.8356325891166041, 0.7723034133683437, 0.024107924594235594, 0.0, 0.0, 0.0, 0.0, 0.01679351035258147, 0.8128769730903656, 0.016705114746970513, 
0.7256023329091214, 0.766660209633467, 1.0, 0.09971548931622759, 0.00404981032432527, 0.744883135292334, 0.5214569408300345, 0.3519581217123175, 0.044288284826397566, 0.7838562990327941, 0.8774645083644572, 0.04453084972839697, 0.6410605032038731, 0.6625065789151626, 0.04064426834283678, 0.5168988479962836, 0.0, 0.0, 0.8618523461948125, 0.7878093984152958, 0.03616188689135339, 0.0, 0.0, 0.0, 0.0, 0.01784041701023173, 0.7960179492025807, 0.011136743164647009, 
0.7190761718936646, 0.7697356090631952, 1.0, 0.09564720975949707, 0.0020249051621626345, 0.7050443278702434, 0.52930728188453, 0.4495373728784831, 0.026814527776601704, 0.791817056802206, 0.8731444103622278, 0.049643702701356485, 0.6489139016170592, 0.7177769278900998, 0.047370078813567515, 0.5110749345448986, 0.0, 0.0, 0.8880721032730211, 0.8033153834622478, 0.04821584918847119, 0.0, 0.0, 0.0, 0.0, 0.018887323667881994, 0.779158925314796, 0.005568371582323504, 
0.7125500108782078, 0.7728110084929233, 1.0, 0.09157893020276657, 0.0, 0.6652055204481528, 0.5371576229390256, 0.5471166240446488, 0.009340770726805846, 0.799777814571618, 0.8688243123599985, 0.054756555674316, 0.6567673000302452, 0.773047276865037, 0.054095889284298246, 0.5052510210935135, 0.0, 0.0, 0.9142918603512296, 0.8188213685091998, 0.060269811485588985, 0.0, 0.0, 0.0, 0.0, 0.019934230325532258, 0.7622999014270113, 0.0, 
0.7072009058614722, 0.7596250584568003, 1.0, 0.08794535372344384, 0.0, 0.660938605500158, 0.5646654891858953, 0.43858439617820333, 0.008370141007987983, 0.7862302900907622, 0.8598002443915883, 0.043805244539452795, 0.5391283917951124, 0.7899512607234779, 0.058925746286127664, 0.5202668438684738, 0.0, 0.0, 0.7499659696293205, 0.8246925548290266, 0.13764472602053185, 0.0038331632753092967, 0.0, 0.0, 0.007648732842643278, 0.01684569921639044, 0.7358670811548427, 0.0, 
0.7018518008447366, 0.7464391084206772, 1.0, 0.0843117772441211, 0.0, 0.6566716905521632, 0.592173355432765, 0.3300521683117579, 0.0073995112891701185, 0.7726827656099062, 0.8507761764231782, 0.0328539334045896, 0.4214894835599796, 0.8068552445819187, 0.06375560328795708, 0.5352826666434342, 0.0, 0.0, 0.5856400789074114, 0.8305637411488533, 0.21501964055547473, 0.0076663265506185935, 0.0, 0.0, 0.015297465685286556, 0.013757168107248618, 0.709434260882674, 0.0, 
0.6965026958280011, 0.7332531583845542, 1.0000000000000002, 0.08067820076479837, 0.0, 0.6524047756041685, 0.6196812216796347, 0.22151994044531242, 0.006428881570352255, 0.7591352411290504, 0.8417521084547681, 0.021902622269726398, 0.3038505753248468, 0.8237592284403594, 0.06858546028978649, 0.5502984894183944, 0.0, 0.0, 0.42131418818550237, 0.8364349274686801, 0.29239455509041756, 0.01149948982592789, 0.0, 0.0, 0.022946198527929833, 0.010668636998106797, 0.6830014406105054, 0.0, 
0.6911535908112655, 0.7200672083484311, 1.0000000000000002, 0.07704462428547564, 0.0, 0.6481378606561737, 0.6471890879265043, 0.11298771257886697, 0.005458251851534391, 0.7455877166481945, 0.832728040486358, 0.010951311134863202, 0.18621166708971404, 0.8406632122988003, 0.0734153172916159, 0.5653143121933548, 0.0, 0.0, 0.2569882974635933, 0.8423061137885068, 0.36976946962536045, 0.015332653101237187, 0.0, 0.0, 0.030594931370573113, 0.007580105888964978, 0.6565686203383369, 0.0, 
0.6858044857945299, 0.7068812583123081, 1.0000000000000002, 0.0734110478061529, 0.0, 0.6438709457081789, 0.674696954173374, 0.004455484712421547, 0.004487622132716527, 0.7320401921673386, 0.8237039725179478, 0.0, 0.06857275885458125, 0.8575671961572411, 0.07824517429344532, 0.5803301349683151, 0.0, 0.0, 0.09266240674168424, 0.8481773001083336, 0.44714438416030333, 0.019165816376546484, 0.0, 0.0, 0.03824366421321639, 0.004491574779823159, 0.6301358000661682, 0.0, 
0.5631824135054928, 0.6786493611351992, 0.9646369048239954, 0.07316789245574533, 0.0, 0.5150967565665432, 0.6350662444282387, 0.0035643877699372377, 0.003590097706173222, 0.705172883873911, 0.7848655893173301, 0.0, 0.05996760910155778, 0.7820248582602874, 0.07276952672253274, 0.46707972605963377, 0.0, 0.0, 0.20650500057469573, 0.819370453385476, 0.3626032694279476, 0.015332653101237187, 0.0, 0.0, 0.04825948969236668, 0.003593259823858527, 0.6247560766915821, 0.0, 
0.44056034121645565, 0.6504174639580903, 0.9292738096479907, 0.07292473710533776, 0.0, 0.38632256742490734, 0.5954355346831032, 0.0026732908274529283, 0.002692573279629916, 0.6783055755804832, 0.7460272061167124, 0.0, 0.051362459348534305, 0.7064825203633338, 0.06729387915162016, 0.3538293171509524, 0.0, 0.0, 0.3203475944077072, 0.7905636066626184, 0.278062154695592, 0.01149948982592789, 0.0, 0.0, 0.05827531517151697, 0.0026949448678938955, 0.619376353316996, 0.0, 
0.3179382689274185, 0.6221855667809815, 0.8939107144719858, 0.0726815817549302, 0.0, 0.25754837828327154, 0.5558048249379677, 0.0017821938849686188, 0.0017950488530866105, 0.6514382672870556, 0.7071888229160948, 0.0, 0.04275730959551083, 0.6309401824663803, 0.06181823158070759, 0.24057890824227102, 0.0, 0.0, 0.43419018824071876, 0.7617567599397608, 0.19352103996323633, 0.0076663265506185935, 0.0, 0.0, 0.06829114065066726, 0.001796629911929264, 0.6139966299424099, 0.0, 
0.1953161966383814, 0.5939536696038725, 0.858547619295981, 0.07243842640452262, 0.0, 0.12877418914163574, 0.5161741151928323, 0.0008910969424843094, 0.0008975244265433053, 0.6245709589936278, 0.668350439715477, 0.0, 0.03415215984248736, 0.5553978445694266, 0.05634258400979501, 0.1273284993335897, 0.0, 0.0, 0.5480327820737303, 0.7329499132169033, 0.10897992523088063, 0.0038331632753092967, 0.0, 0.0, 0.07830696612981755, 0.000898314955964632, 0.6086169065678239, 0.0, 
0.07269412434934425, 0.5657217724267637, 0.8231845241199762, 0.07219527105411505, 0.0, 0.0, 0.47654340544769686, 0.0, 0.0, 0.5977036507002002, 0.6295120565148593, 0.0, 0.02554701008946389, 0.479855506672473, 0.05086693643888243, 0.014078090424908324, 0.0, 0.0, 0.6618753759067417, 0.7041430664940457, 0.02443881049852499, 0.0, 0.0, 0.0, 0.08832279160896783, 0.0, 0.6032371831932377, 0.0, 
0.15051178808366347, 0.5411865881218754, 0.764402787043968, 0.06634615360683174, 0.0, 0.0, 0.3812347243581575, 0.0, 0.0, 0.5713768018001428, 0.6053966913515375, 0.0, 0.02133613160859587, 0.47187510087824236, 0.04974842459101905, 0.014017726280097982, 0.0, 0.0, 0.5303688539219372, 0.5755701240361705, 0.019551048398819992, 0.0, 0.0, 0.0, 0.0928771124235298, 0.0, 0.5777914820869476, 0.0, 
0.2283294518179827, 0.5166514038169872, 0.7056210499679599, 0.06049703615954842, 0.0, 0.0, 0.28592604326861815, 0.0, 0.0, 0.5450499529000854, 0.5812813261882157, 0.0, 0.01712525312772785, 0.4638946950840117, 0.048629912743155666, 0.013957362135287641, 0.0, 0.0, 0.39886233193713266, 0.4469971815782952, 0.014663286299114994, 0.0, 0.0, 0.0, 0.09743143323809178, 0.0, 0.5523457809806576, 0.0, 
0.3061471155523019, 0.4921162195120989, 0.6468393128919517, 0.054647918712265105, 0.0, 0.0, 0.19061736217907876, 0.0, 0.0, 0.5187231040000281, 0.5571659610248939, 0.0, 0.012914374646859829, 0.4559142892897811, 0.04751140089529229, 0.0138969979904773, 0.0, 0.0, 0.2673558099523281, 0.31842423912041995, 0.009775524199409996, 0.0, 0.0, 0.0, 0.10198575405265375, 0.0, 0.5269000798743675, 0.0, 
0.38396477928662115, 0.4675810352072106, 0.5880575758159436, 0.04879880126498179, 0.0, 0.0, 0.09530868108953938, 0.0, 0.0, 0.4923962550999707, 0.5330505958615721, 0.0, 0.008703496165991809, 0.44793388349555047, 0.0463928890474289, 0.01383663384566696, 0.0, 0.0, 0.1358492879675236, 0.18985129666254474, 0.004887762099704998, 0.0, 0.0, 0.0, 0.10654007486721571, 0.0, 0.5014543787680774, 0.0, 
0.46178244302094035, 0.44304585090232235, 0.5292758387399354, 0.042949683817698474, 0.0, 0.0, 0.0, 0.0, 0.0, 0.4660694061999133, 0.5089352306982503, 0.0, 0.004492617685123789, 0.4399534777013198, 0.04527437719956552, 0.013776269700856618, 0.0, 0.0, 0.004342765982719106, 0.061278354204669566, 0.0, 0.0, 0.0, 0.0, 0.11109439568177769, 0.0, 0.4760086776617874, 0.0, 
0.5694259544167523, 0.4385572486845573, 0.5169958592942092, 0.04240590735905754, 0.0, 0.0, 0.0, 0.0035214360669453665, 0.0, 0.470139409451639, 0.513066362898424, 0.0, 0.0035940941480990312, 0.46313580443153823, 0.045165228924496356, 0.011021015760685295, 0.0, 0.0, 0.00527067048687378, 0.13938436359967, 0.0, 0.0, 0.0, 0.0, 0.24468130723605958, 0.0, 0.46993827604752453, 0.0, 
0.6770694658125641, 0.4340686464667922, 0.504715879848483, 0.04186213090041661, 0.0, 0.0, 0.0, 0.007042872133890733, 0.0, 0.4742094127033647, 0.5171974950985976, 0.0, 0.0026955706110742736, 0.4863181311617567, 0.04505608064942719, 0.008265761820513971, 0.0, 0.0, 0.006198574991028454, 0.2174903729946704, 0.0, 0.0, 0.0, 0.0, 0.37826821879034145, 0.0, 0.46386787443326166, 0.0, 
0.7847129772083761, 0.4295800442490272, 0.4924359004027568, 0.041318354441775666, 0.0, 0.0, 0.0, 0.0105643082008361, 0.0, 0.4782794159550903, 0.5213286272987713, 0.0, 0.001797047074049516, 0.5095004578919751, 0.04494693237435802, 0.005510507880342647, 0.0, 0.0, 0.007126479495183129, 0.2955963823896708, 0.0, 0.0, 0.0, 0.0, 0.5118551303446233, 0.0, 0.45779747281899874, 0.0, 
0.8923564886041879, 0.4250914420312621, 0.48015592095703064, 0.04077457798313473, 0.0, 0.0, 0.0, 0.014085744267781466, 0.0, 0.482349419206816, 0.5254597594989449, 0.0, 0.000898523537024758, 0.5326827846221935, 0.044837784099288854, 0.0027552539401713236, 0.0, 0.0, 0.008054383999337802, 0.37370239178467124, 0.0, 0.0, 0.0, 0.0, 0.6454420418989052, 0.0, 0.4517270712047359, 0.0, 
0.9999999999999999, 0.42060283981349705, 0.4678759415113044, 0.0402308015244938, 0.0, 0.0, 0.0, 0.017607180334726833, 0.0, 0.4864194224585417, 0.5295908916991185, 0.0, 0.0, 0.555865111352412, 0.04472863582421969, 0.0, 0.0, 0.0, 0.008982288503492477, 0.45180840117967164, 0.0, 0.0, 0.0, 0.0, 0.7790289534531871, 0.0, 0.445656669590473, 0.0, 
0.9999999999999999, 0.33648227185079765, 0.37430075320904355, 0.03218464121959504, 0.0, 0.0, 0.0, 0.014085744267781466, 0.0, 0.39284129073720075, 0.5110826740010531, 0.0, 0.0, 0.45020144988678634, 0.03578290865937575, 0.0, 0.0, 0.0, 0.007185830802793981, 0.3614467209437373, 0.0, 0.0, 0.0, 0.0, 0.711077305979977, 0.0, 0.35652533567237843, 0.0, 
0.9999999999999999, 0.2523617038880982, 0.28072556490678263, 0.02413848091469628, 0.0, 0.0, 0.0, 0.0105643082008361, 0.0, 0.29926315901585987, 0.49257445630298774, 0.0, 0.0, 0.3445377884211606, 0.026837181494531813, 0.0, 0.0, 0.0, 0.005389373102095486, 0.271085040707803, 0.0, 0.0, 0.0, 0.0, 0.6431256585067668, 0.0, 0.2673940017542838, 0.0, 
1.0, 0.1682411359253988, 0.18715037660452172, 0.016092320609797522, 0.0, 0.0, 0.0, 0.007042872133890734, 0.0, 0.20568502729451893, 0.4740662386049223, 0.0, 0.0, 0.2388741269555349, 0.017891454329687875, 0.0, 0.0, 0.0, 0.0035929154013969906, 0.18072336047186865, 0.0, 0.0, 0.0, 0.0, 0.5751740110335567, 0.0, 0.17826266783618916, 0.0, 
1.0, 0.0841205679626994, 0.09357518830226086, 0.008046160304898763, 0.0, 0.0, 0.0, 0.003521436066945367, 0.0, 0.11210689557317804, 0.45555802090685693, 0.0, 0.0, 0.13321046548990922, 0.008945727164843938, 0.0, 0.0, 0.0, 0.0017964577006984953, 0.09036168023593433, 0.0, 0.0, 0.0, 0.0, 0.5072223635603466, 0.0, 0.08913133391809458, 0.0, 
1.0, 0.0, 0.0, 0.0, 0.0, 0.0, 0.0, 0.0, 0.0, 0.018528763851837143, 0.4370498032087915, 0.0, 0.0, 0.027546804024283517, 0.0, 0.0, 0.0, 0.0, 0.0, 0.0, 0.0, 0.0, 0.0, 0.0, 0.4392707160871364, 0.0, 0.0, 0.0, 
0.9962670457788739, 0.09956720464060279, 0.12797659029982197, 0.017982224842736712, 0.007994262781284383, 0.0, 0.12604472956299578, 0.00392016263756439, 0.0, 0.11531406886735286, 0.471312570377924, 0.0, 0.10159188992158778, 0.17677884945681221, 0.13864443049735908, 0.0036865931555725684, 0.0, 0.0, 0.0, 0.09743817616621521, 0.0018763923916364118, 0.0, 0.0, 0.006302681469361135, 0.5514165728697091, 0.0, 0.10563961868497831, 0.0, 
0.9925340915577479, 0.19913440928120557, 0.25595318059964395, 0.035964449685473424, 0.015988525562568766, 0.0, 0.25208945912599157, 0.00784032527512878, 0.0, 0.21209937388286856, 0.5055753375470565, 0.0, 0.20318377984317557, 0.3260108948893409, 0.27728886099471817, 0.007373186311145137, 0.0, 0.0, 0.0, 0.19487635233243042, 0.0037527847832728237, 0.0, 0.0, 0.01260536293872227, 0.663562429652282, 0.0, 0.21127923736995663, 0.0, 
0.9888011373366219, 0.2987016139218084, 0.3839297708994659, 0.053946674528210135, 0.02398278834385315, 0.0, 0.37813418868898735, 0.01176048791269317, 0.0, 0.3088846788983843, 0.5398381047161891, 0.0, 0.30477566976476334, 0.4752429403218696, 0.41593329149207725, 0.011059779466717705, 0.0, 0.0, 0.0, 0.29231452849864564, 0.0056291771749092355, 0.0, 0.0, 0.018908044408083406, 0.7757082864348547, 0.0, 0.31691885605493497, 0.0, 
0.9850681831154958, 0.39826881856241114, 0.5119063611992879, 0.07192889937094685, 0.03197705112513753, 0.0, 0.5041789182519831, 0.01568065055025756, 0.0, 0.4056699839139, 0.5741008718853216, 0.0, 0.40636755968635113, 0.6244749857543983, 0.5545777219894363, 0.014746372622290274, 0.0, 0.0, 0.0, 0.38975270466486084, 0.007505569566545647, 0.0, 0.0, 0.02521072587744454, 0.8878541432174274, 0.0, 0.42255847473991326, 0.0, 
0.9813352288943697, 0.4978360232030139, 0.6398829514991099, 0.08991112421368355, 0.03997131390642192, 0.0, 0.6302236478149789, 0.019600813187821947, 0.0, 0.5024552889294157, 0.6083636390544541, 0.0, 0.5079594496079389, 0.773707031186927, 0.6932221524867954, 0.018432965777862843, 0.0, 0.0, 0.0, 0.48719088083107603, 0.00938196195818206, 0.0, 0.0, 0.031513407346805675, 1.0000000000000002, 0.0, 0.5281980934248915, 0.0, 
0.8971561213922622, 0.5000918767325436, 0.6390153153979375, 0.20295771389759487, 0.15448761506884734, 0.0, 0.6324183303391696, 0.01568065055025756, 0.11826958830724413, 0.5235228570827994, 0.6286228341333855, 0.0088796086193791, 0.4161127306066198, 0.8189656249495415, 0.5650446013070555, 0.014746372622290274, 0.0, 0.0, 0.0, 0.40298657643848507, 0.018967394990781587, 0.0, 0.0, 0.05024754532681098, 0.9528147176527698, 0.0, 0.5230380015514687, 0.003109035713886074, 
0.8129770138901546, 0.5023477302620734, 0.6381476792967653, 0.31600430358150616, 0.2690039162312728, 0.0, 0.6346130128633604, 0.011760487912693168, 0.23653917661448826, 0.5445904252361832, 0.6488820292123169, 0.0177592172387582, 0.3242660116053007, 0.8642242187121562, 0.4368670501273156, 0.011059779466717705, 0.0, 0.0, 0.0, 0.3187822720458941, 0.028552828023381115, 0.0, 0.0, 0.06898168330681628, 0.9056294353055394, 0.0, 0.517877909678046, 0.006218071427772148, 
0.728797906388047, 0.5046035837916031, 0.637280043195593, 0.42905089326541745, 0.38352021739369824, 0.0, 0.6368076953875512, 0.007840325275128778, 0.3548087649217324, 0.5656579933895669, 0.6691412242912481, 0.026638825858137302, 0.23241929260398164, 0.9094828124747707, 0.3086894989475757, 0.007373186311145138, 0.0, 0.0, 0.0, 0.23457796765330313, 0.03813826105598064, 0.0, 0.0, 0.0877158212868216, 0.8584441529583091, 0.0, 0.5127178178046232, 0.009327107141658221, 
0.6446187988859394, 0.5068594373211328, 0.6364124070944207, 0.5420974829493288, 0.49803651855612363, 0.0, 0.639002377911742, 0.003920162637564388, 0.4730783532289765, 0.5867255615429505, 0.6894004193701795, 0.0355184344775164, 0.1405725736026625, 0.9547414062373853, 0.18051194776783575, 0.003686593155572569, 0.0, 0.0, 0.0, 0.15037366326071216, 0.04772369408858017, 0.0, 0.0, 0.10644995926682689, 0.8112588706110787, 0.0, 0.5075577259312005, 0.012436142855544296, 
0.5604396913838319, 0.5091152908506625, 0.6355447709932484, 0.65514407263324, 0.6125528197185491, 0.0, 0.6411970604359327, 0.0, 0.5913479415362206, 0.6077931296963343, 0.7096596144491109, 0.044398043096895504, 0.04872585460134335, 0.9999999999999999, 0.05233439658809581, 0.0, 0.0, 0.0, 0.0, 0.06616935886812118, 0.05730912712117969, 0.0, 0.0, 0.1251840972468322, 0.7640735882638483, 0.0, 0.5023976340577777, 0.015545178569430369, 
0.5502975027963024, 0.5172252471009382, 0.6276302554539437, 0.6488494617519968, 0.6283859568676717, 0.00183437308404639, 0.5211147090951586, 0.0, 0.49812491593830066, 0.5997320019646286, 0.7056648605674206, 0.05171806201043395, 0.048411559721807246, 0.9341614363192788, 0.04646977324126843, 0.0, 0.0, 0.0, 0.0, 0.06128001920031533, 0.06092042660107287, 0.0, 0.0, 0.24453301969947605, 0.7210007081709987, 0.0, 0.5011442445477033, 0.015345723372927866, 
0.5401553142087728, 0.5253352033512139, 0.619715739914639, 0.6425548508707535, 0.6442190940167943, 0.00366874616809278, 0.4010323577543844, 0.0, 0.40490189034038077, 0.5916708742329231, 0.7016701066857303, 0.05903808092397239, 0.048097264842271135, 0.8683228726385578, 0.04060514989444104, 0.0, 0.0, 0.0, 0.0, 0.05639067953250949, 0.06453172608096605, 0.0, 0.0, 0.3638819421521199, 0.6779278280781491, 0.0, 0.49989085503762903, 0.015146268176425361, 
0.5300131256212434, 0.5334451596014896, 0.6118012243753345, 0.6362602399895102, 0.660052231165917, 0.00550311925213917, 0.28095000641361023, 0.0, 0.31167886474246087, 0.5836097465012174, 0.69767535280404, 0.06635809983751083, 0.04778296996273503, 0.8024843089578367, 0.034740526547613663, 0.0, 0.0, 0.0, 0.0, 0.051501339864703635, 0.06814302556085922, 0.0, 0.0, 0.48323086460476383, 0.6348549479852996, 0.0, 0.4986374655275547, 0.014946812979922858, 
0.5198709370337138, 0.5415551158517653, 0.6038867088360298, 0.6299656291082669, 0.6758853683150396, 0.00733749233618556, 0.16086765507283607, 0.0, 0.21845583914454092, 0.5755486187695119, 0.6936805989223497, 0.07367811875104927, 0.04746867508319892, 0.7366457452771157, 0.028875903200786278, 0.0, 0.0, 0.0, 0.0, 0.04661200019689779, 0.0717543250407524, 0.0, 0.0, 0.6025797870574077, 0.59178206789245, 0.0, 0.49738407601748036, 0.014747357783420354, 
0.5097287484461843, 0.549665072102041, 0.5959721932967251, 0.6236710182270236, 0.6917185054641622, 0.00917186542023195, 0.04078530373206194, 0.0, 0.12523281354662097, 0.5674874910378063, 0.6896858450406594, 0.08099813766458772, 0.04715438020366282, 0.6708071815963946, 0.023011279853958896, 0.0, 0.0, 0.0, 0.0, 0.04172266052909194, 0.07536562452064557, 0.0, 0.0, 0.7219287095100515, 0.5487091877996004, 0.0, 0.49613068650740605, 0.01454790258691785, 
0.5268364577752097, 0.6100411903068367, 0.6031156375129658, 0.609234951329308, 0.6711498267745873, 0.00733749233618556, 0.03262824298564955, 0.0, 0.11240362382140608, 0.5321720164878331, 0.6527056947867489, 0.07309340794464185, 0.17229744350703263, 0.6491110648887831, 0.021119288203256228, 0.0, 0.0, 0.0, 0.0, 0.1743517991931823, 0.2471540394320639, 0.0, 0.0, 0.6921740596034615, 0.44174402554787967, 0.0, 0.4969721182988467, 0.020953968908386852, 
0.5439441671042351, 0.6704173085116324, 0.6102590817292065, 0.5947988844315925, 0.6505811480850124, 0.00550311925213917, 0.024471182239237166, 0.0, 0.09957443409619118, 0.4968565419378599, 0.6157255445328383, 0.06518867822469598, 0.29744050681040246, 0.6274149481811717, 0.019227296552553556, 0.0, 0.0, 0.0, 0.0, 0.3069809378572727, 0.4189424543434822, 0.0, 0.0, 0.6624194096968713, 0.3347788632961589, 0.0, 0.4978135500902874, 0.027360035229855854, 
0.5610518764332604, 0.7307934267164281, 0.6174025259454472, 0.580362817533877, 0.6300124693954375, 0.00366874616809278, 0.01631412149282478, 0.0, 0.0867452443709763, 0.46154106738788675, 0.5787453942789278, 0.057283948504750125, 0.4225835701137723, 0.6057188314735602, 0.01733530490185089, 0.0, 0.0, 0.0, 0.0, 0.4396100765213631, 0.5907308692549005, 0.0, 0.0, 0.6326647597902813, 0.2278137010444381, 0.0, 0.498654981881728, 0.033766101551324854, 
0.5781595857622858, 0.7911695449212238, 0.6245459701616879, 0.5659267506361614, 0.6094437907058626, 0.00183437308404639, 0.008157060746412391, 0.0, 0.07391605464576141, 0.42622559283791356, 0.5417652440250171, 0.04937921878480426, 0.5477266334171421, 0.5840227147659488, 0.01544331325114822, 0.0, 0.0, 0.0, 0.0, 0.5722392151854534, 0.7625192841663189, 0.0, 0.0, 0.6029101098836911, 0.12084853879271734, 0.0, 0.4994964136731687, 0.04017216787279386, 
0.5952672950913112, 0.8515456631260195, 0.6316894143779286, 0.5514906837384458, 0.5888751120162877, 0.0, 0.0, 0.0, 0.06108686492054651, 0.39091011828794037, 0.5047850937711066, 0.04147448906485839, 0.6728696967205119, 0.5623265980583373, 0.01355132160044555, 0.0, 0.0, 0.0, 0.0, 0.7048683538495438, 0.9343076990777373, 0.0, 0.0, 0.573155459977101, 0.01388337654099659, 0.0, 0.5003378454646094, 0.04657823419426286, 
0.4810967221595164, 0.8043891625801867, 0.5167707648987119, 0.5226690945866855, 0.4815786952189653, 0.0, 0.0, 0.0, 0.06203386722517784, 0.3127280946303523, 0.4126426928396983, 0.050081159002291584, 0.5410526996029863, 0.4544273306131842, 0.01084105728035644, 0.0, 0.0, 0.0, 0.0, 0.6605869977184502, 0.8789518668463978, 0.0, 0.0, 0.45852436798168084, 0.011106701232797273, 0.0, 0.4002702763716875, 0.04636218360870426, 
0.3669261492277216, 0.7572326620343538, 0.40185211541949506, 0.49384750543492517, 0.37428227842164286, 0.0, 0.0, 0.0, 0.06298086952980916, 0.23454607097276423, 0.32050029190829, 0.05868782893972478, 0.40923570248546065, 0.3465280631680311, 0.00813079296026733, 0.0, 0.0, 0.0, 0.0, 0.6163056415873567, 0.8235960346150584, 0.0, 0.0, 0.3438932759862606, 0.008330025924597955, 0.0, 0.30020270727876563, 0.046146133023145665, 
0.2527555762959268, 0.7100761614885209, 0.28693346594027835, 0.4650259162831649, 0.26698586162432036, 0.0, 0.0, 0.0, 0.06392787183444049, 0.15636404731517617, 0.22835789097688164, 0.06729449887715798, 0.277418705367935, 0.23862879572287798, 0.00542052864017822, 0.0, 0.0, 0.0, 0.0, 0.5720242854562632, 0.7682402023837189, 0.0, 0.0, 0.22926218399084042, 0.0055533506163986356, 0.0, 0.20013513818584372, 0.045930082437587075, 
0.13858500336413204, 0.6629196609426881, 0.1720148164610616, 0.4362043271314046, 0.15968944482699793, 0.0, 0.0, 0.0, 0.06487487413907182, 0.07818202365758808, 0.13621549004547334, 0.07590116881459116, 0.1456017082504094, 0.13072952827772488, 0.00271026432008911, 0.0, 0.0, 0.0, 0.0, 0.5277429293251695, 0.7128843701523794, 0.0, 0.0, 0.11463109199542021, 0.0027766753081993178, 0.0, 0.10006756909292186, 0.04571403185202848, 
0.02441443043233729, 0.6157631603968552, 0.05709616698184482, 0.4073827379796443, 0.0523930280296755, 0.0, 0.0, 0.0, 0.06582187644370315, 0.0, 0.044073089114065024, 0.08450783875202436, 0.01378471113288385, 0.02283026083257173, 0.0, 0.0, 0.0, 0.0, 0.0, 0.48346157319407596, 0.6575285379210399, 0.0, 0.0, 0.0, 0.0, 0.0, 0.0, 0.04549798126646988, 
0.03114076604287206, 0.63307424932624, 0.0494738578770228, 0.41338049858960674, 0.04287438631769788, 0.0, 0.0, 0.0, 0.060777976576246374, 0.0, 0.17637885370332787, 0.07521176645349648, 0.01102776890630708, 0.018264208666057383, 0.0, 0.0, 0.0, 0.0, 0.0, 0.3951347112449236, 0.7161716253508955, 0.0, 0.0, 0.0, 0.0, 0.0, 0.0, 0.17688932017286402, 
0.037867101653406836, 0.6503853382556248, 0.04185154877220077, 0.4193782591995691, 0.03335574460572026, 0.0, 0.0, 0.0, 0.055734076708789604, 0.0, 0.30868461829259075, 0.06591569415496859, 0.008270826679730309, 0.013698156499543037, 0.0, 0.0, 0.0, 0.0, 0.0, 0.3068078492957712, 0.7748147127807511, 0.0, 0.0, 0.0, 0.0, 0.0, 0.0, 0.30828065907925817, 
0.044593437263941604, 0.6676964271850095, 0.03422923966737875, 0.42537601980953155, 0.023837102893742638, 0.0, 0.0, 0.0, 0.05069017684133283, 0.0, 0.4409903828818536, 0.0566196218564407, 0.005513884453153539, 0.00913210433302869, 0.0, 0.0, 0.0, 0.0, 0.0, 0.21848098734661886, 0.8334578002106066, 0.0, 0.0, 0.0, 0.0, 0.0, 0.0, 0.4396719979856523, 
0.05131977287447638, 0.6850075161143944, 0.026606930562556728, 0.4313737804194939, 0.014318461181765017, 0.0, 0.0, 0.0, 0.04564627697387606, 0.0, 0.5732961474711165, 0.04732354955791281, 0.0027569422265767696, 0.004566052166514345, 0.0, 0.0, 0.0, 0.0, 0.0, 0.1301541253974665, 0.8921008876404621, 0.0, 0.0, 0.0, 0.0, 0.0, 0.0, 0.5710633368920465, 
0.05804610848501115, 0.7023186050437792, 0.0189846214577347, 0.43737154102945636, 0.004799819469787401, 0.0, 0.0, 0.0, 0.04060237710641929, 0.0, 0.7056019120603794, 0.03802747725938493, 0.0, 0.0, 0.0, 0.0, 0.0, 0.0, 0.0, 0.041827263448314146, 0.9507439750703177, 0.0, 0.0, 0.0, 0.0, 0.0, 0.0, 0.7024546757984406, 
0.13183536245412975, 0.7241955930940156, 0.01792820398426665, 0.3498972328235651, 0.0038398555758299207, 0.0, 0.0, 0.0, 0.034471510285712936, 0.0, 0.6890844129815306, 0.1236766402241718, 0.0018410341075053454, 0.0, 0.0, 0.0, 0.0, 0.0, 0.0, 0.13716339550365733, 0.9514714959683709, 0.0, 0.0, 0.0, 0.0, 0.0, 0.0, 0.7412980923765284, 
0.20562461642324834, 0.7460725811442521, 0.016871786510798605, 0.2624229246176738, 0.0028798916818724408, 0.0, 0.0, 0.0, 0.028340643465006587, 0.0, 0.6725669139026818, 0.20932580318895866, 0.003682068215010691, 0.0, 0.0, 0.0, 0.0, 0.0, 0.0, 0.2324995275590005, 0.952199016866424, 0.0, 0.0, 0.0, 0.0, 0.0, 0.0, 0.7801415089546162, 
0.2794138703923669, 0.7679495691944885, 0.015815369037330555, 0.17494861641178255, 0.0019199277879149608, 0.0, 0.0, 0.0, 0.022209776644300232, 0.0, 0.656049414823833, 0.2949749661537455, 0.005523102322516037, 0.0, 0.0, 0.0, 0.0, 0.0, 0.0, 0.3278356596143437, 0.9529265377644773, 0.0, 0.0, 0.0, 0.0, 0.0, 0.0, 0.8189849255327041, 
0.3532031243614855, 0.7898265572447251, 0.014758951563862506, 0.08747430820589125, 0.0009599638939574804, 0.0, 0.0, 0.0, 0.01607890982359388, 0.0, 0.6395319157449842, 0.3806241291185324, 0.007364136430021382, 0.0, 0.0, 0.0, 0.0, 0.0, 0.0, 0.4231717916696869, 0.9536540586625305, 0.0, 0.0, 0.0, 0.0, 0.0, 0.0, 0.857828342110792, 
0.42699237833060405, 0.8117035452949615, 0.013702534090394458, 0.0, 0.0, 0.0, 0.0, 0.0, 0.009948043002887525, 0.0, 0.6230144166661354, 0.46627329208331925, 0.009205170537526727, 0.0, 0.0, 0.0, 0.0, 0.0, 0.0, 0.5185079237250301, 0.9543815795605837, 0.0, 0.0, 0.0, 0.0, 0.0, 0.0, 0.8966717586888797, 
0.4646479146029424, 0.8038049631747566, 0.14139028222367628, 0.08480162985618074, 0.004059448814206951, 0.0, 0.0, 0.0009088538235618689, 0.00795843440231002, 0.0, 0.6814194240839939, 0.502804020718958, 0.009160642696463949, 0.0, 0.0, 0.0, 0.0, 0.0, 0.0, 0.5121939136944517, 0.9073247068095185, 0.0, 0.0, 0.0, 0.0, 0.0, 0.0, 0.9173374069511038, 
0.5023034508752808, 0.7959063810545517, 0.2690780303569581, 0.16960325971236148, 0.008118897628413902, 0.0, 0.0, 0.0018177076471237378, 0.005968825801732515, 0.0, 0.7398244315018524, 0.5393347493545967, 0.009116114855401172, 0.0, 0.0, 0.0, 0.0, 0.0, 0.0, 0.5058799036638733, 0.8602678340584533, 0.0, 0.0, 0.0, 0.0, 0.0, 0.0, 0.9380030552133278, 
0.5399589871476191, 0.7880077989343467, 0.3967657784902399, 0.25440488956854224, 0.012178346442620853, 0.0, 0.0, 0.0027265614706856066, 0.0039792172011550095, 0.0, 0.7982294389197109, 0.5758654779902355, 0.009071587014338394, 0.0, 0.0, 0.0, 0.0, 0.0, 0.0, 0.4995658936332949, 0.8132109613073881, 0.0, 0.0, 0.0, 0.0, 0.0, 0.0, 0.9586687034755519, 
0.5776145234199574, 0.7801092168141418, 0.5244535266235217, 0.33920651942472296, 0.016237795256827805, 0.0, 0.0, 0.0036354152942474757, 0.0019896086005775047, 0.0, 0.8566344463375692, 0.6123962066258741, 0.009027059173275617, 0.0, 0.0, 0.0, 0.0, 0.0, 0.0, 0.4932518836027165, 0.766154088556323, 0.0, 0.0, 0.0, 0.0, 0.0, 0.0, 0.9793343517377759, 
0.6152700596922959, 0.7722106346939369, 0.6521412747568036, 0.4240081492809037, 0.020297244071034757, 0.0, 0.0, 0.004544269117809345, 0.0, 0.0, 0.9150394537554277, 0.6489269352615129, 0.008982531332212839, 0.0, 0.0, 0.0, 0.0, 0.0, 0.0, 0.4869378735721381, 0.7190972158052579, 0.0, 0.0, 0.0, 0.0, 0.0, 0.0, 1.0, 
0.6048038233288688, 0.7277783519124322, 0.6359725813645322, 0.4294471782464661, 0.023598142373841287, 0.0, 0.0, 0.0036354152942474757, 0.0, 0.0, 0.9036604159022693, 0.5286922809101495, 0.010254066713355676, 0.0, 0.0, 0.0008700422814240221, 0.0038031142579192157, 0.0, 0.0, 0.5344163886450755, 0.7157248543799353, 0.0, 0.0, 0.0, 0.0, 0.0, 0.002928056646813188, 1.0, 
0.5943375869654418, 0.6833460691309274, 0.6198038879722606, 0.43488620721202853, 0.026899040676647813, 0.0, 0.0, 0.002726561470685607, 0.0, 0.0, 0.8922813780491108, 0.4084576265587862, 0.011525602094498513, 0.0, 0.0, 0.0017400845628480442, 0.0076062285158384315, 0.0, 0.0, 0.5818949037180128, 0.7123524929546126, 0.0, 0.0, 0.0, 0.0, 0.0, 0.005856113293626376, 1.0, 
0.5838713506020149, 0.6389137863494228, 0.6036351945799892, 0.4403252361775909, 0.030199938979454343, 0.0, 0.0, 0.0018177076471237383, 0.0, 0.0, 0.8809023401959524, 0.2882229722074229, 0.012797137475641351, 0.0, 0.0, 0.0026101268442720663, 0.011409342773757648, 0.0, 0.0, 0.6293734187909501, 0.70898013152929, 0.0, 0.0, 0.0, 0.0, 0.0, 0.008784169940439564, 1.0, 
0.5734051142385879, 0.5944815035679181, 0.5874665011877176, 0.4457642651431533, 0.03350083728226087, 0.0, 0.0, 0.0009088538235618691, 0.0, 0.0, 0.8695233023427938, 0.1679883178560595, 0.014068672856784188, 0.0, 0.0, 0.0034801691256960885, 0.015212457031676863, 0.0, 0.0, 0.6768519338638874, 0.7056077701039672, 0.0, 0.0, 0.0, 0.0, 0.0, 0.011712226587252753, 1.0, 
0.5629388778751608, 0.5500492207864133, 0.5712978077954461, 0.45120329410871574, 0.0368017355850674, 0.0, 0.0, 0.0, 0.0, 0.0, 0.8581442644896354, 0.04775366350469615, 0.015340208237927025, 0.0, 0.0, 0.004350211407120111, 0.019015571289596078, 0.0, 0.0, 0.7243304489368247, 0.7022354086786446, 0.0, 0.0, 0.0, 0.0, 0.0, 0.01464028323406594, 1.0, 
0.5475155027285065, 0.5380569390482564, 0.5527772023503085, 0.4395884308769685, 0.03581514410838789, 0.0, 0.0, 0.0, 0.0, 0.0, 0.8865154115917083, 0.17013867006489808, 0.015295608190693914, 0.0, 0.0, 0.0034801691256960885, 0.015212457031676863, 0.0, 0.0, 0.69051316213951, 0.5719846103504524, 0.0, 0.0, 0.0, 0.0, 0.0, 0.01564078332822756, 0.9453999358674261, 
0.5320921275818522, 0.5260646573100995, 0.5342565969051708, 0.4279735676452212, 0.03482855263170838, 0.0, 0.0, 0.0, 0.0, 0.0, 0.9148865586937812, 0.29252367662510004, 0.015251008143460802, 0.0, 0.0, 0.0026101268442720663, 0.011409342773757648, 0.0, 0.0, 0.6566958753421952, 0.44173381202226025, 0.0, 0.0, 0.0, 0.0, 0.0, 0.016641283422389182, 0.8907998717348522, 
0.5166687524351978, 0.5140723755719426, 0.5157359914600331, 0.41635870441347395, 0.033841961155028875, 0.0, 0.0, 0.0, 0.0, 0.0, 0.9432577057958542, 0.41490868318530194, 0.015206408096227692, 0.0, 0.0, 0.0017400845628480445, 0.007606228515838431, 0.0, 0.0, 0.6228785885448804, 0.31148301369406806, 0.0, 0.0, 0.0, 0.0, 0.0, 0.017641783516550803, 0.8361998076022783, 
0.5012453772885435, 0.5020800938337858, 0.49721538601489546, 0.4047438411817267, 0.032855369678349365, 0.0, 0.0, 0.0, 0.0, 0.0, 0.9716288528979271, 0.537293689745504, 0.01516180804899458, 0.0, 0.0, 0.0008700422814240222, 0.0038031142579192153, 0.0, 0.0, 0.5890613017475655, 0.18123221536587586, 0.0, 0.0, 0.0, 0.0, 0.0, 0.018642283610712428, 0.7815997434697045, 
0.48582200214188914, 0.4900878120956289, 0.4786947805697578, 0.3931289779499794, 0.031868778201669855, 0.0, 0.0, 0.0, 0.0, 0.0, 1.0, 0.6596786963057059, 0.01511720800176147, 0.0, 0.0, 0.0, 0.0, 0.0, 0.0, 0.5552440149502508, 0.050981417037683704, 0.0, 0.0, 0.0, 0.0, 0.0, 0.01964278370487405, 0.7269996793371306, 
0.3967504186914559, 0.4719239508236403, 0.4686875122443409, 0.31450318235998354, 0.027298113165912644, 0.0, 0.0, 0.0, 0.0, 0.0, 0.9430563991149367, 0.5383162913323499, 0.012981993332035447, 0.0, 0.0, 0.0, 0.0, 0.0, 0.0, 0.5563836695238324, 0.16028581815458698, 0.0, 0.0, 0.0, 0.0, 0.0, 0.01874497016257666, 0.7815997434697045, 
0.30767883524102263, 0.45376008955165165, 0.45868024391892404, 0.23587738676998765, 0.02272744813015543, 0.0, 0.0, 0.0, 0.0, 0.0, 0.8861127982298732, 0.4169538863589939, 0.010846778662309424, 0.0, 0.0, 0.0, 0.0, 0.0, 0.0, 0.5575233240974141, 0.26959021927149024, 0.0, 0.0, 0.0, 0.0, 0.0, 0.01784715662027927, 0.8361998076022784, 
0.21860725179058937, 0.43559622827966304, 0.4486729755935072, 0.15725159117999177, 0.018156783094398214, 0.0, 0.0, 0.0, 0.0, 0.0, 0.8291691973448099, 0.29559148138563796, 0.008711563992583401, 0.0, 0.0, 0.0, 0.0, 0.0, 0.0, 0.5586629786709958, 0.37889462038839355, 0.0, 0.0, 0.0, 0.0, 0.0, 0.01694934307798188, 0.8907998717348522, 
0.12953566834015612, 0.4174323670076744, 0.43866570726809034, 0.07862579558999588, 0.013586118058641003, 0.0, 0.0, 0.0, 0.0, 0.0, 0.7722255964597464, 0.17422907641228197, 0.006576349322857378, 0.0, 0.0, 0.0, 0.0, 0.0, 0.0, 0.5598026332445775, 0.4881990215052968, 0.0, 0.0, 0.0, 0.0, 0.0, 0.016051529535684488, 0.9453999358674261, 
0.040464084889722876, 0.3992685057356858, 0.42865843894267347, 0.0, 0.00901545302288379, 0.0, 0.0, 0.0, 0.0, 0.0, 0.7152819955746831, 0.052866671438926024, 0.004441134653131356, 0.0, 0.0, 0.0, 0.0, 0.0, 0.0, 0.5609422878181591, 0.5975034226222, 0.0, 0.0, 0.0, 0.0, 0.0, 0.0151537159933871, 1.0, 
0.12695612017051494, 0.3258250938909139, 0.43257238993513286, 0.08518816216260036, 0.09364114557427008, 0.0, 0.0, 0.08348922166391756, 0.0, 0.004169480081892042, 0.7504405335338296, 0.0533371983389773, 0.004461685164091624, 0.0010027515461103428, 0.0, 0.0, 0.0, 0.0008757414608622643, 0.002990289922952913, 0.5712220654676436, 0.5888911715028811, 0.0, 0.0, 0.0, 0.0, 0.0, 0.02539268321744233, 1.0, 
0.21344815545130702, 0.25238168204614203, 0.43648634092759225, 0.17037632432520072, 0.17826683812565638, 0.0, 0.0, 0.16697844332783512, 0.0, 0.008338960163784085, 0.785599071492976, 0.053807725239028575, 0.004482235675051892, 0.0020055030922206856, 0.0, 0.0, 0.0, 0.0017514829217245287, 0.005980579845905826, 0.5815018431171282, 0.5802789203835621, 0.0, 0.0, 0.0, 0.0, 0.0, 0.03563165044149756, 1.0, 
0.29994019073209904, 0.17893827020137015, 0.4404002919200517, 0.25556448648780106, 0.2628925306770427, 0.0, 0.0, 0.25046766499175266, 0.0, 0.012508440245676128, 0.8207576094521225, 0.054278252139079844, 0.004502786186012161, 0.0030082546383310284, 0.0, 0.0, 0.0, 0.002627224382586793, 0.00897086976885874, 0.5917816207666127, 0.5716666692642433, 0.0, 0.0, 0.0, 0.0, 0.0, 0.045870617665552796, 1.0, 
0.3864322260128911, 0.10549485835659828, 0.4443142429125111, 0.34075264865040145, 0.347518223228429, 0.0, 0.0, 0.33395688665567025, 0.0, 0.01667792032756817, 0.855916147411269, 0.05474877903913112, 0.00452333669697243, 0.004011006184441371, 0.0, 0.0, 0.0, 0.0035029658434490574, 0.011961159691811652, 0.6020613984160972, 0.5630544181449243, 0.0, 0.0, 0.0, 0.0, 0.0, 0.05610958488960802, 1.0, 
0.4729242612936832, 0.03205144651182638, 0.4482281939049705, 0.42594081081300184, 0.4321439157798153, 0.0, 0.0, 0.4174461083195878, 0.0, 0.02084740040946021, 0.8910746853704155, 0.055219305939182395, 0.004543887207932698, 0.0050137577305517135, 0.0, 0.0, 0.0, 0.004378707304311322, 0.014951449614764566, 0.6123411760655817, 0.5544421670256053, 0.0, 0.0, 0.0, 0.0, 0.0, 0.06634855211366325, 1.0, 
0.4672469059005672, 0.029342648670747554, 0.44364336769406326, 0.42040854886270296, 0.4232731548253701, 0.0, 0.0, 0.33571243016657637, 0.0, 0.02545240669625015, 0.9128597482963323, 0.04921321342129997, 0.004602950063348391, 0.010329531468040174, 0.0, 0.0008722641628663401, 0.0038075746264019605, 0.004388915206933402, 0.017340022957329167, 0.6230267292301135, 0.5458723427512882, 0.0, 0.0, 0.0, 0.0, 0.0, 0.184120251325908, 0.9896553294404923, 
0.4615695505074513, 0.026633850829668727, 0.43905854148315604, 0.4148762869124041, 0.41440239387092487, 0.0, 0.0, 0.253978752013565, 0.0, 0.030057412983040092, 0.9346448112222493, 0.04320712090341755, 0.004662012918764085, 0.015645305205528634, 0.0, 0.0017445283257326802, 0.007615149252803921, 0.004399123109555482, 0.019728596299893767, 0.6337122823946452, 0.537302518476971, 0.0, 0.0, 0.0, 0.0, 0.0, 0.30189195053815276, 0.9793106588809846, 
0.4558921951143353, 0.023925052988589903, 0.43447371527224876, 0.40934402496210526, 0.4055316329164796, 0.0, 0.0, 0.17224507386055363, 0.0, 0.03466241926983003, 0.9564298741481662, 0.03720102838553513, 0.0047210757741797775, 0.020961078943017093, 0.0, 0.0026167924885990203, 0.011422723879205881, 0.004409331012177562, 0.022117169642458367, 0.644397835559177, 0.5287326942026538, 0.0, 0.0, 0.0, 0.0, 0.0, 0.41966364975039755, 0.9689659883214768, 
0.4502148397212194, 0.021216255147511076, 0.42988888906134154, 0.4038117630118064, 0.39666087196203437, 0.0, 0.0, 0.09051139570754224, 0.0, 0.039267425556619974, 0.9782149370740831, 0.03119493586765271, 0.004780138629595471, 0.026276852680505555, 0.0, 0.0034890566514653603, 0.015230298505607842, 0.004419538914799642, 0.024505742985022966, 0.6550833887237086, 0.5201628699283366, 0.0, 0.0, 0.0, 0.0, 0.0, 0.5374353489626422, 0.9586213177619691, 
0.4445374843281034, 0.018507457306432253, 0.4253040628504343, 0.3982795010615075, 0.38779011100758914, 0.0, 0.0, 0.008777717554530811, 0.0, 0.043872431843409915, 1.0, 0.025188843349770288, 0.0048392014850111645, 0.03159262641799401, 0.0, 0.0043613208143317, 0.019037873132009803, 0.004429746817421722, 0.026894316327587566, 0.6657689418882404, 0.5115930456540194, 0.0, 0.0, 0.0, 0.0, 0.0, 0.6552070481748871, 0.9482766472024614, 
0.3654704639941123, 0.021998124560855183, 0.4220959892938385, 0.318623600849206, 0.31023208880607134, 0.0, 0.0, 0.007022174043624649, 0.0, 0.04685434508655134, 0.957851303463396, 0.02603449432773087, 0.0038713611880089316, 0.03213944629327688, 0.0, 0.0034890566514653603, 0.017042617627538763, 0.0035437974539373777, 0.03253041929590755, 0.6739683968106553, 0.420337025911247, 0.0, 0.0, 0.0, 0.0, 0.0, 0.6708275737143828, 0.9586213177619691, 
0.28640344366012127, 0.025488791815278113, 0.4188879157372427, 0.2389677006369045, 0.23267406660455348, 0.0, 0.0, 0.005266630532718487, 0.0, 0.04983625832969276, 0.9157026069267921, 0.02688014530569145, 0.0029035208910066987, 0.03268626616855975, 0.0, 0.0026167924885990203, 0.015047362123067724, 0.0026578480904530335, 0.03816652226422754, 0.6821678517330702, 0.32908100616847463, 0.0, 0.0, 0.0, 0.0, 0.0, 0.6864480992538786, 0.9689659883214768, 
0.20733642332613017, 0.028979459069701043, 0.41567984218064685, 0.15931180042460302, 0.15511604440303564, 0.0, 0.0, 0.003511087021812324, 0.0, 0.05281817157283419, 0.873553910390188, 0.02772579628365203, 0.0019356805940044658, 0.03323308604384261, 0.0, 0.00174452832573268, 0.013052106618596683, 0.0017718987269686893, 0.04380262523254752, 0.6903673066554851, 0.23782498642570227, 0.0, 0.0, 0.0, 0.0, 0.0, 0.7020686247933745, 0.9793106588809846, 
0.12826940299213907, 0.03247012632412397, 0.41247176862405105, 0.07965590021230151, 0.0775580222015178, 0.0, 0.0, 0.001755543510906162, 0.0, 0.055800084815975606, 0.8314052138535841, 0.02857144726161261, 0.0009678402970022329, 0.03377990591912548, 0.0, 0.00087226416286634, 0.011056851114125644, 0.0008859493634843446, 0.049438728200867504, 0.6985667615778999, 0.14656896668292985, 0.0, 0.0, 0.0, 0.0, 0.0, 0.7176891503328703, 0.9896553294404923, 
0.04920238265814795, 0.0359607935785469, 0.40926369506745525, 0.0, 0.0, 0.0, 0.0, 0.0, 0.0, 0.05878199805911703, 0.7892565173169801, 0.02941709823957319, 0.0, 0.03432672579440835, 0.0, 0.0, 0.009061595609654605, 0.0, 0.055074831169187495, 0.7067662165003148, 0.05531294694015743, 0.0, 0.0, 0.0, 0.0, 0.0, 0.7333096758723661, 1.0, 
0.17400082918374332, 0.1293167461388102, 0.43237068380532256, 0.09851833143996525, 0.09911956935012159, 0.007360738098117614, 0.004391935478114657, 0.0, 0.0, 0.0632401757689419, 0.8186519216056227, 0.02353367859165855, 0.0021902298627650293, 0.14469717529460735, 0.0, 0.0030054717017008446, 0.030280903120856677, 0.0026842152772135366, 0.05769306312600526, 0.7154933012414828, 0.049432112741639396, 0.0, 0.0, 0.0, 0.0, 0.0009378607255899017, 0.7695975203930596, 1.0, 
0.29879927570933873, 0.22267269869907347, 0.4554776725431899, 0.1970366628799305, 0.19823913870024318, 0.014721476196235228, 0.008783870956229314, 0.0, 0.0, 0.06769835347876678, 0.8480473258942653, 0.017650258943743915, 0.0043804597255300585, 0.2550676247948063, 0.0, 0.006010943403401689, 0.05150021063205875, 0.005368430554427073, 0.06031129508282302, 0.7242203859826509, 0.04355127854312136, 0.0, 0.0, 0.0, 0.0, 0.0018757214511798035, 0.8058853649137532, 1.0, 
0.42359772223493414, 0.31602865125933677, 0.47858466128105714, 0.29555499431989574, 0.2973587080503648, 0.022082214294352843, 0.01317580643434397, 0.0, 0.0, 0.07215653118859164, 0.877442730182908, 0.011766839295829279, 0.006570689588295087, 0.3654380742950053, 0.0, 0.009016415105102534, 0.07271951814326083, 0.00805264583164061, 0.06292952703964079, 0.7329474707238189, 0.03767044434460332, 0.0, 0.0, 0.0, 0.0, 0.002813582176769705, 0.8421732094344467, 1.0, 
0.5483961687605294, 0.40938460381960007, 0.5016916500189245, 0.394073325759861, 0.39647827740048636, 0.029442952392470457, 0.017567741912458627, 0.0, 0.0, 0.07661470889841651, 0.9068381344715506, 0.0058834196479146394, 0.008760919451060117, 0.47580852379520433, 0.0, 0.012021886806803378, 0.0939388256544629, 0.010736861108854147, 0.06554775899645855, 0.7416745554649871, 0.031789610146085286, 0.0, 0.0, 0.0, 0.0, 0.003751442902359607, 0.8784610539551402, 1.0, 
0.6731946152861248, 0.5027405563798634, 0.5247986387567918, 0.4925916571998262, 0.495597846750608, 0.03680369049058807, 0.021959677390573282, 0.0, 0.0, 0.08107288660824138, 0.9362335387601932, 0.0, 0.010951149313825147, 0.5861789732954032, 0.0, 0.015027358508504222, 0.11515813316566498, 0.013421076386067684, 0.06816599095327631, 0.7504016402061551, 0.02590877594756725, 0.0, 0.0, 0.0, 0.0, 0.004689303627949509, 0.9147488984758337, 1.0, 
0.6817178339235014, 0.500900698231511, 0.5267723393743685, 0.48448391754455983, 0.48438528049518315, 0.03708503951408781, 0.025829848929704476, 0.0, 0.0, 0.07858902017265512, 0.8919525511881007, 0.0, 0.008760919451060117, 0.5976329634549875, 0.0, 0.014880539638059265, 0.2186813616625211, 0.011796560140950818, 0.06268230751037103, 0.6157571551230466, 0.02367497160350697, 0.0, 0.0, 0.0, 0.0, 0.005913637670970355, 0.931799118780667, 0.9310541633379316, 
0.6902410525608781, 0.4990608400831585, 0.5287460399919452, 0.47637617788929343, 0.4731727142397583, 0.037366388537587544, 0.029700020468835665, 0.0, 0.0, 0.07610515373706887, 0.8476715636160083, 0.0, 0.006570689588295088, 0.6090869536145719, 0.0, 0.014733720767614308, 0.32220459015937725, 0.01017204389583395, 0.05719862406746575, 0.4811126700399382, 0.02144116725944669, 0.0, 0.0, 0.0, 0.0, 0.007137971713991201, 0.9488493390855003, 0.8621083266758631, 
0.6987642711982547, 0.497220981934806, 0.5307197406095221, 0.46826843823402703, 0.4619601479843335, 0.037647737561087274, 0.03357019200796686, 0.0, 0.0, 0.07362128730148261, 0.8033905760439157, 0.0, 0.004380459725530059, 0.6205409437741561, 0.0, 0.01458690189716935, 0.4257278186562334, 0.008547527650717085, 0.051714940624560474, 0.34646818495682974, 0.019207362915386408, 0.0, 0.0, 0.0, 0.0, 0.008362305757012047, 0.9658995593903335, 0.7931624900137947, 
0.7072874898356314, 0.4953811237864536, 0.5326934412270988, 0.46016069857876063, 0.45074758172890866, 0.03792908658458701, 0.03744036354709805, 0.0, 0.0, 0.07113742086589636, 0.7591095884718233, 0.0, 0.0021902298627650297, 0.6319949339337405, 0.0, 0.014440083026724393, 0.5292510471530896, 0.006923011405600219, 0.04623125718165519, 0.2118236998737213, 0.01697355857132613, 0.0, 0.0, 0.0, 0.0, 0.009586639800032893, 0.9829497796951667, 0.7242166533517262, 
0.715810708473008, 0.49354126563810113, 0.5346671418446756, 0.45205295892349423, 0.43953501547348384, 0.03821043560808675, 0.04131053508622924, 0.0, 0.0, 0.0686535544303101, 0.7148286008997308, 0.0, 0.0, 0.6434489240933248, 0.0, 0.014293264156279436, 0.6327742756499457, 0.005298495160483353, 0.04074757373874991, 0.07717921479061284, 0.01473975422726585, 0.0, 0.0, 0.0, 0.0, 0.01081097384305374, 1.0, 0.6552708166896578, 
0.6986216795762223, 0.48696176570879124, 0.5290890140519682, 0.4532128704319396, 0.44644509645505887, 0.030568348486469398, 0.12471160873366326, 0.0, 0.0, 0.06761208620055814, 0.7008914727262284, 0.0, 0.0, 0.638499776244396, 0.0, 0.011434611325023549, 0.6626346940557186, 0.005243476142188205, 0.04127262274394406, 0.20483489601357668, 0.012714713846223386, 0.0, 0.0, 0.0, 0.0, 0.013677797053174071, 1.0, 0.536909352924862, 
0.6814326506794367, 0.4803822657794813, 0.5235108862592608, 0.45437278194038494, 0.4533551774366339, 0.022926261364852048, 0.20811268238109726, 0.0, 0.0, 0.0665706179708062, 0.6869543445527261, 0.0, 0.0, 0.6335506283954673, 0.0, 0.00857595849376766, 0.6924951124614915, 0.005188457123893058, 0.04179767174913821, 0.3324905772365405, 0.010689673465180922, 0.0, 0.0, 0.0, 0.0, 0.016544620263294403, 1.0, 0.4185478891600661, 
0.6642436217826511, 0.4738027658501714, 0.5179327584665533, 0.4555326934488303, 0.46026525841820887, 0.0152841742432347, 0.2915137560285313, 0.0, 0.0, 0.06552914974105424, 0.6730172163792238, 0.0, 0.0, 0.6286014805465386, 0.0, 0.0057173056625117735, 0.7223555308672645, 0.005133438105597911, 0.042322720754332355, 0.46014625845950435, 0.008664633084138458, 0.0, 0.0, 0.0, 0.0, 0.019411443473414735, 1.0, 0.3001864253952702, 
0.6470545928858654, 0.46722326592086144, 0.5123546306738459, 0.45669260495727565, 0.4671753393997839, 0.00764208712161735, 0.3749148296759653, 0.0, 0.0, 0.0644876815113023, 0.6590800882057215, 0.0, 0.0, 0.6236523326976099, 0.0, 0.0028586528312558868, 0.7522159492730374, 0.005078419087302764, 0.042847769759526505, 0.5878019396824682, 0.006639592703095994, 0.0, 0.0, 0.0, 0.0, 0.022278266683535067, 1.0, 0.18182496163047435, 
0.6298655639890798, 0.46064376599155155, 0.5067765028811385, 0.457852516465721, 0.4740854203813589, 0.0, 0.4583159033233993, 0.0, 0.0, 0.06344621328155034, 0.6451429600322192, 0.0, 0.0, 0.6187031848486811, 0.0, 0.0, 0.7820763676788103, 0.005023400069007616, 0.043372818764720655, 0.7154576209054321, 0.0046145523220535315, 0.0, 0.0, 0.0, 0.0, 0.0251450898936554, 1.0, 0.06346349786567852, 
0.6139211477400331, 0.45876422852698506, 0.5065118225440259, 0.4554366923185707, 0.4684609861658098, 0.0008760166983817045, 0.4498778419336552, 0.0, 0.0, 0.06355111616523995, 0.6722765019858303, 0.0, 0.0, 0.65940707156933, 0.0, 0.0, 0.7846680305788619, 0.006422517872745329, 0.04601948639573985, 0.7372144310679334, 0.005604318991984264, 0.0, 0.0, 0.0, 0.0, 0.02637657225972379, 1.0, 0.062311682534707376, 
0.5979767314909865, 0.4568846910624186, 0.5062471422069134, 0.45302086817142045, 0.4628365519502606, 0.001752033396763409, 0.44143978054391114, 0.0, 0.0, 0.06365601904892956, 0.6994100439394414, 0.0, 0.0, 0.7001109582899789, 0.0, 0.0, 0.7872596934789134, 0.007821635676483042, 0.04866615402675905, 0.7589712412304348, 0.006594085661914998, 0.0, 0.0, 0.0, 0.0, 0.02760805462579218, 1.0, 0.06115986720373623, 
0.5820323152419398, 0.4550051535978521, 0.5059824618698009, 0.45060504402427015, 0.45721211773471143, 0.002628050095145114, 0.4330017191541671, 0.0, 0.0, 0.06376092193261916, 0.7265435858930526, 0.0, 0.0, 0.7408148450106278, 0.0, 0.0, 0.7898513563789651, 0.009220753480220754, 0.05131282165777824, 0.7807280513929361, 0.007583852331845732, 0.0, 0.0, 0.0, 0.0, 0.028839536991860572, 1.0, 0.06000805187276508, 
0.5660878989928931, 0.4531256161332856, 0.5057177815326883, 0.4481892198771199, 0.45158768351916223, 0.003504066793526818, 0.424563657764423, 0.0, 0.0, 0.06386582481630877, 0.7536771278466636, 0.0, 0.0, 0.7815187317312766, 0.0, 0.0, 0.7924430192790166, 0.010619871283958467, 0.053959489288797444, 0.8024848615554375, 0.008573619001776465, 0.0, 0.0, 0.0, 0.0, 0.03007101935792896, 1.0, 0.058856236541793935, 
0.5501434827438465, 0.45124607866871913, 0.5054531011955757, 0.4457733957299696, 0.4459632493036131, 0.0043800834919085225, 0.41612559637467894, 0.0, 0.0, 0.06397072769999838, 0.7808106698002748, 0.0, 0.0, 0.8222226184519256, 0.0, 0.0, 0.7950346821790683, 0.01201898908769618, 0.05660615691981664, 0.8242416717179388, 0.009563385671707197, 0.0, 0.0, 0.0, 0.0, 0.03130250172399735, 1.0, 0.05770442121082279, 
0.5316191256160441, 0.45963081628583125, 0.5131360272638406, 0.45417362528358524, 0.4542212154812314, 0.003504066793526818, 0.3402559117695027, 0.0, 0.0, 0.06095148566881703, 0.6363557455199689, 0.0, 0.001088844610475795, 0.8286953161532393, 0.0, 0.0008994708085677943, 0.8360277457432546, 0.01159690177624033, 0.055838324042428555, 0.8196356633166684, 0.007650708537365758, 0.0, 0.0, 0.0, 0.0, 0.033341599148932435, 0.9865500012630039, 0.05199979867000015, 
0.5130947684882416, 0.46801555390294336, 0.5208189533321054, 0.46257385483720087, 0.46247918165884966, 0.0026280500951451134, 0.26438622716432647, 0.0, 0.0, 0.057932243637635675, 0.49190082123966283, 0.0, 0.00217768922095159, 0.8351680138545531, 0.0, 0.0017989416171355886, 0.8770208093074409, 0.011174814464784482, 0.055070491165040474, 0.8150296549153979, 0.005738031403024318, 0.0, 0.0, 0.0, 0.0, 0.03538069657386752, 0.9731000025260076, 0.04629517612917752, 
0.4945704113604392, 0.4764002915200554, 0.5285018794003701, 0.47097408439081645, 0.470737147836468, 0.0017520333967634086, 0.18851654255915018, 0.0, 0.0, 0.05491300160645432, 0.34744589695935685, 0.0, 0.0032665338314273847, 0.841640711555867, 0.0, 0.002698412425703383, 0.9180138728716272, 0.010752727153328631, 0.05430265828765239, 0.8104236465141275, 0.0038253542686828793, 0.0, 0.0, 0.0, 0.0, 0.0374197939988026, 0.9596500037890114, 0.04059055358835489, 
0.47604605423263685, 0.48478502913716753, 0.5361848054686349, 0.4793743139444321, 0.47899511401408623, 0.0008760166983817043, 0.11264685795397394, 0.0, 0.0, 0.051893759575272966, 0.20299097267905086, 0.0, 0.00435537844190318, 0.8481134092571807, 0.0, 0.003597883234271177, 0.9590069364358136, 0.010330639841872782, 0.05353482541026431, 0.805817638112857, 0.0019126771343414397, 0.0, 0.0, 0.0, 0.0, 0.039458891423737694, 0.9462000050520152, 0.03488593104753225, 
0.4575216971048344, 0.49316976675427965, 0.5438677315368997, 0.4877745434980477, 0.48725308019170455, 0.0, 0.03677717334879769, 0.0, 0.0, 0.04887451754409161, 0.058536048398744954, 0.0, 0.005444223052378975, 0.8545861069584945, 0.0, 0.004497354042838971, 0.9999999999999999, 0.009908552530416934, 0.05276699253287623, 0.8012116297115865, 0.0, 0.0, 0.0, 0.0, 0.0, 0.04149798884867278, 0.932750006315019, 0.02918130850670962, 
0.3780300626826377, 0.39741239147342194, 0.5284280564480318, 0.46741430860452865, 0.4767785932998729, 0.0, 0.02942173867903815, 0.0, 0.0, 0.04701680829760936, 0.0544551511859237, 0.0, 0.012149271789331766, 0.8674385649000393, 0.0, 0.005431482321105307, 0.9328438618469772, 0.008802431144880574, 0.05241234760515121, 0.6630099887710295, 0.0, 0.0, 0.0, 0.0, 0.0, 0.04250926938546421, 0.9462000050520153, 0.025163383459240244, 
0.2985384282604411, 0.3016550161925643, 0.5129883813591639, 0.44705407371100964, 0.4663041064080412, 0.0, 0.022066304009278614, 0.0, 0.0, 0.04515909905112711, 0.05037425397310244, 0.0, 0.018854320526284555, 0.8802910228415843, 0.0, 0.0063656105993716424, 0.8656877236939546, 0.007696309759344216, 0.052057702677426196, 0.5248083478304723, 0.0, 0.0, 0.0, 0.0, 0.0, 0.043520549922255646, 0.9596500037890116, 0.021145458411770866, 
0.2190467938382444, 0.2058976409117066, 0.497548706270296, 0.42669383881749057, 0.45582961951620954, 0.0, 0.014710869339519074, 0.0, 0.0, 0.04330138980464486, 0.046293356760281186, 0.0, 0.025559369263237347, 0.8931434807831292, 0.0, 0.007299738877637978, 0.798531585540932, 0.0065901883738078565, 0.05170305774970117, 0.3866067068899151, 0.0, 0.0, 0.0, 0.0, 0.0, 0.04453183045904708, 0.9731000025260077, 0.017127533364301485, 
0.13955515941604774, 0.11014026563084889, 0.4821090311814281, 0.40633360392397155, 0.44535513262437787, 0.0, 0.007355434669759537, 0.0, 0.0, 0.0414436805581626, 0.04221245954745993, 0.0, 0.032264418000190136, 0.9059959387246742, 0.0, 0.008233867155904313, 0.7313754473879093, 0.005484066988271498, 0.05134841282197616, 0.24840506594935796, 0.0, 0.0, 0.0, 0.0, 0.0, 0.045543110995838514, 0.986550001263004, 0.013109608316832107, 
0.06006352499385108, 0.014382890349991176, 0.4666693560925602, 0.3859733690304525, 0.4348806457325462, 0.0, 0.0, 0.0, 0.0, 0.03958597131168035, 0.03813156233463868, 0.0, 0.038969466737142924, 0.9188483966662191, 0.0, 0.009167995434170649, 0.6642193092348867, 0.004377945602735139, 0.05099376789425114, 0.11020342500880073, 0.0, 0.0, 0.0, 0.0, 0.0, 0.04655439153262995, 1.0000000000000002, 0.009091683269362731, 
0.04805081999508086, 0.017841669621771684, 0.45424508643736267, 0.3122925982806375, 0.4237279934320695, 0.0, 0.0, 0.0, 0.0, 0.036619987315870496, 0.03350309679475072, 0.0, 0.043710984853150586, 0.9350787173329752, 0.0, 0.00997296765552176, 0.6760091245751795, 0.0035023564821881114, 0.0492281558366968, 0.10095539483463264, 0.0008676705832050193, 0.0, 0.0, 0.0, 0.0, 0.1503242952201315, 0.9656802153392082, 0.007273346615490185, 
0.03603811499631065, 0.021300448893552194, 0.4418208167821651, 0.23861182753082244, 0.4125753411315928, 0.0, 0.0, 0.0, 0.0, 0.033654003320060646, 0.028874631254862768, 0.0, 0.048452502969158255, 0.9513090379997314, 0.0, 0.010777939876872868, 0.6877989399154723, 0.0026267673616410833, 0.04746254377914245, 0.09170736466046456, 0.0017353411664100386, 0.0, 0.0, 0.0, 0.0, 0.254094198907633, 0.9313604306784161, 0.005455009961617639, 
0.024025409997540437, 0.0247592281653327, 0.4293965471269676, 0.16493105678100742, 0.4014226888311161, 0.0, 0.0, 0.0, 0.0, 0.03068801932425079, 0.02424616571497481, 0.0, 0.05319402108516592, 0.9675393586664875, 0.0, 0.011582912098223978, 0.699588755255765, 0.0017511782410940552, 0.045696931721588105, 0.08245933448629648, 0.002603011749615058, 0.0, 0.0, 0.0, 0.0, 0.35786410259513457, 0.8970406460176241, 0.0036366733077450933, 
0.012012704998770218, 0.02821800743711321, 0.41697227747177007, 0.0912502860311924, 0.39027003653063935, 0.0, 0.0, 0.0, 0.0, 0.027722035328440933, 0.019617700175086853, 0.0, 0.057935539201173586, 0.9837696793332438, 0.0, 0.012387884319575087, 0.7113785705960578, 0.0008755891205470276, 0.043931319664033755, 0.0732113043121284, 0.003470682332820077, 0.0, 0.0, 0.0, 0.0, 0.4616340062826361, 0.862720861356832, 0.0018183366538725466, 
0.0, 0.03167678670889372, 0.4045480078165725, 0.017569515281377335, 0.37911738423016267, 0.0, 0.0, 0.0, 0.0, 0.02475605133263108, 0.014989234635198896, 0.0, 0.06267705731718125, 0.9999999999999999, 0.0, 0.013192856540926197, 0.7231683859363506, 0.0, 0.04216570760647941, 0.06396327413796031, 0.004338352916025096, 0.0, 0.0, 0.0, 0.0, 0.5654039099701377, 0.82840107669604, 0.0, 
0.12010923217061427, 0.11804642654321965, 0.42975136816457343, 0.09871500284816191, 0.4013153617941752, 0.0, 0.0, 0.0, 0.0, 0.023795125380588235, 0.011991387708159117, 0.0, 0.06939776414063575, 0.9862875962371234, 0.0, 0.0247742180379526, 0.7785347087490805, 0.0, 0.04325861425920263, 0.06280905898528266, 0.003470682332820077, 0.0, 0.0, 0.0, 0.0, 0.5855507072983117, 0.8484782518376585, 0.0017846768797062785, 
0.24021846434122854, 0.20441606637754556, 0.45495472851257435, 0.1798604904149465, 0.42351333935818775, 0.0, 0.0, 0.0, 0.0, 0.02283419942854539, 0.008993540781119337, 0.0, 0.07611847096409026, 0.9725751924742468, 0.0, 0.036355579534979005, 0.8339010315618104, 0.0, 0.04435152091192585, 0.06165484383260501, 0.0026030117496150577, 0.0, 0.0, 0.0, 0.0, 0.6056975046264859, 0.8685554269792769, 0.003569353759412557, 
0.3603276965118428, 0.2907857062118715, 0.4801580888605753, 0.2610059779817311, 0.44571131692220023, 0.0, 0.0, 0.0, 0.0, 0.021873273476502544, 0.005995693854079559, 0.0, 0.08283917778754477, 0.9588627887113702, 0.0, 0.04793694103200541, 0.8892673543745402, 0.0, 0.045444427564649066, 0.06050062867992736, 0.0017353411664100381, 0.0, 0.0, 0.0, 0.0, 0.6258443019546599, 0.8886326021208955, 0.005354030639118835, 
0.4804369286824571, 0.37715534604619744, 0.5053614492085762, 0.34215146554851567, 0.46790929448621277, 0.0, 0.0, 0.0, 0.0, 0.0209123475244597, 0.0029978469270397785, 0.0, 0.08955988461099927, 0.9451503849484937, 0.0, 0.059518302529031814, 0.9446336771872701, 0.0, 0.046537334217372286, 0.0593464135272497, 0.0008676705832050191, 0.0, 0.0, 0.0, 0.0, 0.645991099282834, 0.9087097772625139, 0.007138707518825114, 
0.6005461608530713, 0.4635249858805234, 0.5305648095565771, 0.42329695311530025, 0.4901072720502253, 0.0, 0.0, 0.0, 0.0, 0.019951421572416854, 0.0, 0.0, 0.09628059143445378, 0.9314379811856172, 0.0, 0.07109966402605822, 1.0, 0.0, 0.04763024087009551, 0.058192198374572054, 0.0, 0.0, 0.0, 0.0, 0.0, 0.6661378966110081, 0.9287869524041323, 0.008923384398531393, 
0.5746429208700963, 0.45413050040801195, 0.5150586642860624, 0.42628926899857217, 0.4763243420072437, 0.0, 0.0, 0.0, 0.0, 0.015961137257933484, 0.0, 0.0, 0.277024473147563, 0.9231593512253734, 0.0, 0.21779851387161508, 0.9617266185697465, 0.0, 0.04966548824583363, 0.06533929895825291, 0.0017541584063400708, 0.0, 0.0, 0.0, 0.0, 0.695096033611705, 0.9260869551728992, 0.007138707518825114, 
0.5487396808871212, 0.44473601493550047, 0.49955251901554765, 0.4292815848818441, 0.46254141196426213, 0.0, 0.0, 0.0, 0.0, 0.011970852943450112, 0.0, 0.0, 0.45776835486067224, 0.9148807212651298, 0.0, 0.36449736371717195, 0.923453237139493, 0.0, 0.05170073562157175, 0.07248639954193378, 0.0035083168126801415, 0.0, 0.0, 0.0, 0.0, 0.724054170612402, 0.9233869579416661, 0.005354030639118836, 
0.5228364409041462, 0.43534152946298904, 0.4840463737450329, 0.43227390076511596, 0.44875848192128054, 0.0, 0.0, 0.0, 0.0, 0.00798056862896674, 0.0, 0.0, 0.6385122365737814, 0.906602091304886, 0.0, 0.5111962135627288, 0.8851798557092394, 0.0, 0.053735982997309875, 0.07963350012561464, 0.0052624752190202125, 0.0, 0.0, 0.0, 0.0, 0.7530123076130989, 0.920686960710433, 0.003569353759412558, 
0.49693320092117105, 0.42594704399047756, 0.4685402284745181, 0.4352662166483879, 0.43497555187829895, 0.0, 0.0, 0.0, 0.0, 0.00399028431448337, 0.0, 0.0, 0.8192561182868907, 0.8983234613446424, 0.0, 0.6578950634082856, 0.8469064742789859, 0.0, 0.055771230373048, 0.0867806007092955, 0.007016633625360283, 0.0, 0.0, 0.0, 0.0, 0.7819704446137958, 0.9179869634792, 0.001784676879706279, 
0.471029960938196, 0.41655255851796613, 0.45303408320400335, 0.4382585325316598, 0.42119262183531736, 0.0, 0.0, 0.0, 0.0, 0.0, 0.0, 0.0, 1.0, 0.8900448313843986, 0.0, 0.8045939132538426, 0.8086330928487324, 0.0, 0.05780647774878612, 0.09392770129297637, 0.008770792031700354, 0.0, 0.0, 0.0, 0.0, 0.8109285816144928, 0.9152869662479668, 0.0, 
0.3961359945042938, 0.41868078943076276, 0.45897109251526025, 0.44760370435189956, 0.42925262921906815, 0.0, 0.0, 0.0, 0.0, 0.0, 0.0, 0.0, 0.977233050117714, 0.8616396899562462, 0.0, 0.7885755616728936, 0.8001075928272202, 0.0, 0.05817279322281898, 0.09098208363097435, 0.008778840194932677, 0.0, 0.0, 0.0, 0.0, 0.8393579347176577, 0.9322295729983734, 0.0, 
0.3212420280703917, 0.4208090203435593, 0.46490810182651715, 0.4569488761721393, 0.43731263660281894, 0.0, 0.0, 0.0, 0.0, 0.0, 0.0, 0.0, 0.9544661002354279, 0.8332345485280938, 0.0, 0.7725572100919446, 0.791582092805708, 0.0, 0.05853910869685184, 0.08803646596897234, 0.008786888358164999, 0.0, 0.0, 0.0, 0.0, 0.8677872878208227, 0.9491721797487801, 0.0, 
0.24634806163648956, 0.42293725125635595, 0.470845111137774, 0.466294047992379, 0.4453726439865698, 0.0, 0.0, 0.0, 0.0, 0.0, 0.0, 0.0, 0.9316991503531419, 0.8048294070999413, 0.0, 0.7565388585109956, 0.7830565927841957, 0.0, 0.0589054241708847, 0.08509084830697032, 0.008794936521397323, 0.0, 0.0, 0.0, 0.0, 0.8962166409239877, 0.9661147864991867, 0.0, 
0.17145409520258742, 0.4250654821691525, 0.4767821204490309, 0.47563921981261875, 0.45343265137032057, 0.0, 0.0, 0.0, 0.0, 0.0, 0.0, 0.0, 0.9089322004708558, 0.7764242656717889, 0.0, 0.7405205069300466, 0.7745310927626835, 0.0, 0.05927173964491756, 0.08214523064496831, 0.008802984684629644, 0.0, 0.0, 0.0, 0.0, 0.9246459940271526, 0.9830573932495934, 0.0, 
0.09656012876868525, 0.42719371308194914, 0.4827191297602878, 0.4849843916328585, 0.46149265875407136, 0.0, 0.0, 0.0, 0.0, 0.0, 0.0, 0.0, 0.8861652505885698, 0.7480191242436365, 0.0, 0.7245021553490976, 0.7660055927411713, 0.0, 0.05963805511895042, 0.0791996129829663, 0.008811032847861968, 0.0, 0.0, 0.0, 0.0, 0.9530753471303176, 1.0, 0.0, 
0.0772481030149482, 0.3501762013893751, 0.474816193252044, 0.39427210110077504, 0.3754656214609058, 0.0, 0.0, 0.0, 0.0, 0.0, 0.0, 0.0, 0.8498867168856102, 0.7141035997525281, 0.0, 0.587428970944881, 0.6176110595097791, 0.0, 0.053502081906353735, 0.07069919280857619, 0.007048826278289575, 0.0, 0.0, 0.0, 0.0, 0.9624602777042541, 0.988826809397323, 0.0, 
0.05793607726121115, 0.273158689696801, 0.46691325674380013, 0.3035598105686916, 0.28943858416774015, 0.0, 0.0, 0.0, 0.0, 0.0, 0.0, 0.0, 0.8136081831826507, 0.6801880752614199, 0.0, 0.45035578654066455, 0.469216526278387, 0.0, 0.04736610869375704, 0.062198772634186085, 0.005286619708717181, 0.0, 0.0, 0.0, 0.0, 0.9718452082781905, 0.9776536187946461, 0.0, 
0.038624051507474104, 0.19614117800422698, 0.4590103202355563, 0.21284752003660812, 0.20341154687457458, 0.0, 0.0, 0.0, 0.0, 0.0, 0.0, 0.0, 0.7773296494796912, 0.6462725507703115, 0.0, 0.31328260213644804, 0.3208219930469949, 0.0, 0.041230135481160356, 0.053698352459795984, 0.0035244131391447865, 0.0, 0.0, 0.0, 0.0, 0.9812301388521271, 0.966480428191969, 0.0, 
0.019312025753737055, 0.11912366631165294, 0.45110738372731246, 0.12213522950452466, 0.11738450958140895, 0.0, 0.0, 0.0, 0.0, 0.0, 0.0, 0.0, 0.7410511157767317, 0.6123570262792033, 0.0, 0.17620941773223153, 0.1724274598156027, 0.0, 0.03509416226856367, 0.045197932285405876, 0.0017622065695723933, 0.0, 0.0, 0.0, 0.0, 0.9906150694260635, 0.955307237589292, 0.0, 
0.0, 0.04210615461907888, 0.44320444721906865, 0.03142293897244121, 0.03135747228824332, 0.0, 0.0, 0.0, 0.0, 0.0, 0.0, 0.0, 0.7047725820737721, 0.578441501788095, 0.0, 0.03913623332801503, 0.024032926584210478, 0.0, 0.02895818905596698, 0.03669751211101577, 0.0, 0.0, 0.0, 0.0, 0.0, 1.0, 0.9441340469866151, 0.0, 
0.0, 0.11769705586985668, 0.44963096659712876, 0.11455048012150579, 0.03167047051874501, 0.0, 0.0, 0.0, 0.0, 0.0, 0.0, 0.0, 0.7048179744023958, 0.4725809083003805, 0.0, 0.15566990992963037, 0.12685484252840498, 0.0, 0.02783181739833323, 0.03685009514301126, 0.0, 0.0, 0.0, 0.0, 0.0, 1.0, 0.8825122183854448, 0.0, 
0.0, 0.19328795712063448, 0.45605748597518886, 0.19767802127057038, 0.03198346874924671, 0.0, 0.0, 0.0, 0.0, 0.0, 0.0, 0.0, 0.7048633667310193, 0.3667203148126661, 0.0, 0.2722035865312457, 0.22967675847259947, 0.0, 0.02670544574069948, 0.037002678175006756, 0.0, 0.0, 0.0, 0.0, 0.0, 1.0, 0.8208903897842745, 0.0, 
0.0, 0.2688788583714123, 0.462484005353249, 0.28080556241963495, 0.032296466979748396, 0.0, 0.0, 0.0, 0.0, 0.0, 0.0, 0.0, 0.704908759059643, 0.2608597213249517, 0.0, 0.388737263132861, 0.332498674416794, 0.0, 0.025579074083065728, 0.03715526120700226, 0.0, 0.0, 0.0, 0.0, 0.0, 1.0, 0.7592685611831043, 0.0, 
0.0, 0.34446975962219006, 0.4689105247313091, 0.3639331035686995, 0.03260946521025009, 0.0, 0.0, 0.0, 0.0, 0.0, 0.0, 0.0, 0.7049541513882666, 0.1549991278372373, 0.0, 0.5052709397344763, 0.43532059036098847, 0.0, 0.024452702425431978, 0.03730784423899775, 0.0, 0.0, 0.0, 0.0, 0.0, 1.0, 0.6976467325819341, 0.0, 
0.0, 0.4200606608729679, 0.4753370441093692, 0.4470606447177641, 0.03292246344075178, 0.0, 0.0, 0.0, 0.0, 0.0, 0.0, 0.0, 0.7049995437168902, 0.0491385343495229, 0.0, 0.6218046163360917, 0.538142506305183, 0.0, 0.023326330767798227, 0.037460427270993246, 0.0, 0.0, 0.0, 0.0, 0.0, 1.0, 0.6360249039807638, 0.0, 
0.15983266481921815, 0.4542851035339034, 0.5186831408978338, 0.4826713675409046, 0.1371897829517203, 0.0, 0.0, 0.0, 0.0, 0.0, 0.0, 0.0008807869192522698, 0.7302126937098139, 0.0471844376051897, 0.0, 0.6214087364328678, 0.5564281867323597, 0.0, 0.01974467426802951, 0.04163380699084397, 0.0, 0.0, 0.0, 0.0, 0.0, 1.0, 0.6393849273001502, 0.0, 
0.3196653296384363, 0.48850954619483894, 0.5620292376862985, 0.5182820903640452, 0.24145710246268884, 0.0, 0.0, 0.0, 0.0, 0.0, 0.0, 0.0017615738385045397, 0.7554258437027376, 0.0452303408608565, 0.0, 0.6210128565296437, 0.5747138671595363, 0.0, 0.016163017768260794, 0.0458071867106947, 0.0, 0.0, 0.0, 0.0, 0.0, 1.0, 0.6427449506195365, 0.0, 
0.47949799445765445, 0.5227339888557745, 0.6053753344747632, 0.5538928131871856, 0.3457244219736574, 0.0, 0.0, 0.0, 0.0, 0.0, 0.0, 0.0026423607577568094, 0.7806389936956613, 0.043276244116523296, 0.0, 0.6206169766264197, 0.592999547586713, 0.0, 0.012581361268492075, 0.04998056643054543, 0.0, 0.0, 0.0, 0.0, 0.0, 1.0, 0.646104973938923, 0.0, 
0.6393306592768726, 0.55695843151671, 0.6487214312632279, 0.5895035360103262, 0.4499917414846259, 0.0, 0.0, 0.0, 0.0, 0.0, 0.0, 0.0035231476770090794, 0.805852143688585, 0.041322147372190095, 0.0, 0.6202210967231956, 0.6112852280138896, 0.0, 0.008999704768723358, 0.054153946150396155, 0.0, 0.0, 0.0, 0.0, 0.0, 1.0, 0.6494649972583093, 0.0, 
0.7991633240960908, 0.5911828741776455, 0.6920675280516926, 0.6251142588334667, 0.5542590609955944, 0.0, 0.0, 0.0, 0.0, 0.0, 0.0, 0.004403934596261349, 0.8310652936815087, 0.03936805062785689, 0.0, 0.6198252168199716, 0.6295709084410663, 0.0, 0.005418048268954642, 0.05832732587024688, 0.0, 0.0, 0.0, 0.0, 0.0, 1.0, 0.6528250205776956, 0.0, 
0.6402017077900297, 0.5545026766154015, 0.6409834660334581, 0.5806380776130108, 0.5194681278530602, 0.0, 0.0, 0.0, 0.0, 0.0, 0.0, 0.004686238519663149, 0.8173509877197869, 0.03149444050228552, 0.0, 0.6056821217761135, 0.5073997457735457, 0.0, 0.006275295005298303, 0.05628868114122475, 0.0, 0.0, 0.0, 0.0, 0.0, 1.0, 0.6347435632375126, 0.0, 
0.48124009148396857, 0.5178224790531576, 0.5898994040152237, 0.5361618963925548, 0.48467719471052595, 0.0, 0.0, 0.0, 0.0, 0.0, 0.0, 0.00496854244306495, 0.803636681758065, 0.023620830376714134, 0.0, 0.5915390267322553, 0.38522858310602504, 0.0, 0.007132541741641962, 0.05425003641220262, 0.0, 0.0, 0.0, 0.0, 0.0, 1.0, 0.6166621058973296, 0.0, 
0.3222784751779074, 0.4811422814909137, 0.5388153419969892, 0.49168571517209897, 0.4498862615679917, 0.0, 0.0, 0.0, 0.0, 0.0, 0.0, 0.005250846366466749, 0.7899223757963432, 0.015747220251142755, 0.0, 0.5773959316883971, 0.26305742043850444, 0.0, 0.007989788477985623, 0.05221139168318049, 0.0, 0.0, 0.0, 0.0, 0.0, 1.0, 0.5985806485571465, 0.0, 
0.16331685887184633, 0.4444620839286698, 0.48773127997875476, 0.44720953395164303, 0.4150953284254575, 0.0, 0.0, 0.0, 0.0, 0.0, 0.0, 0.00553315028986855, 0.7762080698346213, 0.007873610125571376, 0.0, 0.563252836644539, 0.1408862577709838, 0.0, 0.008847035214329283, 0.050172746954158354, 0.0, 0.0, 0.0, 0.0, 0.0, 1.0, 0.5804991912169636, 0.0, 
0.004355242565785185, 0.40778188636642587, 0.4366472179605203, 0.4027333527311871, 0.38030439528292326, 0.0, 0.0, 0.0, 0.0, 0.0, 0.0, 0.00581545421327035, 0.7624937638728995, 0.0, 0.0, 0.5491097416006808, 0.01871509510346311, 0.0, 0.009704281950672944, 0.04813410222513623, 0.0, 0.0, 0.0, 0.0, 0.0, 1.0, 0.5624177338767805, 0.0, 
0.003484194052628148, 0.3262255090931407, 0.3564258827117859, 0.32218668218494967, 0.30511408712259075, 0.0, 0.0, 0.0, 0.0, 0.0, 0.0, 0.0056120620708085805, 0.7437822863344054, 0.0, 0.0, 0.5284538735108135, 0.016731729086944036, 0.0, 0.008745570756708313, 0.04646998280730886, 0.0, 0.0, 0.0, 0.0, 0.0, 1.0, 0.5616576931537325, 0.0, 
0.002613145539471111, 0.24466913181985553, 0.2762045474630515, 0.24164001163871227, 0.2299237789622582, 0.0, 0.0, 0.0, 0.0, 0.0, 0.0, 0.005408669928346811, 0.7250708087959111, 0.0, 0.0, 0.5077980054209462, 0.014748363070424958, 0.0, 0.007786859562743683, 0.04480586338948149, 0.0, 0.0, 0.0, 0.0, 0.0, 1.0, 0.5608976524306845, 0.0, 
0.001742097026314074, 0.16311275454657037, 0.1959832122143171, 0.16109334109247486, 0.15473347080192568, 0.0, 0.0, 0.0, 0.0, 0.0, 0.0, 0.005205277785885042, 0.706359331257417, 0.0, 0.0, 0.4871421373310789, 0.012764997053905883, 0.0, 0.006828148368779053, 0.04314174397165412, 0.0, 0.0, 0.0, 0.0, 0.0, 1.0, 0.5601376117076363, 0.0, 
0.000871048513157037, 0.08155637727328519, 0.11576187696558271, 0.08054667054623743, 0.07954316264159317, 0.0, 0.0, 0.0, 0.0, 0.0, 0.0, 0.005001885643423273, 0.6876478537189228, 0.0, 0.0, 0.46648626924121156, 0.010781631037386807, 0.0, 0.005869437174814423, 0.04147762455382675, 0.0, 0.0, 0.0, 0.0, 0.0, 1.0, 0.5593775709845883, 0.0, 
0.0, 0.0, 0.03554054171684828, 0.0, 0.004352854481260678, 0.0, 0.0, 0.0, 0.0, 0.0, 0.0, 0.004798493500961504, 0.6689363761804287, 0.0, 0.0, 0.44583040115134426, 0.00879826502086773, 0.0, 0.004910725980849793, 0.039813505135999384, 0.0, 0.0, 0.0, 0.0, 0.0, 1.0, 0.5586175302615403, 0.0, 
0.0, 0.0062232573988550985, 0.11388308420751103, 0.08653589143815031, 0.08995814304685444, 0.0, 0.0, 0.0, 0.0, 0.0, 0.0, 0.0059662531342140135, 0.6653997507358234, 0.0, 0.0019273030662214322, 0.48039062796387233, 0.016618164923426947, 0.002906714790922448, 0.01044136842728054, 0.03826136597329733, 0.0, 0.000997066091880701, 0.005405642721570792, 0.0, 0.0, 1.0, 0.5641982020057403, 0.0, 
0.0, 0.012446514797710197, 0.1922256266981738, 0.17307178287630062, 0.17556343161244822, 0.0, 0.0, 0.0, 0.0, 0.0, 0.0, 0.007134012767466523, 0.661863125291218, 0.0, 0.0038546061324428644, 0.5149508547764003, 0.024438064825986164, 0.005813429581844896, 0.015972010873711286, 0.036709226810595276, 0.0, 0.001994132183761402, 0.010811285443141585, 0.0, 0.0, 1.0, 0.5697788737499404, 0.0, 
0.0, 0.018669772196565296, 0.2705681691888366, 0.2596076743144509, 0.26116872017804194, 0.0, 0.0, 0.0, 0.0, 0.0, 0.0, 0.008301772400719032, 0.6583264998466128, 0.0, 0.005781909198664297, 0.5495110815889285, 0.03225796472854538, 0.008720144372767344, 0.021502653320142034, 0.03515708764789323, 0.0, 0.002991198275642103, 0.016216928164712378, 0.0, 0.0, 0.9999999999999999, 0.5753595454941404, 0.0, 
0.0, 0.024893029595420394, 0.34891071167949933, 0.34614356575260125, 0.34677400874363573, 0.0, 0.0, 0.0, 0.0, 0.0, 0.0, 0.00946953203397154, 0.6547898744020075, 0.0, 0.007709212264885729, 0.5840713084014566, 0.0400778646311046, 0.011626859163689792, 0.027033295766572783, 0.033604948485191175, 0.0, 0.003988264367522804, 0.02162257088628317, 0.0, 0.0, 0.9999999999999999, 0.5809402172383404, 0.0, 
0.0, 0.031116286994275492, 0.4272532541701621, 0.43267945719075157, 0.43237929730922947, 0.0, 0.0, 0.0, 0.0, 0.0, 0.0, 0.01063729166722405, 0.6512532489574022, 0.0, 0.00963651533110716, 0.6186315352139846, 0.04789776453366382, 0.014533573954612241, 0.03256393821300353, 0.03205280932248912, 0.0, 0.0049853304594035044, 0.02702821360785396, 0.0, 0.0, 0.9999999999999999, 0.5865208889825405, 0.0, 
0.005550114946457208, 0.11203228806958261, 0.43923312623771843, 0.431701644095625, 0.4312641866246571, 0.0, 0.0, 0.0, 0.0, 0.0, 0.0, 0.014938421815247306, 0.6159439846227421, 0.0, 0.009711413282552548, 0.6111471431466144, 0.044252423940570315, 0.011626859163689792, 0.037507125771553955, 0.028852427663186225, 0.0, 0.005838479142779619, 0.023419119724854432, 0.0, 0.0, 0.9999999999999999, 0.4766325302470096, 0.0, 
0.011100229892914416, 0.19294828914488973, 0.45121299830527484, 0.43072383100049844, 0.43014907594008467, 0.0, 0.0, 0.0, 0.0, 0.0, 0.0, 0.01923955196327056, 0.580634720288082, 0.0, 0.009786311233997935, 0.6036627510792443, 0.040607083347476806, 0.008720144372767344, 0.04245031333010438, 0.025652046003883325, 0.0, 0.006691627826155734, 0.019810025841854907, 0.0, 0.0, 0.9999999999999999, 0.3667441715114787, 0.0, 
0.016650344839371625, 0.27386429022019687, 0.4631928703728312, 0.4297460179053719, 0.4290339652555123, 0.0, 0.0, 0.0, 0.0, 0.0, 0.0, 0.023540682111293815, 0.545325455953422, 0.0, 0.00986120918544332, 0.5961783590118742, 0.0369617427543833, 0.005813429581844897, 0.0473935008886548, 0.02245166434458043, 0.0, 0.007544776509531848, 0.01620093195885538, 0.0, 0.0, 0.9999999999999999, 0.2568558127759478, 0.0, 
0.02220045978582883, 0.354780291295504, 0.4751727424403876, 0.42876820481024536, 0.42791885457093987, 0.0, 0.0, 0.0, 0.0, 0.0, 0.0, 0.027841812259317072, 0.510016191618762, 0.0, 0.009936107136888707, 0.588693966944504, 0.033316402161289796, 0.0029067147909224485, 0.052336688447205224, 0.01925128268527753, 0.0, 0.008397925192907963, 0.01259183807585585, 0.0, 0.0, 0.9999999999999999, 0.1469674540404169, 0.0, 
0.027750574732286037, 0.4356962923708111, 0.48715261450794395, 0.4277903917151188, 0.4268037438863675, 0.0, 0.0, 0.0, 0.0, 0.0, 0.0, 0.03214294240734033, 0.4747069272841019, 0.0, 0.010011005088334093, 0.5812095748771339, 0.02967106156819629, 0.0, 0.057279876005755646, 0.016050901025974635, 0.0, 0.009251073876284077, 0.008982744192856322, 0.0, 0.0, 0.9999999999999999, 0.03707909530488601, 0.0, 
0.03117345324090881, 0.46215958787631195, 0.5158175649338853, 0.4525440837465149, 0.45291451229076896, 0.0, 0.0028164350713657865, 0.0, 0.0, 0.0, 0.0, 0.03432334117673607, 0.5360776913651049, 0.007749168801953232, 0.15153597948070863, 0.5795865712642747, 0.03292848842243879, 0.001741886884629081, 0.2087496128237622, 0.02277798756447516, 0.0, 0.20740085910102724, 0.011375244476818338, 0.0, 0.0, 0.9984609353480807, 0.03862308243843579, 0.0, 
0.034596331749531584, 0.4886228833818128, 0.5444825153598267, 0.47729777577791105, 0.47902528069517036, 0.0, 0.005632870142731573, 0.0, 0.0, 0.0, 0.0, 0.03650373994613181, 0.5974484554461077, 0.015498337603906464, 0.2930609538730832, 0.5779635676514155, 0.03618591527668129, 0.003483773769258162, 0.3602193496417687, 0.029505074102975683, 0.0, 0.4055506443257704, 0.013767744760780352, 0.0, 0.0, 0.9969218706961614, 0.04016706957198556, 0.0, 
0.03801921025815436, 0.5150861788873137, 0.5731474657857681, 0.5020514678093071, 0.5051360490995718, 0.0, 0.008449305214097359, 0.0, 0.0, 0.0, 0.0, 0.03868413871552755, 0.6588192195271106, 0.023247506405859694, 0.4345859282654577, 0.5763405640385564, 0.03944334213092379, 0.005225660653887243, 0.5116890864597753, 0.036232160641476205, 0.0, 0.6037004295505136, 0.016160245044742366, 0.0, 0.0, 0.9953828060442422, 0.04171105670553534, 0.0, 
0.04144208876677714, 0.5415494743928145, 0.6018124162117096, 0.5268051598407033, 0.5312468175039733, 0.0, 0.011265740285463146, 0.0, 0.0, 0.0, 0.0, 0.04086453748492329, 0.7201899836081136, 0.030996675207812928, 0.5761109026578323, 0.5747175604256972, 0.04270076898516629, 0.006967547538516324, 0.6631588232777819, 0.042959247179976734, 0.0, 0.8018502147752568, 0.018552745328704382, 0.0, 0.0, 0.993843741392323, 0.043255043839085114, 0.0, 
0.04486496727539991, 0.5680127698983154, 0.630477366637651, 0.5515588518720994, 0.5573575859083747, 0.0, 0.014082175356828933, 0.0, 0.0, 0.0, 0.0, 0.04304493625431903, 0.7815607476891164, 0.03874584400976616, 0.7176358770502068, 0.573094556812838, 0.045958195839408786, 0.008709434423145404, 0.8146285600957884, 0.04968633371847725, 0.0, 0.9999999999999999, 0.020945245612666398, 0.0, 0.0, 0.9923046767404038, 0.04479903097263489, 0.0, 
0.23589197382031993, 0.5645079704675204, 0.6309594142374596, 0.5547306130692439, 0.559303357478102, 0.0, 0.011265740285463146, 0.009296229992914467, 0.0, 0.0, 0.00193078190737176, 0.04569668466468453, 0.802829510599008, 0.030996675207812928, 0.7400614366377806, 0.6163981461188633, 0.04161953099546575, 0.011137762729172763, 0.8260645230101216, 0.046905842209200084, 0.0, 0.9633083096298416, 0.02257886860435466, 0.0, 0.0018209715536200576, 0.9925094585104652, 0.04983360198803632, 0.0, 
0.42691898036523995, 0.5610031710367256, 0.6314414618372682, 0.5579023742663883, 0.5612491290478293, 0.0, 0.00844930521409736, 0.018592459985828935, 0.0, 0.0, 0.00386156381474352, 0.04834843307505003, 0.8240982735088995, 0.023247506405859698, 0.7624869962253544, 0.6597017354248886, 0.03728086615152273, 0.013566091035200123, 0.8375004859244547, 0.044125350699922926, 0.0, 0.9266166192596833, 0.024212491596042916, 0.0, 0.003641943107240115, 0.9927142402805267, 0.05486817300343774, 0.0, 
0.61794598691016, 0.5574983716059306, 0.6319235094370768, 0.5610741354635327, 0.5631949006175567, 0.0, 0.005632870142731575, 0.0278886899787434, 0.0, 0.0, 0.00579234572211528, 0.05100018148541553, 0.8453670364187911, 0.015498337603906467, 0.7849125558129282, 0.7030053247309138, 0.032942201307579695, 0.015994419341227483, 0.8489364488387878, 0.04134485919064576, 0.0, 0.889924928889525, 0.025846114587731176, 0.0, 0.005462914660860173, 0.992919022050588, 0.05990274401883916, 0.0, 
0.80897299345508, 0.5539935721751358, 0.6324055570368854, 0.5642458966606771, 0.565140672187284, 0.0, 0.0028164350713657874, 0.03718491997165787, 0.0, 0.0, 0.00772312762948704, 0.05365192989578103, 0.8666357993286825, 0.007749168801953234, 0.807338115400502, 0.7463089140369391, 0.028603536463636666, 0.018422747647254843, 0.860372411753121, 0.0385643676813686, 0.0, 0.8532332385193666, 0.027479737579419433, 0.0, 0.00728388621448023, 0.9931238038206495, 0.06493731503424058, 0.0, 
1.0, 0.5504887727443408, 0.632887604636694, 0.5674176578578216, 0.5670864437570113, 0.0, 0.0, 0.04648114996457234, 0.0, 0.0, 0.009653909536858801, 0.05630367830614653, 0.8879045622385741, 0.0, 0.8297636749880758, 0.7896125033429644, 0.024264871619693637, 0.0208510759532822, 0.8718083746674541, 0.03578387617209144, 0.0, 0.8165415481492083, 0.029113360571107694, 0.0, 0.009104857768100287, 0.9933285855907109, 0.06997188604964201, 0.0, 
0.8190922268137862, 0.5217342335525491, 0.5929011486637199, 0.4592980427317954, 0.45548169258389376, 0.0, 0.0, 0.03718491997165787, 0.0, 0.0, 0.00772312762948704, 0.05101051553226603, 0.7103236497908593, 0.0, 0.6638109399904606, 0.6334719631079365, 0.01941189729575491, 0.01668086076262576, 0.8158751404377916, 0.02862710093767315, 0.0, 0.6532332385193667, 0.023290688456886154, 0.0, 0.00728388621448023, 0.8920299901808469, 0.055977508839713606, 0.0, 
0.6381844536275725, 0.4929796943607575, 0.5529146926907459, 0.3511784276057693, 0.3438769414107762, 0.0, 0.0, 0.027888689978743404, 0.0, 0.0, 0.005792345722115281, 0.045717352758385524, 0.5327427373431444, 0.0, 0.4978582049928455, 0.4773314228729087, 0.014558922971816182, 0.01251064557196932, 0.7599419062081292, 0.021470325703254863, 0.0, 0.489924928889525, 0.017468016342664615, 0.0, 0.005462914660860172, 0.790731394770983, 0.0419831316297852, 0.0, 
0.45727668044135883, 0.4642251551689658, 0.5129282367177718, 0.24305881247974315, 0.23227219023765855, 0.0, 0.0, 0.018592459985828938, 0.0, 0.0, 0.003861563814743521, 0.04042418998450502, 0.3551618248954296, 0.0, 0.33190546999523035, 0.32119088263788087, 0.009705948647877454, 0.00834043038131288, 0.7040086719784666, 0.014313550468836575, 0.0, 0.3266166192596833, 0.011645344228443079, 0.0, 0.0036419431072401143, 0.689432799361119, 0.027988754419856807, 0.0, 
0.27636890725514507, 0.4354706159771741, 0.4729417807447977, 0.13493919735371696, 0.12066743906454097, 0.0, 0.0, 0.009296229992914469, 0.0, 0.0, 0.0019307819073717605, 0.03513102721062452, 0.1775809124477148, 0.0, 0.1659527349976152, 0.165050342402853, 0.004852974323938726, 0.00417021519065644, 0.6480754377488042, 0.0071567752344182875, 0.0, 0.16330830962984166, 0.0058226721142215394, 0.0, 0.0018209715536200571, 0.588134203951255, 0.013994377209928403, 0.0, 
0.09546113406893134, 0.40671607678538246, 0.43295532477182364, 0.026819582227690805, 0.009062687891423352, 0.0, 0.0, 0.0, 0.0, 0.0, 0.0, 0.029837864436744018, 0.0, 0.0, 0.0, 0.008909802167825089, 0.0, 0.0, 0.5921422035191417, 0.0, 0.0, 0.0, 0.0, 0.0, 0.0, 0.486835608541391, 0.0, 0.0, 
0.10497510407557839, 0.3307673647895784, 0.4200082297282786, 0.11644629715664345, 0.1008024315476114, 0.0, 0.0, 0.0, 0.0, 0.0, 0.0, 0.02973695374985636, 0.0018505746146718564, 0.0, 0.004528012208763053, 0.08915175879150616, 0.0, 0.0, 0.6300495559102283, 0.0009237729411292512, 0.0, 0.0018281747979862293, 0.0, 0.0, 0.0, 0.5032595066738641, 0.0, 0.0, 
0.11448907408222546, 0.25481865279377436, 0.40706113468473365, 0.20607301208559609, 0.19254217520379946, 0.0, 0.0, 0.0, 0.0, 0.0, 0.0, 0.029636043062968704, 0.003701149229343713, 0.0, 0.009056024417526107, 0.16939371541518725, 0.0, 0.0, 0.6679569083013148, 0.0018475458822585025, 0.0, 0.0036563495959724586, 0.0, 0.0, 0.0, 0.5196834048063372, 0.0, 0.0, 
0.12400304408887251, 0.17886994079797025, 0.39411403964118863, 0.2956997270145488, 0.2842819188599875, 0.0, 0.0, 0.0, 0.0, 0.0, 0.0, 0.02953513237608105, 0.005551723844015569, 0.0, 0.01358403662628916, 0.24963567203886833, 0.0, 0.0, 0.7058642606924013, 0.002771318823387754, 0.0, 0.005484524393958688, 0.0, 0.0, 0.0, 0.5361073029388104, 0.0, 0.0, 
0.13351701409551958, 0.1029212288021662, 0.38116694459764366, 0.3853264419435014, 0.3760216625161755, 0.0, 0.0, 0.0, 0.0, 0.0, 0.0, 0.029434221689193393, 0.007402298458687426, 0.0, 0.018112048835052214, 0.32987762866254944, 0.0, 0.0, 0.7437716130834878, 0.003695091764517005, 0.0, 0.007312699191944917, 0.0, 0.0, 0.0, 0.5525312010712834, 0.0, 0.0, 
0.14303098410216664, 0.026972516806362142, 0.36821984955409864, 0.47495315687245404, 0.46776140617236356, 0.0, 0.0, 0.0, 0.0, 0.0, 0.0, 0.029333311002305736, 0.009252873073359282, 0.0, 0.022640061043815267, 0.4101195852862305, 0.0, 0.0, 0.7816789654745744, 0.004618864705646256, 0.0, 0.009140873989931146, 0.0, 0.0, 0.0, 0.5689550992037565, 0.0, 0.0, 
0.3144247872817333, 0.12265873354832013, 0.3960554105605948, 0.4938826184356967, 0.4884974874849704, 0.0, 0.0, 0.0027204837239070243, 0.0, 0.0, 0.0, 0.03591227979811128, 0.014101329515001794, 0.007518683891065638, 0.02694367562590287, 0.45345233338542645, 0.0008840702422171602, 0.0, 0.8070442308591627, 0.00577290148227169, 0.0027602691188619633, 0.14162959068600844, 0.0018399442027423787, 0.0, 0.0, 0.6370551434087536, 0.0019012115591699734, 0.0, 
0.48581859046129994, 0.21834495029027812, 0.42389097156709094, 0.5128120799989393, 0.5092335687975773, 0.0, 0.0, 0.0054409674478140485, 0.0, 0.0, 0.0, 0.042491248593916814, 0.018949785956644306, 0.015037367782131276, 0.031247290207990476, 0.4967850814846224, 0.0017681404844343204, 0.0, 0.8324094962437508, 0.006926938258897124, 0.005520538237723927, 0.2741183073820857, 0.0036798884054847574, 0.0, 0.0, 0.7051551876137507, 0.003802423118339947, 0.0, 
0.6572123936408666, 0.3140311670322361, 0.4517265325735871, 0.5317415415621819, 0.5299696501101842, 0.0, 0.0, 0.008161451171721073, 0.0, 0.0, 0.0, 0.04907021738972235, 0.023798242398286817, 0.022556051673196915, 0.03555090479007808, 0.5401178295838184, 0.0026522107266514806, 0.0, 0.8577747616283391, 0.008080975035522558, 0.00828080735658589, 0.40660702407816296, 0.005519832608227136, 0.0, 0.0, 0.7732552318187478, 0.0057036346775099205, 0.0, 
0.8286061968204332, 0.4097173837741941, 0.4795620935800832, 0.5506710031254246, 0.550705731422791, 0.0, 0.0, 0.010881934895628097, 0.0, 0.0, 0.0, 0.05564918618552789, 0.02864669883992933, 0.03007473556426255, 0.039854519372165685, 0.5834505776830143, 0.003536280968868641, 0.0, 0.8831400270129273, 0.009235011812147993, 0.011041076475447853, 0.5390957407742403, 0.007359776810969515, 0.0, 0.0, 0.8413552760237448, 0.007604846236679894, 0.0, 
0.9999999999999999, 0.5054036005161521, 0.5073976545865794, 0.5696004646886672, 0.5714418127353978, 0.0, 0.0, 0.013602418619535121, 0.0, 0.0, 0.0, 0.06222815498133342, 0.03349515528157184, 0.03759341945532819, 0.04415813395425329, 0.6267833257822103, 0.004420351211085801, 0.0, 0.9085052923975155, 0.010389048588773426, 0.013801345594309816, 0.6715844574703176, 0.009199721013711894, 0.0, 0.0, 0.9094553202287419, 0.009506057795849867, 0.0, 
0.960640946542433, 0.4836306385717539, 0.4895402693462855, 0.4613715893509638, 0.4618569970843437, 0.0, 0.0008857175489502388, 0.010881934895628097, 0.0, 0.0, 0.0, 0.060268599429100005, 0.026796124225257473, 0.15366657493517716, 0.039918928491574475, 0.506044103445436, 0.003536280968868641, 0.0, 0.9268042339180125, 0.00831123887101874, 0.13341550450179301, 0.6531533184629142, 0.007359776810969515, 0.0, 0.0, 0.8707503658231932, 0.007604846236679894, 0.0, 
0.9212818930848663, 0.4618576766273558, 0.4716828841059915, 0.35314271401326036, 0.35227218143328953, 0.0, 0.0017714350979004777, 0.008161451171721072, 0.0, 0.0, 0.0, 0.05830904387686659, 0.020097093168943106, 0.26973973041502614, 0.03567972302889566, 0.3853048811086618, 0.0026522107266514806, 0.0, 0.9451031754385093, 0.0062334291532640555, 0.25302966340927624, 0.6347221794555108, 0.005519832608227136, 0.0, 0.0, 0.8320454114176444, 0.0057036346775099205, 0.0, 
0.8819228396272994, 0.4400847146829576, 0.4538254988656976, 0.24491383867555694, 0.24268736578223538, 0.0, 0.0026571526468507165, 0.005440967447814048, 0.0, 0.0, 0.0, 0.05634948832463318, 0.013398062112628735, 0.3858128858948751, 0.03144051756621685, 0.26456565877188754, 0.0017681404844343204, 0.0, 0.9634021169590062, 0.004155619435509371, 0.3726438223167594, 0.6162910404481075, 0.003679888405484758, 0.0, 0.0, 0.7933404570120958, 0.0038024231183399464, 0.0, 
0.8425637861697326, 0.41831175273855953, 0.43596811362540366, 0.13668496333785352, 0.13310255013118122, 0.0, 0.0035428701958009554, 0.002720483723907024, 0.0, 0.0, 0.0, 0.054389932772399764, 0.0066990310563143675, 0.5018860413747241, 0.027201312103538038, 0.14382643643511328, 0.0008840702422171602, 0.0, 0.9817010584795031, 0.0020778097177546855, 0.4922579812242426, 0.597859901440704, 0.001839944202742379, 0.0, 0.0, 0.754635502606547, 0.0019012115591699732, 0.0, 
0.8032047327121659, 0.3965387907941614, 0.41811072838510976, 0.028456088000150148, 0.023517734480127034, 0.0, 0.004428587744751194, 0.0, 0.0, 0.0, 0.0, 0.05243037722016635, 0.0, 0.6179591968545731, 0.022962106640859226, 0.02308721409833897, 0.0, 0.0, 1.0, 0.0, 0.6118721401317258, 0.5794287624333007, 0.0, 0.0, 0.0, 0.7159305482009983, 0.0, 0.0, 
0.8355103296987322, 0.4272161206865882, 0.4520342702754103, 0.1464477803402074, 0.14229814578696298, 0.0008668553268340989, 0.004417595500286887, 0.0, 0.0, 0.0, 0.0, 0.1535537275563773, 0.0009402153110547509, 0.6856940647048465, 0.022077415291995504, 0.018469771278671176, 0.0, 0.005610313599251066, 0.9863117162684507, 0.0, 0.6626590706110049, 0.5957741211179025, 0.0, 0.0, 0.0, 0.6787897009115061, 0.0, 0.004621245278523981, 
0.8678159266852985, 0.4578934505790151, 0.48595781216571093, 0.26443947268026463, 0.2610785570937989, 0.0017337106536681978, 0.00440660325582258, 0.0, 0.0, 0.0, 0.0, 0.25467707789258826, 0.0018804306221095017, 0.75342893255512, 0.021192723943131778, 0.013852328459003383, 0.0, 0.011220627198502132, 0.9726234325369014, 0.0, 0.7134460010902841, 0.6121194798025045, 0.0, 0.0, 0.0, 0.641648853622014, 0.0, 0.009242490557047962, 
0.9001215236718649, 0.4885707804714419, 0.5198813540560114, 0.3824311650203219, 0.37985896840063493, 0.0026005659805022965, 0.004395611011358273, 0.0, 0.0, 0.0, 0.0, 0.35580042822879926, 0.0028206459331642526, 0.8211638004053934, 0.020308032594268055, 0.00923488563933559, 0.0, 0.0168309407977532, 0.9589351488053521, 0.0, 0.7642329315695633, 0.6284648384871063, 0.0, 0.0, 0.0, 0.6045080063325217, 0.0, 0.013863735835571944, 
0.9324271206584313, 0.5192481103638688, 0.5538048959463121, 0.5004228573603791, 0.49863937970747085, 0.0034674213073363955, 0.004384618766893966, 0.0, 0.0, 0.0, 0.0, 0.4569237785650102, 0.0037608612442190034, 0.8888986682556668, 0.01942334124540433, 0.004617442819667795, 0.0, 0.022441254397004264, 0.9452468650738028, 0.0, 0.8150198620488425, 0.6448101971717083, 0.0, 0.0, 0.0, 0.5673671590430295, 0.0, 0.018484981114095925, 
0.9647327176449976, 0.5499254402562956, 0.5877284378366127, 0.6184145497004364, 0.6174197910143068, 0.0043342766341704945, 0.004373626522429659, 0.0, 0.0, 0.0, 0.0, 0.5580471289012211, 0.004701076555273754, 0.9566335361059402, 0.018538649896540606, 0.0, 0.0, 0.028051567996255328, 0.9315585813422536, 0.0, 0.8658067925281216, 0.6611555558563101, 0.0, 0.0, 0.0, 0.5302263117535373, 0.0, 0.023106226392619906, 
0.8730815403941615, 0.5773134012411142, 0.620726815052297, 0.6252007117530127, 0.622517927168662, 0.0034674213073363955, 0.08714122200706526, 0.02133125893289991, 0.0, 0.0, 0.0, 0.4548437467799576, 0.0037608612442190034, 0.7661990776416847, 0.014830919917232486, 0.0, 0.0008713106812345409, 0.031073473687453775, 0.9249577126345753, 0.0, 0.7818965542424785, 0.5353931068288138, 0.0, 0.0, 0.0, 0.5371798970045581, 0.0, 0.018484981114095925, 
0.7814303631433255, 0.6047013622259326, 0.6537251922679812, 0.631986873805589, 0.6276160633230172, 0.0026005659805022965, 0.16990881749170084, 0.04266251786579982, 0.0, 0.0, 0.0, 0.3516403646586941, 0.0028206459331642526, 0.5757646191774293, 0.011123189937924364, 0.0, 0.0017426213624690818, 0.03409537937865222, 0.9183568439268969, 0.0, 0.6979863159568355, 0.4096306578013175, 0.0, 0.0, 0.0, 0.544133482255579, 0.0, 0.013863735835571944, 
0.6897791858924893, 0.6320893232107512, 0.6867235694836655, 0.6387730358581653, 0.6327141994773725, 0.001733710653668198, 0.2526764129763365, 0.06399377679869972, 0.0, 0.0, 0.0, 0.24843698253743063, 0.0018804306221095017, 0.3853301607131737, 0.007415459958616241, 0.0, 0.0026139320437036226, 0.03711728506985067, 0.9117559752192186, 0.0, 0.6140760776711924, 0.28386820877382124, 0.0, 0.0, 0.0, 0.5510870675065999, 0.0, 0.009242490557047962, 
0.5981280086416533, 0.6594772841955696, 0.7197219466993499, 0.6455591979107416, 0.6378123356317277, 0.000866855326834099, 0.33544400846097205, 0.08532503573159964, 0.0, 0.0, 0.0, 0.14523360041616712, 0.0009402153110547509, 0.19489570224891828, 0.0037077299793081206, 0.0, 0.0034852427249381637, 0.04013919076104912, 0.9051551065115402, 0.0, 0.5301658393855493, 0.1581057597463249, 0.0, 0.0, 0.0, 0.5580406527576207, 0.0, 0.004621245278523981, 
0.5064768313908172, 0.6868652451803882, 0.7527203239150341, 0.6523453599633179, 0.642910471786083, 0.0, 0.41821160394560764, 0.10665629466449954, 0.0, 0.0, 0.0, 0.042030218294903623, 0.0, 0.004461243784662801, 0.0, 0.0, 0.004356553406172705, 0.04316109645224756, 0.8985542378038619, 0.0, 0.4462556010999062, 0.032343310718828594, 0.0, 0.0, 0.0, 0.5649942380086416, 0.0, 0.0, 
0.48813810834675664, 0.704919111096274, 0.7632235916058531, 0.6639469229102752, 0.6562148831482566, 0.0020555947644900615, 0.515841605134272, 0.19907627866223437, 0.0, 0.0, 0.002083281523370982, 0.03971751632768983, 0.00465045119976682, 0.14644564487530454, 0.009850089488251121, 0.000907674063518774, 0.0034852427249381637, 0.05293663382841938, 0.9188433902430895, 0.0019231829232938056, 0.4855888131603587, 0.1601446685317829, 0.006758468988789007, 0.0, 0.0, 0.5748770676342665, 0.0, 0.001748614222306116, 
0.4697993853026961, 0.7229729770121599, 0.7737268592966722, 0.6755484858572326, 0.6695192945104302, 0.004111189528980123, 0.6134716063229364, 0.2914962626599692, 0.0, 0.0, 0.004166563046741964, 0.03740481436047603, 0.00930090239953364, 0.28843004596594624, 0.019700178976502242, 0.001815348127037548, 0.002613932043703623, 0.0627121712045912, 0.9391325426823172, 0.0038463658465876112, 0.5249220252208112, 0.2879460263447372, 0.013516937977578015, 0.0, 0.0, 0.5847598972598914, 0.0, 0.003497228444612232, 
0.4514606622586355, 0.7410268429280457, 0.7842301269874912, 0.6871500488041901, 0.6828237058726038, 0.006166784293470185, 0.7111016075116008, 0.3839162466577041, 0.0, 0.0, 0.0062498445701129465, 0.03509211239326224, 0.01395135359930046, 0.430414447056588, 0.029550268464753365, 0.002723022190556322, 0.0017426213624690823, 0.07248770858076302, 0.9594216951215447, 0.005769548769881417, 0.5642552372812637, 0.4157473841576915, 0.020275406966367024, 0.0, 0.0, 0.5946427268855163, 0.0, 0.0052458426669183475, 
0.433121939214575, 0.7590807088439315, 0.7947333946783103, 0.6987516117511474, 0.6961281172347774, 0.008222379057960246, 0.8087316087002652, 0.4763362306554389, 0.0, 0.0, 0.008333126093483929, 0.03277941042604844, 0.01860180479906728, 0.5723988481472297, 0.039400357953004485, 0.003630696254075096, 0.0008713106812345411, 0.08226324595693484, 0.9797108475607724, 0.0076927316931752225, 0.6035884493417162, 0.5435487419706458, 0.02703387595515603, 0.0, 0.0, 0.6045255565111413, 0.0, 0.006994456889224464, 
0.4147832161705144, 0.7771345747598174, 0.8052366623691293, 0.7103531746981048, 0.709432528596951, 0.010277973822450309, 0.9063616098889296, 0.5687562146531737, 0.0, 0.0, 0.010416407616854912, 0.03046670845883465, 0.0232522559988341, 0.7143832492378714, 0.049250447441255604, 0.00453837031759387, 0.0, 0.09203878333310665, 1.0, 0.009615914616469028, 0.6429216614021687, 0.6713500997836002, 0.033792344943945035, 0.0, 0.0, 0.6144083861367662, 0.0, 0.00874307111153058, 
0.3318265729364115, 0.7102033454101947, 0.7344054825873829, 0.6646451035308658, 0.6630326518768626, 0.008222379057960246, 0.7250892879111437, 0.45500497172253895, 0.0, 0.0, 0.010285850112944863, 0.0285513306397313, 0.01860180479906728, 0.5715065993902971, 0.039400357953004485, 0.003630696254075096, 0.0, 0.09964773868742881, 0.9812791243599663, 0.0076927316931752225, 0.5143373291217349, 0.5418733760559266, 0.02703387595515603, 0.0, 0.0, 0.6109025942169996, 0.0, 0.006994456889224464, 
0.24886992970230865, 0.643272116060572, 0.6635743028056366, 0.618937032363627, 0.6166327751567741, 0.0061667842934701855, 0.5438169659333577, 0.34125372879190424, 0.0, 0.0, 0.010155292609034815, 0.02663595282062795, 0.013951353599300461, 0.4286299495427229, 0.029550268464753362, 0.0027230221905563223, 0.0, 0.10725669404175096, 0.9625582487199327, 0.005769548769881417, 0.3857529968413012, 0.41239665232825296, 0.02027540696636702, 0.0, 0.0, 0.6073968022972329, 0.0, 0.0052458426669183475, 
0.16591328646820577, 0.5763408867109494, 0.5927431230238902, 0.5732289611963881, 0.5702328984366856, 0.004111189528980124, 0.36254464395557173, 0.22750248586126953, 0.0, 0.0, 0.010024735105124766, 0.024720575001524595, 0.009300902399533642, 0.2857532996951486, 0.01970017897650224, 0.0018153481270375485, 0.0, 0.1148656493960731, 0.9438373730798991, 0.0038463658465876117, 0.2571686645608675, 0.28291992860057935, 0.013516937977578011, 0.0, 0.0, 0.6038910103774662, 0.0, 0.0034972284446122322, 
0.0829566432341029, 0.5094096573613267, 0.5219119432421437, 0.5275208900291491, 0.523833021716597, 0.0020555947644900624, 0.18127232197778587, 0.11375124293063477, 0.0, 0.0, 0.00989417760121472, 0.022805197182421244, 0.004650451199766821, 0.1428766498475743, 0.00985008948825112, 0.0009076740635187742, 0.0, 0.12247460475039526, 0.9251164974398655, 0.0019231829232938058, 0.12858433228043376, 0.15344320487290575, 0.006758468988789006, 0.0, 0.0, 0.6003852184576995, 0.0, 0.0017486142223061161, 
0.0, 0.44247842801170395, 0.45108076346039744, 0.48181281886191024, 0.4774331449965085, 0.0, 0.0, 0.0, 0.0, 0.0, 0.00976362009730467, 0.020889819363317894, 0.0, 0.0, 0.0, 0.0, 0.0, 0.13008356010471742, 0.9063956217998318, 0.0, 0.0, 0.023966481145232112, 0.0, 0.0, 0.0, 0.5968794265379329, 0.0, 0.0, 
0.001820643473696544, 0.4387348362881864, 0.44930905475674454, 0.47359788797049795, 0.47117355616646955, 0.0, 0.0, 0.0, 0.0, 0.0, 0.0107257333846213, 0.021842640538303867, 0.0, 0.0, 0.0, 0.0, 0.0, 0.30406684808377393, 0.8764699378981502, 0.0, 0.0, 0.11813229163167338, 0.0, 0.0, 0.0, 0.4850137637095175, 0.0, 0.0, 
0.003641286947393088, 0.43499124456466876, 0.44753734605309164, 0.46538295707908567, 0.4649139673364306, 0.0, 0.0, 0.0, 0.0, 0.0, 0.011687846671937927, 0.02279546171328984, 0.0, 0.0, 0.0, 0.0, 0.0, 0.4780501360628304, 0.8465442539964686, 0.0, 0.0, 0.21229810211811465, 0.0, 0.0, 0.0, 0.37314810088110206, 0.0, 0.0, 
0.005461930421089632, 0.4312476528411512, 0.4457656373494388, 0.45716802618767344, 0.45865437850639157, 0.0, 0.0, 0.0, 0.0, 0.0, 0.012649959959254557, 0.02374828288827581, 0.0, 0.0, 0.0, 0.0, 0.0, 0.652033424041887, 0.816618570094787, 0.0, 0.0, 0.3064639126045559, 0.0, 0.0, 0.0, 0.2612824380526867, 0.0, 0.0, 
0.007282573894786176, 0.42750406111763356, 0.4439939286457859, 0.44895309529626115, 0.4523947896763526, 0.0, 0.0, 0.0, 0.0, 0.0, 0.013612073246571186, 0.024701104063261783, 0.0, 0.0, 0.0, 0.0, 0.0, 0.8260167120209435, 0.7866928861931054, 0.0, 0.0, 0.40062972309099715, 0.0, 0.0, 0.0, 0.14941677522427127, 0.0, 0.0, 
0.00910321736848272, 0.423760469394116, 0.442222219942133, 0.44073816440484886, 0.44613520084631364, 0.0, 0.0, 0.0, 0.0, 0.0, 0.014574186533887814, 0.025653925238247756, 0.0, 0.0, 0.0, 0.0, 0.0, 1.0, 0.7567672022914238, 0.0, 0.0, 0.4947955335774384, 0.0, 0.0, 0.0, 0.03755111239585589, 0.0, 0.0, 
0.012258386680535065, 0.44510009373834136, 0.4624406251630972, 0.4774794937122856, 0.4814823020125811, 0.0, 0.0, 0.0, 0.0, 0.0, 0.015629448961572732, 0.030887799098934056, 0.0, 0.008399501283661405, 0.0, 0.0, 0.0, 0.9898156822408932, 0.8054137618331391, 0.0, 0.0, 0.5292975936804036, 0.0, 0.0, 0.0, 0.13023069086730865, 0.0, 0.0008656931887959036, 
0.015413555992587412, 0.46643971808256673, 0.4826590303840614, 0.5142208230197224, 0.5168294031788485, 0.0, 0.0, 0.0, 0.0, 0.0, 0.016684711389257652, 0.03612167295962035, 0.0, 0.01679900256732281, 0.0, 0.0, 0.0, 0.9796313644817863, 0.8540603213748543, 0.0, 0.0, 0.5637996537833689, 0.0, 0.0, 0.0, 0.22291026933876146, 0.0, 0.0017313863775918071, 
0.01856872530463976, 0.4877793424267921, 0.5028774356050255, 0.5509621523271591, 0.5521765043451159, 0.0, 0.0, 0.0, 0.0, 0.0, 0.01773997381694257, 0.04135554682030665, 0.0, 0.025198503850984218, 0.0, 0.0, 0.0, 0.9694470467226796, 0.9027068809165695, 0.0, 0.0, 0.5983017138863342, 0.0, 0.0, 0.0, 0.3155898478102142, 0.0, 0.0025970795663877106, 
0.021723894616692104, 0.5091189667710174, 0.5230958408259897, 0.5877034816345958, 0.5875236055113833, 0.0, 0.0, 0.0, 0.0, 0.0, 0.018795236244627485, 0.04658942068099295, 0.0, 0.03359800513464562, 0.0, 0.0, 0.0, 0.9592627289635727, 0.9513534404582847, 0.0, 0.0, 0.6328037739892994, 0.0, 0.0, 0.0, 0.408269426281667, 0.0, 0.0034627727551836142, 
0.02487906392874445, 0.5304585911152429, 0.5433142460469539, 0.6244448109420326, 0.6228707066776508, 0.0, 0.0, 0.0, 0.0, 0.0, 0.019850498672312405, 0.05182329454167925, 0.0, 0.041997506418307025, 0.0, 0.0, 0.0, 0.9490784112044659, 1.0, 0.0, 0.0, 0.6673058340922647, 0.0, 0.0, 0.0, 0.5009490047531198, 0.0, 0.004328465943979518, 
0.030415939212846285, 0.5248218928920795, 0.5427539088194487, 0.6085265307233334, 0.6074668802864188, 0.0, 0.0, 0.0, 0.0, 0.0, 0.020880101917613, 0.047057827405900345, 0.0, 0.0345732456009451, 0.0, 0.0, 0.0, 0.9592627289635727, 0.9776935439006144, 0.0, 0.0, 0.6567528045940119, 0.0, 0.0, 0.0, 0.5015240239699527, 0.0, 0.0034627727551836142, 
0.03595281449694812, 0.519185194668916, 0.5421935715919437, 0.5926082505046342, 0.5920630538951869, 0.0, 0.0, 0.0, 0.0, 0.0, 0.021909705162913594, 0.04229236027012143, 0.0, 0.027148984783583185, 0.0, 0.0, 0.0, 0.9694470467226795, 0.9553870878012287, 0.0, 0.0, 0.646199775095759, 0.0, 0.0, 0.0, 0.5020990431867856, 0.0, 0.0025970795663877106, 
0.041489689781049964, 0.5135484964457526, 0.5416332343644386, 0.576689970285935, 0.5766592275039548, 0.0, 0.0, 0.0, 0.0, 0.0, 0.02293930840821419, 0.03752689313434253, 0.0, 0.019724723966221262, 0.0, 0.0, 0.0, 0.9796313644817863, 0.933080631701843, 0.0, 0.0, 0.635646745597506, 0.0, 0.0, 0.0, 0.5026740624036186, 0.0, 0.0017313863775918073, 
0.0470265650651518, 0.5079117982225891, 0.5410728971369335, 0.5607716900672358, 0.5612554011127229, 0.0, 0.0, 0.0, 0.0, 0.0, 0.023968911653514786, 0.03276142599856362, 0.0, 0.012300463148859343, 0.0, 0.0, 0.0, 0.9898156822408931, 0.9107741756024573, 0.0, 0.0, 0.6250937160992531, 0.0, 0.0, 0.0, 0.5032490816204515, 0.0, 0.0008656931887959037, 
0.052563440349253636, 0.5022750999994258, 0.5405125599094284, 0.5448534098485366, 0.5458515747214909, 0.0, 0.0, 0.0, 0.0, 0.0, 0.02499851489881538, 0.027995958862784713, 0.0, 0.004876202331497423, 0.0, 0.0, 0.0, 0.9999999999999999, 0.8884677195030717, 0.0, 0.0, 0.6145406866010003, 0.0, 0.0, 0.0, 0.5038241008372843, 0.0, 0.0, 
0.04205075227940291, 0.4089938854726706, 0.5107615709725774, 0.4433153138179414, 0.4433419797972174, 0.0, 0.0, 0.0, 0.0, 0.0, 0.025589182163726777, 0.02239676709022777, 0.0, 0.003900961865197938, 0.0, 0.0, 0.0, 0.9999999999999999, 0.7237362000010665, 0.0, 0.0, 0.4963311302397627, 0.0, 0.0, 0.0, 0.41464494612192626, 0.0, 0.0, 
0.031538064209552186, 0.3157126709459155, 0.48101058203572633, 0.34177721778734627, 0.34083238487294387, 0.0, 0.0, 0.0, 0.0, 0.0, 0.02617984942863817, 0.01679757531767083, 0.0, 0.002925721398898454, 0.0, 0.0, 0.0, 0.9999999999999999, 0.5590046804990615, 0.0, 0.0, 0.37812157387852524, 0.0, 0.0, 0.0, 0.32546579140656823, 0.0, 0.0, 
0.021025376139701457, 0.2224314564191604, 0.4512595930988753, 0.2402391217567511, 0.2383227899486704, 0.0, 0.0, 0.0, 0.0, 0.0, 0.02677051669354957, 0.011198383545113884, 0.0, 0.0019504809325989695, 0.0, 0.0, 0.0, 1.0, 0.3942731609970564, 0.0, 0.0, 0.25991201751728776, 0.0, 0.0, 0.0, 0.2362866366912102, 0.0, 0.0, 
0.010512688069850729, 0.12915024189240526, 0.42150860416202424, 0.13870102572615595, 0.13581319502439687, 0.0, 0.0, 0.0, 0.0, 0.0, 0.027361183958460964, 0.005599191772556942, 0.0, 0.0009752404662994847, 0.0, 0.0, 0.0, 1.0, 0.2295416414950513, 0.0, 0.0, 0.14170246115605023, 0.0, 0.0, 0.0, 0.1471074819758521, 0.0, 0.0, 
0.0, 0.035869027365650105, 0.3917576152251732, 0.037162929695560766, 0.0333036001001233, 0.0, 0.0, 0.0, 0.0, 0.0, 0.027951851223372362, 0.0, 0.0, 0.0, 0.0, 0.0, 0.0, 1.0, 0.06481012199304613, 0.0, 0.0, 0.023492904794812718, 0.0, 0.0, 0.0, 0.05792832726049399, 0.0, 0.0, 
0.006606187821740774, 0.12919717496639932, 0.4162176374378178, 0.14271570045343096, 0.1374713651791785, 0.0, 0.0, 0.0, 0.0, 0.0, 0.027663280245336576, 0.003034455000121596, 0.0, 0.0, 0.0008980975015729628, 0.0, 0.0, 1.0, 0.07069523578024509, 0.0, 0.0, 0.17363328134882772, 0.0, 0.0, 0.0, 0.19212819991586116, 0.0, 0.0, 
0.013212375643481548, 0.22252532256714852, 0.4406776596504624, 0.24826847121130116, 0.2416391302582337, 0.0, 0.0, 0.0, 0.0, 0.0, 0.02737470926730079, 0.006068910000243192, 0.0, 0.0, 0.0017961950031459256, 0.0, 0.0, 1.0, 0.07658034956744403, 0.0, 0.0, 0.3237736579028427, 0.0, 0.0, 0.0, 0.3263280725712283, 0.0, 0.0, 
0.019818563465222323, 0.3158534701678978, 0.465137681863107, 0.3538212419691714, 0.34580689533728887, 0.0, 0.0, 0.0, 0.0, 0.0, 0.027086138289265003, 0.009103365000364788, 0.0, 0.0, 0.0026942925047188883, 0.0, 0.0, 1.0, 0.08246546335464298, 0.0, 0.0, 0.47391403445685765, 0.0, 0.0, 0.0, 0.46052794522659557, 0.0, 0.0, 
0.026424751286963095, 0.409181617768647, 0.4895977040757516, 0.4593740127270416, 0.44997466041634404, 0.0, 0.0, 0.0, 0.0, 0.0, 0.026797567311229217, 0.012137820000486384, 0.0, 0.0, 0.003592390006291851, 0.0, 0.0, 1.0, 0.08835057714184194, 0.0, 0.0, 0.6240544110108727, 0.0, 0.0, 0.0, 0.5947278178819627, 0.0, 0.0, 
0.03303093910870387, 0.5025097653693962, 0.5140577262883962, 0.5649267834849118, 0.5541424254953993, 0.0, 0.0, 0.0, 0.0, 0.0, 0.02650899633319343, 0.01517227500060798, 0.0, 0.0, 0.004490487507864814, 0.0, 0.0, 1.0, 0.09423569092904088, 0.0, 0.0, 0.7741947875648877, 0.0, 0.0, 0.0, 0.7289276905373299, 0.0, 0.0, 
0.12016268628303903, 0.4881200541557489, 0.507432713688797, 0.5463356879169141, 0.5349360957993681, 0.00497416655370282, 0.0, 0.0, 0.0, 0.0, 0.02634945039069192, 0.01577454989052317, 0.0, 0.0, 0.003592390006291851, 0.006386045413307834, 0.01126942512627523, 1.0, 0.08466292833535867, 0.0, 0.08243882590901104, 0.6307628195349577, 0.0, 0.0, 0.0, 0.5958465220823446, 0.08396273072812797, 0.1023947045245284, 
0.20729443345737417, 0.47373034294210165, 0.5008077010891979, 0.5277445923489164, 0.5157297661033369, 0.00994833310740564, 0.0, 0.0, 0.0, 0.0, 0.02618990444819041, 0.01637682478043836, 0.0, 0.0, 0.0026942925047188883, 0.012772090826615668, 0.02253885025255046, 1.0, 0.07509016574167646, 0.0, 0.16487765181802208, 0.48733085150502775, 0.0, 0.0, 0.0, 0.46276535362735916, 0.16792546145625595, 0.2047894090490568, 
0.29442618063170933, 0.45934063172845435, 0.49418268848959873, 0.5091534967809186, 0.4965234364073057, 0.01492249966110846, 0.0, 0.0, 0.0, 0.0, 0.026030358505688897, 0.01697909967035355, 0.0, 0.0, 0.0017961950031459258, 0.019158136239923504, 0.03380827537882569, 1.0, 0.06551740314799426, 0.0, 0.24731647772703313, 0.3438988834750978, 0.0, 0.0, 0.0, 0.3296841851723738, 0.2518881921843839, 0.3071841135735852, 
0.3815579278060445, 0.4449509205148071, 0.48755767588999954, 0.49056240121292094, 0.47731710671127453, 0.01989666621481128, 0.0, 0.0, 0.0, 0.0, 0.025870812563187386, 0.017581374560268745, 0.0, 0.0, 0.0008980975015729629, 0.025544181653231336, 0.04507770050510092, 1.0, 0.055944640554312045, 0.0, 0.32975530363604416, 0.20046691544516781, 0.0, 0.0, 0.0, 0.19660301671738845, 0.3358509229125119, 0.4095788180981136, 
0.4686896749803796, 0.4305612093011598, 0.4809326632904004, 0.47197130564492323, 0.45811077701524333, 0.024870832768514102, 0.0, 0.0, 0.0, 0.0, 0.025711266620685874, 0.018183649450183935, 0.0, 0.0, 0.0, 0.03193022706653917, 0.05634712563137615, 1.0, 0.04637187796062983, 0.0, 0.4121941295450552, 0.05703494741523782, 0.0, 0.0, 0.0, 0.06352184826240306, 0.4198136536406399, 0.511973522622642, 
0.4713043609529585, 0.4474821180134097, 0.49988898771406726, 0.480135866226589, 0.46456516021345307, 0.02163979303461505, 0.0, 0.0, 0.0, 0.0, 0.02540954333481229, 0.014546919560147148, 0.0, 0.0, 0.0029784370125436397, 0.025544181653231336, 0.0578504514234731, 1.0, 0.052953685963786704, 0.0, 0.32975530363604416, 0.22418005583974068, 0.0, 0.0, 0.0, 0.0724781587868527, 0.3358509229125119, 0.41448662684850734, 
0.4739190469255375, 0.4644030267256596, 0.5188453121377341, 0.4883004268082548, 0.47101954341166286, 0.018408753300716, 0.0, 0.0, 0.0, 0.0, 0.025107820048938707, 0.01091018967011036, 0.0, 0.0, 0.0059568740250872795, 0.0191581362399235, 0.059353777215570044, 1.0, 0.05953549396694358, 0.0, 0.2473164777270331, 0.3913251642642436, 0.0, 0.0, 0.0, 0.08143446931130231, 0.25188819218438396, 0.3169997310743728, 
0.4765337328981164, 0.4813239354379095, 0.5378016365614009, 0.49646498738992056, 0.4774739266098726, 0.01517771356681695, 0.0, 0.0, 0.0, 0.0, 0.02480609676306512, 0.007273459780073575, 0.0, 0.0, 0.008935311037630919, 0.012772090826615665, 0.060857103007666995, 0.9999999999999999, 0.06611730197010046, 0.0, 0.16487765181802205, 0.5584702726887465, 0.0, 0.0, 0.0, 0.09039077983575194, 0.16792546145625598, 0.21951283530023824, 
0.47914841887069537, 0.4982448441501594, 0.5567579609850678, 0.5046295479715863, 0.4839283098080824, 0.0119466738329179, 0.0, 0.0, 0.0, 0.0, 0.02450437347719154, 0.0036367298900367873, 0.0, 0.0, 0.011913748050174559, 0.006386045413307832, 0.06236042879976394, 0.9999999999999999, 0.07269910997325733, 0.0, 0.08243882590901103, 0.7256153811132493, 0.0, 0.0, 0.0, 0.09934709036020156, 0.08396273072812799, 0.12202593952610363, 
0.4817631048432743, 0.5151657528624093, 0.5757142854087346, 0.5127941085532521, 0.4903826930062921, 0.008715634099018847, 0.0, 0.0, 0.0, 0.0, 0.024202650191317954, 0.0, 0.0, 0.0, 0.0148921850627182, 0.0, 0.06386375459186089, 0.9999999999999999, 0.0792809179764142, 0.0, 0.0, 0.8927604895377521, 0.0, 0.0, 0.0, 0.1083034008846512, 0.0, 0.024539043751969053, 
0.39986736761069797, 0.5215774720426335, 0.5788937007837962, 0.5158078260116946, 0.49525022748220104, 0.0069725072792150775, 0.0, 0.0008892810378120138, 0.0, 0.0009120871621657537, 0.02216702642328035, 0.00183612743020331, 0.0, 0.0, 0.014603567539010485, 0.008014597622693086, 0.24951408308449874, 0.9999999999999999, 0.17796199650758424, 0.0, 0.0, 0.839037815822362, 0.0, 0.0, 0.0, 0.2265558867118132, 0.0, 0.022396940404263745, 
0.3179716303781216, 0.5279891912228577, 0.5820731161588578, 0.518821543470137, 0.50011776195811, 0.005229380459411308, 0.0, 0.0017785620756240277, 0.0, 0.0018241743243315074, 0.02013140265524275, 0.00367225486040662, 0.0, 0.0, 0.014314950015302771, 0.016029195245386173, 0.4351644115771366, 0.9999999999999999, 0.2766430750387543, 0.0, 0.0, 0.785315142106972, 0.0, 0.0, 0.0, 0.3448083725389752, 0.0, 0.020254837056558433, 
0.23607589314554525, 0.5344009104030819, 0.5852525315339195, 0.5218352609285795, 0.5049852964340189, 0.0034862536396075387, 0.0, 0.0026678431134360414, 0.0, 0.002736261486497261, 0.018095778887205143, 0.005508382290609929, 0.0, 0.0, 0.014026332491595059, 0.02404379286807926, 0.6208147400697744, 1.0, 0.3753241535699243, 0.0, 0.0, 0.7315924683915819, 0.0, 0.0, 0.0, 0.4630608583661372, 0.0, 0.01811273370885312, 
0.1541801559129689, 0.5408126295833061, 0.5884319469089812, 0.5248489783870218, 0.5098528309099278, 0.0017431268198037694, 0.0, 0.0035571241512480554, 0.0, 0.003648348648663015, 0.016060155119167543, 0.00734450972081324, 0.0, 0.0, 0.013737714967887345, 0.032058390490772345, 0.8064650685624123, 1.0, 0.47400523210109435, 0.0, 0.0, 0.6778697946761918, 0.0, 0.0, 0.0, 0.5813133441932993, 0.0, 0.015970630361147813, 
0.0722844186803926, 0.5472243487635303, 0.5916113622840428, 0.5278626958454643, 0.5147203653858368, 0.0, 0.0, 0.004446405189060069, 0.0, 0.0045604358108287685, 0.01402453135112994, 0.00918063715101655, 0.0, 0.0, 0.01344909744417963, 0.040072988113465435, 0.9921153970550501, 1.0, 0.5726863106322644, 0.0, 0.0, 0.6241471209608017, 0.0, 0.0, 0.0, 0.6995658300204612, 0.0, 0.013828527013442502, 
0.17734515862505823, 0.5435892846773083, 0.5886211258398365, 0.5269257429545889, 0.5151116185669561, 0.0, 0.0, 0.0035571241512480554, 0.0, 0.003648348648663015, 0.01121962508090395, 0.00734450972081324, 0.0, 0.0, 0.011650568779604839, 0.032058390490772345, 0.9936923176440401, 0.9634735693983836, 0.4581490485058115, 0.0, 0.0, 0.6051543765925839, 0.0, 0.0, 0.0, 0.5689588046574934, 0.0, 0.011062821610754002, 
0.2824058985697238, 0.5399542205910862, 0.5856308893956302, 0.5259887900637137, 0.5155028717480754, 0.0, 0.0, 0.0026678431134360414, 0.0, 0.002736261486497261, 0.008414718810677964, 0.00550838229060993, 0.0, 0.0, 0.009852040115030047, 0.024043792868079263, 0.99526923823303, 0.9269471387967672, 0.34361178637935863, 0.0, 0.0, 0.5861616322243659, 0.0, 0.0, 0.0, 0.4383517792945255, 0.0, 0.008297116208065503, 
0.38746663851438945, 0.5363191565048643, 0.5826406529514239, 0.5250518371728383, 0.5158941249291947, 0.0, 0.0, 0.001778562075624028, 0.0, 0.0018241743243315074, 0.005609812540451975, 0.0036722548604066207, 0.0, 0.0, 0.008053511450455256, 0.016029195245386176, 0.9968461588220201, 0.8904207081951507, 0.22907452425290575, 0.0, 0.0, 0.567168887856148, 0.0, 0.0, 0.0, 0.30774475393155765, 0.0, 0.005531410805377002, 
0.49252737845905503, 0.5326840924186422, 0.5796504165072176, 0.5241148842819631, 0.516285378110314, 0.0, 0.0, 0.000889281037812014, 0.0, 0.0009120871621657537, 0.0028049062702259885, 0.0018361274302033104, 0.0, 0.0, 0.006254982785880464, 0.00801459762269309, 0.99842307941101, 0.8538942775935344, 0.11453726212645288, 0.0, 0.0, 0.5481761434879301, 0.0, 0.0, 0.0, 0.17713772856858978, 0.0, 0.002765705402688501, 
0.5975881184037206, 0.5290490283324202, 0.5766601800630113, 0.5231779313910877, 0.5166766312914334, 0.0, 0.0, 0.0, 0.0, 0.0, 0.0, 0.0, 0.0, 0.0, 0.004456454121305672, 0.0, 1.0, 0.817367846991918, 0.0, 0.0, 0.0, 0.5291833991197122, 0.0, 0.0, 0.0, 0.0465307032056219, 0.0, 0.0, 
0.585878266930163, 0.5173208921385188, 0.558952609743743, 0.5103346365639374, 0.5013503724548023, 0.0, 0.0, 0.0, 0.0, 0.0, 0.0, 0.0, 0.0, 0.0, 0.003565163297044538, 0.0, 1.0, 0.7972673483512565, 0.0, 0.0, 0.0, 0.42516075245482204, 0.0, 0.0, 0.0, 0.04812233871215234, 0.0, 0.000866272475782991, 
0.5741684154566055, 0.5055927559446176, 0.5412450394244745, 0.4974913417367872, 0.4860241136181711, 0.0, 0.0, 0.0, 0.0, 0.0, 0.0, 0.0, 0.0, 0.0, 0.0026738724727834035, 0.0, 1.0, 0.7771668497105949, 0.0, 0.0, 0.0, 0.32113810578993185, 0.0, 0.0, 0.0, 0.049713974218682774, 0.0, 0.001732544951565982, 
0.5624585639830478, 0.49386461975071627, 0.523537469105206, 0.4846480469096369, 0.47069785478153997, 0.0, 0.0, 0.0, 0.0, 0.0, 0.0, 0.0, 0.0, 0.0, 0.001782581648522269, 0.0, 1.0, 0.7570663510699335, 0.0, 0.0, 0.0, 0.2171154591250416, 0.0, 0.0, 0.0, 0.05130560972521321, 0.0, 0.002598817427348973, 
0.5507487125094903, 0.482136483556815, 0.5058298987859376, 0.4718047520824867, 0.45537159594490884, 0.0, 0.0, 0.0, 0.0, 0.0, 0.0, 0.0, 0.0, 0.0, 0.0008912908242611345, 0.0, 1.0, 0.7369658524292719, 0.0, 0.0, 0.0, 0.1130928124601514, 0.0, 0.0, 0.0, 0.05289724523174364, 0.0, 0.003465089903131964, 
0.5390388610359327, 0.4704083473629137, 0.48812232846666925, 0.45896145725533644, 0.4400453371082777, 0.0, 0.0, 0.0, 0.0, 0.0, 0.0, 0.0, 0.0, 0.0, 0.0, 0.0, 1.0, 0.7168653537886104, 0.0, 0.0, 0.0, 0.009070165795261192, 0.0, 0.0, 0.0, 0.05448888073827408, 0.0, 0.004331362378914955, 
0.5167613217647491, 0.4788259258823751, 0.4995327380612653, 0.4679012649460119, 0.4517505816269435, 0.0, 0.0, 0.0, 0.0, 0.0, 0.0, 0.0, 0.0, 0.0, 0.0, 0.0, 1.0, 0.7035221947032, 0.0, 0.0, 0.0, 0.010653734795872687, 0.007941967273985544, 0.0, 0.0, 0.045390320045085336, 0.0, 0.003465089903131964, 
0.4944837824935655, 0.4872435044018365, 0.5109431476558614, 0.4768410726366874, 0.46345582614560926, 0.0, 0.0, 0.0, 0.0, 0.0, 0.0, 0.0, 0.0, 0.0, 0.0, 0.0, 1.0, 0.6901790356177896, 0.0, 0.0, 0.0, 0.012237303796484182, 0.015883934547971088, 0.0, 0.0, 0.0362917593518966, 0.0, 0.002598817427348973, 
0.4722062432223819, 0.49566108292129796, 0.5223535572504575, 0.4857808803273629, 0.47516107066427504, 0.0, 0.0, 0.0, 0.0, 0.0, 0.0, 0.0, 0.0, 0.0, 0.0, 0.0, 1.0, 0.6768358765323793, 0.0, 0.0, 0.0, 0.013820872797095676, 0.02382590182195663, 0.0, 0.0, 0.02719319865870786, 0.0, 0.0017325449515659822, 
0.4499287039511984, 0.5040786614407593, 0.5337639668450536, 0.49472068801803837, 0.48686631518294077, 0.0, 0.0, 0.0, 0.0, 0.0, 0.0, 0.0, 0.0, 0.0, 0.0, 0.0, 1.0, 0.6634927174469689, 0.0, 0.0, 0.0, 0.01540444179770717, 0.031767869095942175, 0.0, 0.0, 0.01809463796551912, 0.0, 0.0008662724757829911, 
0.4276511646800148, 0.5124962399602208, 0.5451743764396496, 0.5036604957087139, 0.49857155970160655, 0.0, 0.0, 0.0, 0.0, 0.0, 0.0, 0.0, 0.0, 0.0, 0.0, 0.0, 1.0, 0.6501495583615585, 0.0, 0.0, 0.0, 0.016988010798318666, 0.03970983636992772, 0.0, 0.0, 0.008996077272330379, 0.0, 0.0, 
0.4652400404996413, 0.5392598887372486, 0.5805395952004581, 0.5177075877740602, 0.5141727293623166, 0.0, 0.0, 0.0, 0.0, 0.0008801061342753252, 0.0028282084747836863, 0.0, 0.0, 0.0055046950606910715, 0.007397317637295589, 0.005331531318544266, 1.0, 0.6894820565276079, 0.0, 0.0, 0.0017796943923009648, 0.11853659966185312, 0.031767869095942175, 0.0, 0.0, 0.00808820121691037, 0.0, 0.09062638188523384, 
0.5028289163192677, 0.5660235375142765, 0.6159048139612665, 0.5317546798394067, 0.5297738990230267, 0.0, 0.0, 0.0, 0.0, 0.0017602122685506504, 0.005656416949567373, 0.0, 0.0, 0.011009390121382143, 0.014794635274591178, 0.010663062637088532, 1.0, 0.7288145546936572, 0.0, 0.0, 0.0035593887846019296, 0.22008518852538758, 0.02382590182195663, 0.0, 0.0, 0.007180325161490359, 0.0, 0.18125276377046767, 
0.5404177921388942, 0.5927871862913043, 0.6512700327220748, 0.5458017719047531, 0.5453750686837369, 0.0, 0.0, 0.0, 0.0, 0.0026403184028259757, 0.008484625424351059, 0.0, 0.0, 0.016514085182073215, 0.02219195291188677, 0.015994593955632797, 1.0, 0.7681470528597065, 0.0, 0.0, 0.005339083176902895, 0.32163377738892207, 0.015883934547971088, 0.0, 0.0, 0.00627244910607035, 0.0, 0.2718791456557015, 
0.5780066679585207, 0.6195508350683321, 0.6866352514828833, 0.5598488639700996, 0.5609762383444469, 0.0, 0.0, 0.0, 0.0, 0.003520424537101301, 0.011312833899134745, 0.0, 0.0, 0.022018780242764286, 0.029589270549182357, 0.021326125274177064, 1.0, 0.807479551025756, 0.0, 0.0, 0.007118777569203859, 0.42318236625245653, 0.007941967273985544, 0.0, 0.0, 0.00536457305065034, 0.0, 0.36250552754093535, 
0.6155955437781472, 0.6463144838453599, 0.7220004702436917, 0.573895956035446, 0.576577408005157, 0.0, 0.0, 0.0, 0.0, 0.004400530671376626, 0.014141042373918432, 0.0, 0.0, 0.027523475303455357, 0.036986588186477945, 0.026657656592721332, 1.0, 0.8468120491918053, 0.0, 0.0, 0.008898471961504823, 0.524730955115991, 0.0, 0.0, 0.0, 0.00445669699523033, 0.0, 0.45313190942616915, 
0.6204206962044313, 0.6461952741178351, 0.7198122134456347, 0.5811524759112008, 0.5714178996784843, 0.0, 0.0, 0.0, 0.0, 0.003520424537101301, 0.011312833899134745, 0.0, 0.0, 0.022018780242764286, 0.029589270549182357, 0.024319303985276198, 1.0, 0.7877152716910809, 0.0, 0.0, 0.007118777569203859, 0.4197847640927928, 0.0, 0.0, 0.0, 0.003565357596184264, 0.0, 0.36516111549992636, 
0.6252458486307153, 0.6460760643903101, 0.7176239566475777, 0.5884089957869556, 0.5662583913518117, 0.0, 0.0, 0.0, 0.0, 0.0026403184028259757, 0.00848462542435106, 0.0, 0.0, 0.016514085182073215, 0.02219195291188677, 0.021980951377831064, 1.0, 0.7286184941903565, 0.0, 0.0, 0.005339083176902894, 0.3148385730695946, 0.0, 0.0, 0.0, 0.002674018197138198, 0.0, 0.2771903215736835, 
0.6300710010569994, 0.6459568546627852, 0.7154356998495207, 0.5956655156627105, 0.561098883025139, 0.0, 0.0, 0.0, 0.0, 0.0017602122685506502, 0.0056564169495673736, 0.0, 0.0, 0.011009390121382141, 0.014794635274591177, 0.019642598770385933, 1.0, 0.6695217166896321, 0.0, 0.0, 0.0035593887846019287, 0.20989238204639638, 0.0, 0.0, 0.0, 0.0017826787980921317, 0.0, 0.1892195276474407, 
0.6348961534832834, 0.6458376449352602, 0.7132474430514637, 0.6029220355384654, 0.5559393746984663, 0.0, 0.0, 0.0, 0.0, 0.0008801061342753251, 0.0028282084747836868, 0.0, 0.0, 0.005504695060691071, 0.007397317637295588, 0.0173042461629408, 1.0, 0.6104249391889078, 0.0, 0.0, 0.0017796943923009644, 0.10494619102319819, 0.0, 0.0, 0.0, 0.0008913393990460658, 0.0, 0.10124873372119786, 
0.6397213059095676, 0.6457184352077353, 0.7110591862534067, 0.6101785554142202, 0.5507798663717937, 0.0, 0.0, 0.0, 0.0, 0.0, 0.0, 0.0, 0.0, 0.0, 0.0, 0.014965893555495664, 1.0, 0.5513281616881834, 0.0, 0.0, 0.0, 0.0, 0.0, 0.0, 0.0, 0.0, 0.0, 0.013277939794954998, 
0.6871690393350928, 0.6436928885209445, 0.7103185079575061, 0.607231270750139, 0.5487760955318226, 0.0, 0.0, 0.0, 0.0, 0.0, 0.000883784386158222, 0.0026448186172514476, 0.0, 0.0, 0.0, 0.01719369671975335, 1.0, 0.4419902064846185, 0.0, 0.0, 0.0, 0.0, 0.0, 0.0, 0.0, 0.0, 0.0, 0.11627985510123388, 
0.7346167727606181, 0.6416673418341537, 0.7095778296616053, 0.6042839860860579, 0.5467723246918516, 0.0, 0.0, 0.0, 0.0, 0.0, 0.001767568772316444, 0.005289637234502895, 0.0, 0.0, 0.0, 0.019421499884011036, 1.0, 0.33265225128105363, 0.0, 0.0, 0.0, 0.0, 0.0, 0.0, 0.0, 0.0, 0.0, 0.2192817704075128, 
0.7820645061861433, 0.6396417951473629, 0.7088371513657047, 0.6013367014219767, 0.5447685538518806, 0.0, 0.0, 0.0, 0.0, 0.0, 0.002651353158474666, 0.007934455851754342, 0.0, 0.0, 0.0, 0.02164930304826872, 1.0, 0.22331429607748876, 0.0, 0.0, 0.0, 0.0, 0.0, 0.0, 0.0, 0.0, 0.0, 0.3222836857137917, 
0.8295122396116685, 0.6376162484605721, 0.7080964730698039, 0.5983894167578956, 0.5427647830119096, 0.0, 0.0, 0.0, 0.0, 0.0, 0.003535137544632888, 0.01057927446900579, 0.0, 0.0, 0.0, 0.02387710621252641, 1.0, 0.11397634087392383, 0.0, 0.0, 0.0, 0.0, 0.0, 0.0, 0.0, 0.0, 0.0, 0.42528560102007057, 
0.8769599730371939, 0.6355907017737813, 0.7073557947739033, 0.5954421320938145, 0.5407610121719385, 0.0, 0.0, 0.0, 0.0, 0.0, 0.00441892193079111, 0.013224093086257238, 0.0, 0.0, 0.0, 0.026104909376784093, 1.0, 0.004638385670358951, 0.0, 0.0, 0.0, 0.0, 0.0, 0.0, 0.0, 0.0, 0.0, 0.5282875163263494, 
0.8492636492893186, 0.64206526302565, 0.7164948254500018, 0.6026235113091899, 0.5514154438521017, 0.0, 0.0, 0.0, 0.0, 0.0, 0.013550228735517625, 0.020311985370361076, 0.0, 0.07696043321396637, 0.0, 0.024809148608801804, 1.0, 0.006553189125325052, 0.0, 0.0, 0.006578948101308842, 0.0, 0.005867582304785917, 0.0, 0.0, 0.0, 0.0, 0.5441334204183669, 
0.8215673255414434, 0.6485398242775189, 0.7256338561261002, 0.6098048905245653, 0.562069875532265, 0.0, 0.0, 0.0, 0.0, 0.0, 0.02268153554024414, 0.027399877654464916, 0.0, 0.15392086642793273, 0.0, 0.023513387840819515, 1.0, 0.008467992580291153, 0.0, 0.0, 0.013157896202617684, 0.0, 0.011735164609571833, 0.0, 0.0, 0.0, 0.0, 0.5599793245103842, 
0.7938710017935682, 0.6550143855293876, 0.7347728868021988, 0.6169862697399409, 0.5727243072124282, 0.0, 0.0, 0.0, 0.0, 0.0, 0.03181284234497066, 0.03448776993856875, 0.0, 0.2308812996418991, 0.0, 0.022217627072837226, 0.9999999999999999, 0.010382796035257253, 0.0, 0.0, 0.019736844303926526, 0.0, 0.01760274691435775, 0.0, 0.0, 0.0, 0.0, 0.5758252286024017, 
0.766174678045693, 0.6614889467812565, 0.7439119174782972, 0.6241676489553163, 0.5833787388925914, 0.0, 0.0, 0.0, 0.0, 0.0, 0.04094414914969717, 0.04157566222267259, 0.0, 0.30784173285586547, 0.0, 0.020921866304854934, 0.9999999999999999, 0.012297599490223354, 0.0, 0.0, 0.026315792405235367, 0.0, 0.023470329219143667, 0.0, 0.0, 0.0, 0.0, 0.5916711326944191, 
0.7384783542978177, 0.6679635080331252, 0.7530509481543957, 0.6313490281706917, 0.5940331705727546, 0.0, 0.0, 0.0, 0.0, 0.0, 0.050075455954423684, 0.048663554506776424, 0.0, 0.38480216606983186, 0.0, 0.019626105536872645, 0.9999999999999999, 0.014212402945189455, 0.0, 0.0, 0.03289474050654421, 0.0, 0.029337911523929585, 0.0, 0.0, 0.0, 0.0, 0.6075170367864365, 
0.7307746288272639, 0.7030447534113208, 0.7722134358870424, 0.6668140812409195, 0.6055166989286968, 0.0, 0.0, 0.0, 0.010011380516356022, 0.0, 0.06523263246155739, 0.21445998073941316, 0.0, 0.30784173285586547, 0.0, 0.01948390276473157, 0.9999999999999999, 0.011369922356151564, 0.08905287047912859, 0.0, 0.10917560303891935, 0.0, 0.14412418920442038, 0.0, 0.0, 0.006178853246865789, 0.0, 0.5746468181086661, 
0.72307090335671, 0.7381259987895163, 0.7913759236196891, 0.7022791343111473, 0.6170002272846389, 0.0, 0.0, 0.0, 0.020022761032712045, 0.0, 0.08038980896869108, 0.3802564069720499, 0.0, 0.23088129964189913, 0.0, 0.0193416999925905, 0.9999999999999999, 0.008527441767113673, 0.17810574095825718, 0.0, 0.18545646557129447, 0.0, 0.25891046688491115, 0.0, 0.0, 0.012357706493731578, 0.0, 0.5417765994308958, 
0.7153671778861562, 0.773207244167712, 0.810538411352336, 0.737744187381375, 0.6284837556405811, 0.0, 0.0, 0.0, 0.03003414154906807, 0.0, 0.09554698547582478, 0.5460528332046867, 0.0, 0.15392086642793276, 0.0, 0.019199497220449425, 0.9999999999999999, 0.005684961178075782, 0.2671586114373858, 0.0, 0.2617373281036696, 0.0, 0.373696744565402, 0.0, 0.0, 0.018536559740597366, 0.0, 0.5089063807531254, 
0.7076634524156024, 0.8082884895459076, 0.8297008990849827, 0.7732092404516029, 0.6399672839965233, 0.0, 0.0, 0.0, 0.04004552206542409, 0.0, 0.11070416198295849, 0.7118492594373234, 0.0, 0.0769604332139664, 0.0, 0.019057294448308355, 0.9999999999999999, 0.002842480589037891, 0.35621148191651436, 0.0, 0.33801819063604477, 0.0, 0.48848302224589274, 0.0, 0.0, 0.024715412987463155, 0.0, 0.47603616207535504, 
0.6999597269450485, 0.8433697349241032, 0.8488633868176294, 0.8086742935218306, 0.6514508123524654, 0.0, 0.0, 0.0, 0.05005690258178011, 0.0, 0.12586133849009218, 0.87764568566996, 0.0, 0.0, 0.0, 0.01891509167616728, 0.9999999999999999, 0.0, 0.44526435239564294, 0.0, 0.4142990531684199, 0.0, 0.6032692999263836, 0.0, 0.0, 0.030894266234328945, 0.0, 0.4431659433975847, 
0.6555033213482817, 0.6856283475118485, 0.8159506057259168, 0.7632647384638165, 0.6286833033800714, 0.0, 0.0, 0.0, 0.15820850757692845, 0.0, 0.30068907079207374, 0.7114119721614198, 0.0, 0.0, 0.0, 0.015132073340933824, 0.9114702712384731, 0.0, 0.35621148191651436, 0.0, 0.4419136152823994, 0.0, 0.4852914539281641, 0.0, 0.0, 0.024715412987463155, 0.0, 0.4538675065554266, 
0.6110469157515149, 0.5278869600995939, 0.7830378246342042, 0.7178551834058025, 0.6059157944076775, 0.0, 0.0, 0.0, 0.2663601125720768, 0.0, 0.47551680309405525, 0.5451782586528797, 0.0, 0.0, 0.0, 0.011349055005700368, 0.8229405424769463, 0.0, 0.26715861143738573, 0.0, 0.4695281773963789, 0.0, 0.36731360792994466, 0.0, 0.0, 0.01853655974059737, 0.0, 0.4645690697132685, 
0.5665905101547482, 0.3701455726873394, 0.7501250435424917, 0.6724456283477883, 0.5831482854352835, 0.0, 0.0, 0.0, 0.3745117175672251, 0.0, 0.6503445353960368, 0.3789445451443395, 0.0, 0.0, 0.0, 0.007566036670466913, 0.7344108137154195, 0.0, 0.17810574095825715, 0.0, 0.4971427395103585, 0.0, 0.24933576193172524, 0.0, 0.0, 0.01235770649373158, 0.0, 0.47527063287111043, 
0.5221341045579813, 0.21240418527508476, 0.7172122624507791, 0.6270360732897742, 0.5603807764628896, 0.0, 0.0, 0.0, 0.48266332256237343, 0.0, 0.8251722676980183, 0.2127108316357993, 0.0, 0.0, 0.0, 0.0037830183352334564, 0.6458810849538927, 0.0, 0.08905287047912858, 0.0, 0.524757301624338, 0.0, 0.13135791593350576, 0.0, 0.0, 0.00617885324686579, 0.0, 0.4859721960289523, 
0.4776776989612145, 0.05466279786283008, 0.6842994813590665, 0.5816265182317601, 0.5376132674904956, 0.0, 0.0, 0.0, 0.5908149275575217, 0.0, 0.9999999999999999, 0.04647711812725908, 0.0, 0.0, 0.0, 0.0, 0.5573513561923659, 0.0, 0.0, 0.0, 0.5523718637383175, 0.0, 0.013380069935286253, 0.0, 0.0, 0.0, 0.0, 0.49667375918679424, 
0.5028590262651286, 0.15470621007301807, 0.6765857649741156, 0.589293247284107, 0.5446992818143777, 0.0, 0.0, 0.0, 0.49045267519589997, 0.004690913779865498, 0.9999999999999999, 0.04585870609075931, 0.0, 0.0, 0.0, 0.006201988476381616, 0.5871071296462089, 0.0, 0.0, 0.0, 0.441897490990654, 0.004956904820649825, 0.1523463941065956, 0.0, 0.0, 0.0, 0.0, 0.3973390073494354, 
0.5280403535690428, 0.2547496222832061, 0.6688720485891648, 0.5969599763364538, 0.5517852961382596, 0.0, 0.0, 0.0, 0.39009042283427814, 0.009381827559730996, 0.9999999999999999, 0.045240294054259535, 0.0, 0.0, 0.0, 0.012403976952763232, 0.6168629031000521, 0.0, 0.0, 0.0, 0.3314231182429905, 0.00991380964129965, 0.2913127182779049, 0.0, 0.0, 0.0, 0.0, 0.29800425551207654, 
0.5532216808729569, 0.3547930344933941, 0.6611583322042139, 0.6046267053888007, 0.5588713104621416, 0.0, 0.0, 0.0, 0.2897281704726563, 0.014072741339596495, 1.0, 0.04462188201775977, 0.0, 0.0, 0.0, 0.018605965429144847, 0.6466186765538952, 0.0, 0.0, 0.0, 0.22094874549532695, 0.014870714461949475, 0.4302790424492142, 0.0, 0.0, 0.0, 0.0, 0.1986695036747177, 
0.5784030081768711, 0.4548364467035821, 0.6534446158192632, 0.6122934344411475, 0.5659573247860235, 0.0, 0.0, 0.0, 0.18936591811103454, 0.018763655119461993, 1.0, 0.04400346998125999, 0.0, 0.0, 0.0, 0.024807953905526463, 0.6763744500077383, 0.0, 0.0, 0.0, 0.11047437274766347, 0.0198276192825993, 0.5692453666205236, 0.0, 0.0, 0.0, 0.0, 0.09933475183735885, 
0.6035843354807852, 0.5548798589137701, 0.6457308994343123, 0.6199601634934944, 0.5730433391099055, 0.0, 0.0, 0.0, 0.08900366574941279, 0.02345456889932749, 1.0, 0.04338505794476022, 0.0, 0.0, 0.0, 0.03100994238190808, 0.7061302234615814, 0.0, 0.0, 0.0, 0.0, 0.024784524103249123, 0.7082116907918329, 0.0, 0.0, 0.0, 0.0, 0.0, 
0.570842124480544, 0.4439038871310161, 0.5165847195474498, 0.5001170759559493, 0.47025667445936936, 0.0, 0.0, 0.08120193862635548, 0.07306495548763808, 0.018763655119461993, 1.0, 0.0419078288482055, 0.0, 0.0, 0.0, 0.024807953905526463, 0.5649041787692651, 0.0, 0.0, 0.0, 0.0, 0.02830020004001292, 0.663477097705126, 0.0, 0.0, 0.0, 0.0, 0.0, 
0.538099913480303, 0.33292791534826205, 0.3874385396605874, 0.3802739884184044, 0.36747000980883326, 0.0, 0.0, 0.16240387725271097, 0.05712624522586337, 0.014072741339596493, 1.0, 0.04043059975165078, 0.0, 0.0, 0.0, 0.018605965429144847, 0.4236781340769488, 0.0, 0.0, 0.0, 0.0, 0.03181587597677672, 0.6187425046184192, 0.0, 0.0, 0.0, 0.0, 0.0, 
0.5053577024800618, 0.22195194356550807, 0.25829235977372494, 0.2604309008808594, 0.26468334515829717, 0.0, 0.0, 0.24360581587906643, 0.041187534964088654, 0.009381827559730995, 1.0, 0.03895337065509606, 0.0, 0.0, 0.0, 0.012403976952763233, 0.2824520893846325, 0.0, 0.0, 0.0, 0.0, 0.035331551913540524, 0.5740079115317123, 0.0, 0.0, 0.0, 0.0, 0.0, 
0.4726154914798207, 0.11097597178275403, 0.1291461798868625, 0.14058781334331438, 0.16189668050776107, 0.0, 0.0, 0.32480775450542193, 0.025248824702313946, 0.0046909137798654965, 1.0, 0.03747614155854134, 0.0, 0.0, 0.0, 0.006201988476381617, 0.14122604469231625, 0.0, 0.0, 0.0, 0.0, 0.03884722785030432, 0.5292733184450054, 0.0, 0.0, 0.0, 0.0, 0.0, 
0.4398732804795796, 0.0, 0.0, 0.02074472580576934, 0.05911001585722493, 0.0, 0.0, 0.4060096931317774, 0.009310114440539233, 0.0, 1.0, 0.035998912461986624, 0.0, 0.0, 0.0, 0.0, 0.0, 0.0, 0.0, 0.0, 0.0, 0.04236290378706812, 0.48453872535829856, 0.0, 0.0, 0.0, 0.0, 0.0, 
0.35189862438366365, 0.0, 0.0, 0.018475413051077475, 0.047288012685779944, 0.0, 0.0, 0.40761446352773584, 0.011086303298699047, 0.004591464082598493, 0.8273129931543783, 0.030575560145594708, 0.0, 0.0, 0.003686794461986049, 0.0, 0.0, 0.0, 0.0, 0.0, 0.0, 0.17955449026186718, 0.3934122424812153, 0.0, 0.0, 0.0, 0.0, 0.0, 
0.2639239682877478, 0.0, 0.0, 0.01620610029638561, 0.035466009514334956, 0.0, 0.0, 0.4092192339236942, 0.012862492156858859, 0.009182928165196986, 0.6546259863087568, 0.025152207829202793, 0.0, 0.0, 0.007373588923972098, 0.0, 0.0, 0.0, 0.0, 0.0, 0.0, 0.31674607673666627, 0.30228575960413206, 0.0, 0.0, 0.0, 0.0, 0.0, 
0.17594931219183185, 0.0, 0.0, 0.013936787541693745, 0.023644006342889975, 0.0, 0.0, 0.4108240043196526, 0.014638681015018673, 0.013774392247795478, 0.48193897946313524, 0.019728855512810874, 0.0, 0.0, 0.011060383385958147, 0.0, 0.0, 0.0, 0.0, 0.0, 0.0, 0.45393766321146534, 0.21115927672704887, 0.0, 0.0, 0.0, 0.0, 0.0, 
0.08797465609591593, 0.0, 0.0, 0.011667474787001881, 0.011822003171444988, 0.0, 0.0, 0.41242877471561096, 0.016414869873178486, 0.018365856330393972, 0.3092519726175136, 0.014305503196418958, 0.0, 0.0, 0.014747177847944196, 0.0, 0.0, 0.0, 0.0, 0.0, 0.0, 0.5911292496862643, 0.12003279384996562, 0.0, 0.0, 0.0, 0.0, 0.0, 
0.0, 0.0, 0.0, 0.009398162032310017, 0.0, 0.0, 0.0, 0.41403354511156937, 0.0181910587313383, 0.022957320412992466, 0.13656496577189195, 0.008882150880027041, 0.0, 0.0, 0.018433972309930245, 0.0, 0.0, 0.0, 0.0, 0.0, 0.0, 0.7283208361610635, 0.02890631097288238, 0.0, 0.0, 0.0, 0.0, 0.0, 
0.0, 0.0, 0.005483340392877804, 0.009401314335463084, 0.0018030543604567433, 0.0, 0.0, 0.3312268360892555, 0.014552846985070639, 0.022938426028593042, 0.3092519726175136, 0.007105720704021633, 0.0, 0.0, 0.014747177847944196, 0.0, 0.0, 0.0, 0.0, 0.0, 0.0, 0.5884131429718721, 0.023125048778305905, 0.0, 0.0, 0.0, 0.0, 0.004513175292135048, 
0.0, 0.0, 0.010966680785755608, 0.009404466638616151, 0.0036061087209134867, 0.0, 0.0, 0.2484201270669416, 0.01091463523880298, 0.022919531644193615, 0.48193897946313513, 0.005329290528016225, 0.0, 0.0, 0.011060383385958147, 0.0, 0.0, 0.0, 0.0, 0.0, 0.0, 0.44850544978268064, 0.017343786583729426, 0.0, 0.0, 0.0, 0.0, 0.009026350584270097, 
0.0, 0.0, 0.016450021178633412, 0.009407618941769218, 0.00540916308137023, 0.0, 0.0, 0.16561341804462773, 0.007276423492535319, 0.02290063725979419, 0.6546259863087567, 0.003552860352010816, 0.0, 0.0, 0.007373588923972097, 0.0, 0.0, 0.0, 0.0, 0.0, 0.0, 0.3085977565934892, 0.01156252438915295, 0.0, 0.0, 0.0, 0.0, 0.013539525876405145, 
0.0, 0.0, 0.021933361571511215, 0.009410771244922286, 0.007212217441826973, 0.0, 0.0, 0.08280670902231385, 0.0036382117462676593, 0.022881742875394764, 0.8273129931543783, 0.001776430176005408, 0.0, 0.0, 0.0036867944619860486, 0.0, 0.0, 0.0, 0.0, 0.0, 0.0, 0.16869006340429782, 0.005781262194576475, 0.0, 0.0, 0.0, 0.0, 0.018052701168540193, 
0.0, 0.0, 0.027416701964389018, 0.009413923548075352, 0.009015271802283717, 0.0, 0.0, 0.0, 0.0, 0.02286284849099534, 0.9999999999999999, 0.0, 0.0, 0.0, 0.0, 0.0, 0.0, 0.0, 0.0, 0.0, 0.0, 0.02878237021510646, 0.0, 0.0, 0.0, 0.0, 0.0, 0.022565876460675243, 
0.0, 0.0, 0.021933361571511215, 0.012582805154133316, 0.012613585759503214, 0.0, 0.0, 0.0, 0.0, 0.024797049524793915, 0.9999999999999999, 0.0008651863781198542, 0.0, 0.0, 0.0, 0.0, 0.0, 0.0, 0.0, 0.08398824215152804, 0.0, 0.14739825175322502, 0.0, 0.0, 0.0, 0.0, 0.0, 0.01892626871224718, 
0.0, 0.0, 0.01645002117863341, 0.01575168676019128, 0.01621189971672271, 0.0, 0.0, 0.0, 0.0, 0.02673125055859249, 0.9999999999999999, 0.0017303727562397084, 0.0, 0.0, 0.0, 0.0, 0.0, 0.0, 0.0, 0.1679764843030561, 0.0, 0.26601413329134355, 0.0, 0.0, 0.0, 0.0, 0.0, 0.015286660963819117, 
0.0, 0.0, 0.010966680785755606, 0.018920568366249245, 0.01981021367394221, 0.0, 0.0, 0.0, 0.0, 0.02866545159239107, 1.0, 0.0025955591343595624, 0.0, 0.0, 0.0, 0.0, 0.0, 0.0, 0.0, 0.2519647264545841, 0.0, 0.38463001482946213, 0.0, 0.0, 0.0, 0.0, 0.0, 0.011647053215391053, 
0.0, 0.0, 0.005483340392877803, 0.022089449972307204, 0.023408527631161708, 0.0, 0.0, 0.0, 0.0, 0.030599652626189643, 1.0, 0.003460745512479417, 0.0, 0.0, 0.0, 0.0, 0.0, 0.0, 0.0, 0.3359529686061122, 0.0, 0.5032458963675807, 0.0, 0.0, 0.0, 0.0, 0.0, 0.008007445466962991, 
0.0, 0.0, 0.0, 0.025258331578365167, 0.027006841588381205, 0.0, 0.0, 0.0, 0.0, 0.03253385365998822, 1.0, 0.004325931890599271, 0.0, 0.0, 0.0, 0.0, 0.0, 0.0, 0.0, 0.41994121075764024, 0.0, 0.6218617779056992, 0.0, 0.0, 0.0, 0.0, 0.0, 0.004367837718534928, 
0.0, 0.0, 0.011925551782426547, 0.02548008248854453, 0.02247593166083883, 0.0036412282168361656, 0.10504233113633292, 0.0, 0.0, 0.12426224560054912, 1.0, 0.004370329626693385, 0.0, 0.0, 0.004164741226824458, 0.0, 0.0, 0.0, 0.0, 0.3359529686061122, 0.0, 0.6790014719235155, 0.002079700142449447, 0.0, 0.0, 0.0, 0.0, 0.0034942701748279423, 
0.0, 0.0, 0.023851103564853093, 0.02570183339872389, 0.017945021733296457, 0.007282456433672331, 0.21008466227266584, 0.0, 0.0, 0.21599063754111003, 1.0, 0.004414727362787498, 0.0, 0.0, 0.008329482453648916, 0.0, 0.0, 0.0, 0.0, 0.2519647264545841, 0.0, 0.7361411659413317, 0.004159400284898894, 0.0, 0.0, 0.0, 0.0, 0.0026207026311209566, 
0.0, 0.0, 0.03577665534727964, 0.025923584308903257, 0.013414111805754081, 0.010923684650508497, 0.31512699340899875, 0.0, 0.0, 0.3077190294816709, 1.0, 0.0044591250988816125, 0.0, 0.0, 0.012494223680473374, 0.0, 0.0, 0.0, 0.0, 0.16797648430305612, 0.0, 0.7932808599591479, 0.006239100427348342, 0.0, 0.0, 0.0, 0.0, 0.0017471350874139714, 
0.0, 0.0, 0.04770220712970619, 0.02614533521908262, 0.008883201878211705, 0.014564912867344662, 0.4201693245453317, 0.0, 0.0, 0.39944742142223183, 1.0, 0.004503522834975726, 0.0, 0.0, 0.016658964907297832, 0.0, 0.0, 0.0, 0.0, 0.08398824215152806, 0.0, 0.8504205539769641, 0.008318800569797788, 0.0, 0.0, 0.0, 0.0, 0.0008735675437069857, 
0.0, 0.0, 0.05962775891213273, 0.02636708612926198, 0.004352291950669329, 0.018206141084180828, 0.5252116556816646, 0.0, 0.0, 0.49117581336279276, 1.0, 0.004547920571069839, 0.0, 0.0, 0.02082370613412229, 0.0, 0.0, 0.0, 0.0, 0.0, 0.0, 0.9075602479947804, 0.010398500712247235, 0.0, 0.0, 0.0, 0.0, 0.0, 
0.0, 0.0, 0.1495582841159913, 0.027619971510112275, 0.0034818335605354632, 0.014564912867344662, 0.421054224302405, 0.0, 0.0, 0.5117873943153697, 1.0, 0.0036383364568558715, 0.0, 0.0, 0.01753777643791163, 0.0, 0.0, 0.0, 0.0, 0.0, 0.0, 0.8592899828223948, 0.010246973720751595, 0.0, 0.0, 0.0, 0.0, 0.0, 
0.0, 0.0, 0.23948880931984992, 0.02887285689096257, 0.0026113751704015973, 0.010923684650508497, 0.3168967929231455, 0.0, 0.0, 0.5323989752679466, 1.0, 0.0027287523426419037, 0.0, 0.0, 0.014251846741700963, 0.0, 0.0, 0.0, 0.0, 0.0, 0.0, 0.811019717650009, 0.010095446729255955, 0.0, 0.0, 0.0, 0.0, 0.0, 
0.0, 0.0, 0.32941933452370853, 0.03012574227181286, 0.0017409167802677318, 0.00728245643367233, 0.21273936154388595, 0.0, 0.0, 0.5530105562205234, 1.0000000000000002, 0.0018191682284279358, 0.0, 0.0, 0.010965917045490301, 0.0, 0.0, 0.0, 0.0, 0.0, 0.0, 0.7627494524776234, 0.009943919737760314, 0.0, 0.0, 0.0, 0.0, 0.0, 
0.0, 0.0, 0.4193498597275671, 0.03137862765266316, 0.0008704583901338659, 0.003641228216836165, 0.10858193016462636, 0.0, 0.0, 0.5736221371731003, 1.0000000000000002, 0.0009095841142139679, 0.0, 0.0, 0.007679987349279637, 0.0, 0.0, 0.0, 0.0, 0.0, 0.0, 0.7144791873052376, 0.009792392746264674, 0.0, 0.0, 0.0, 0.0, 0.0, 
0.0, 0.0, 0.5092803849314257, 0.03263151303351345, 0.0, 0.0, 0.004424498785366786, 0.0, 0.0, 0.5942337181256772, 1.0000000000000002, 0.0, 0.0, 0.0, 0.004394057653068974, 0.0, 0.0, 0.0, 0.0, 0.0, 0.0, 0.666208922132852, 0.009640865754769034, 0.0, 0.0, 0.0, 0.0, 0.0, 
0.0, 0.0, 0.42469671362168804, 0.03327337718280098, 0.0, 0.0, 0.003539599028293429, 0.0, 0.0, 0.6148032678334948, 1.0000000000000002, 0.0, 0.0, 0.0, 0.003515246122455179, 0.0, 0.0, 0.0, 0.0, 0.006190123639445455, 0.0017547830426062796, 0.6679025651760194, 0.008649351194625702, 0.0, 0.0, 0.0, 0.07619197127198782, 0.0, 
0.0, 0.0, 0.3401130423119504, 0.033915241332088515, 0.0, 0.0, 0.0026546992712200715, 0.0, 0.0, 0.6353728175413125, 1.0000000000000002, 0.0, 0.0, 0.0, 0.002636434591841384, 0.0, 0.0, 0.0, 0.0, 0.01238024727889091, 0.0035095660852125592, 0.6695962082191868, 0.007657836634482371, 0.0, 0.0, 0.0, 0.15238394254397564, 0.0, 
0.0, 0.0, 0.25552937100221274, 0.03455710548137605, 0.0, 0.0, 0.0017697995141467146, 0.0, 0.0, 0.6559423672491302, 1.0, 0.0, 0.0, 0.0, 0.0017576230612275897, 0.0, 0.0, 0.0, 0.0, 0.018570370918336368, 0.005264349127818839, 0.6712898512623542, 0.00666632207433904, 0.0, 0.0, 0.0, 0.22857591381596346, 0.0, 
0.0, 0.0, 0.17094569969247508, 0.03519896963066358, 0.0, 0.0, 0.0008848997570733573, 0.0, 0.0, 0.6765119169569479, 1.0, 0.0, 0.0, 0.0, 0.0008788115306137948, 0.0, 0.0, 0.0, 0.0, 0.02476049455778182, 0.0070191321704251184, 0.6729834943055215, 0.005674807514195708, 0.0, 0.0, 0.0, 0.3047678850879513, 0.0, 
0.0, 0.0, 0.0863620283827374, 0.03584083377995111, 0.0, 0.0, 0.0, 0.0, 0.0, 0.6970814666647656, 1.0, 0.0, 0.0, 0.0, 0.0, 0.0, 0.0, 0.0, 0.0, 0.03095061819722728, 0.008773915213031398, 0.674677137348689, 0.0046832929540523765, 0.0, 0.0, 0.0, 0.38095985635993906, 0.0, 
0.016245776425627446, 0.0, 0.07200568384624373, 0.032324825020141015, 0.0, 0.0, 0.0, 0.0, 0.0, 0.7563300801144154, 1.0, 0.0, 0.0, 0.0, 0.00626863554828457, 0.0, 0.0, 0.0, 0.0, 0.02476049455778182, 0.0070191321704251184, 0.672194763265759, 0.0037466343632419014, 0.0, 0.0, 0.0, 0.385680315056115, 0.0, 
0.03249155285125489, 0.0, 0.05764933930975007, 0.028808816260330918, 0.0, 0.0, 0.0, 0.0, 0.0, 0.8155786935640652, 1.0, 0.0, 0.0, 0.0, 0.01253727109656914, 0.0, 0.0, 0.0, 0.0, 0.018570370918336368, 0.005264349127818839, 0.6697123891828292, 0.002809975772431426, 0.0, 0.0, 0.0, 0.39040077375229093, 0.0, 
0.04873732927688234, 0.0, 0.04329299477325639, 0.025292807500520816, 0.0, 0.0, 0.0, 0.0, 0.0, 0.8748273070137151, 1.0, 0.0, 0.0, 0.0, 0.01880590664485371, 0.0, 0.0, 0.0, 0.0, 0.01238024727889091, 0.0035095660852125597, 0.6672300150998992, 0.0018733171816209503, 0.0, 0.0, 0.0, 0.3951212324484669, 0.0, 
0.06498310570250979, 0.0, 0.028936650236762722, 0.02177679874071072, 0.0, 0.0, 0.0, 0.0, 0.0, 0.934075920463365, 1.0, 0.0, 0.0, 0.0, 0.02507454219313828, 0.0, 0.0, 0.0, 0.0, 0.006190123639445457, 0.0017547830426062798, 0.6647476410169694, 0.0009366585908104751, 0.0, 0.0, 0.0, 0.39984169114464285, 0.0, 
0.08122888212813724, 0.0, 0.014580305700269048, 0.01826078998090062, 0.0, 0.0, 0.0, 0.0, 0.0, 0.9933245339130148, 1.0, 0.0, 0.0, 0.0, 0.031343177741422854, 0.0, 0.0, 0.0, 0.0, 0.0, 0.0, 0.6622652669340394, 0.0, 0.0, 0.0, 0.0, 0.4045621498408188, 0.0, 
0.16478285129171505, 0.0, 0.013501639381205154, 0.014608631984720497, 0.0, 0.0, 0.10150551429323365, 0.0, 0.0, 0.9946596271304118, 0.9884513021959069, 0.0, 0.0, 0.005042065077908228, 0.039813026674795644, 0.0, 0.0, 0.0018138766803774467, 0.0, 0.0, 0.002651010216806932, 0.6781592090572445, 0.0, 0.0, 0.0, 0.0, 0.323649719872655, 0.0, 
0.24833682045529282, 0.0, 0.01242297306214126, 0.010956473988540372, 0.0, 0.0, 0.2030110285864673, 0.0, 0.0, 0.9959947203478088, 0.9769026043918139, 0.0, 0.0, 0.010084130155816455, 0.048282875608168435, 0.0, 0.0, 0.0036277533607548935, 0.0, 0.0, 0.005302020433613864, 0.6940531511804495, 0.0, 0.0, 0.0, 0.0, 0.24273728990449128, 0.0, 
0.3318907896188706, 0.0, 0.011344306743077365, 0.007304315992360248, 0.0, 0.0, 0.304516542879701, 0.0, 0.0, 0.9973298135652059, 0.9653539065877208, 0.0, 0.0, 0.015126195233724684, 0.05675272454154123, 0.0, 0.0, 0.00544163004113234, 0.0, 0.0, 0.007953030650420795, 0.7099470933036546, 0.0, 0.0, 0.0, 0.0, 0.16182485993632753, 0.0, 
0.4154447587824484, 0.0, 0.010265640424013471, 0.003652157996180124, 0.0, 0.0, 0.4060220571729346, 0.0, 0.0, 0.9986649067826029, 0.9538052087836277, 0.0, 0.0, 0.02016826031163291, 0.06522257347491403, 0.0, 0.0, 0.007255506721509787, 0.0, 0.0, 0.010604040867227727, 0.7258410354268596, 0.0, 0.0, 0.0, 0.0, 0.08091242996816378, 0.0, 
0.49899872794602623, 0.0, 0.009186974104949577, 0.0, 0.0, 0.0, 0.5075275714661682, 0.0, 0.0, 0.9999999999999999, 0.9422565109795347, 0.0, 0.0, 0.025210325389541138, 0.07369242240828681, 0.0, 0.0, 0.009069383401887234, 0.0, 0.0, 0.01325505108403466, 0.7417349775500647, 0.0, 0.0, 0.0, 0.0, 0.0, 0.0, 
0.4046189903887046, 0.0, 0.008266472333798635, 0.0018225177729520314, 0.0, 0.0, 0.48105860821803753, 0.0, 0.0, 0.819099023329454, 0.9538052087836277, 0.0, 0.0, 0.02016826031163291, 0.06429107945836617, 0.0, 0.0, 0.014295961288198263, 0.0, 0.0, 0.010604040867227727, 0.6039410862112369, 0.0, 0.0, 0.0, 0.0, 0.0, 0.0, 
0.31023925283138293, 0.0, 0.007345970562647692, 0.003645035545904063, 0.0, 0.0, 0.45458964496990684, 0.0, 0.0, 0.6381980466589081, 0.9653539065877208, 0.0, 0.0, 0.015126195233724682, 0.0548897365084455, 0.0, 0.0, 0.019522539174509294, 0.0, 0.0, 0.007953030650420797, 0.4661471948724092, 0.0, 0.0, 0.0, 0.0, 0.0, 0.0, 
0.21585951527406128, 0.0, 0.006425468791496749, 0.005467553318856094, 0.0, 0.0, 0.4281206817217762, 0.0, 0.0, 0.45729706998836217, 0.9769026043918139, 0.0, 0.0, 0.010084130155816454, 0.04548839355852485, 0.0, 0.0, 0.024749117060820322, 0.0, 0.0, 0.005302020433613865, 0.32835330353358144, 0.0, 0.0, 0.0, 0.0, 0.0, 0.0, 
0.12147977771673962, 0.0, 0.005504967020345806, 0.007290071091808126, 0.0, 0.0, 0.4016517184736455, 0.0, 0.0, 0.2763960933178162, 0.9884513021959069, 0.0, 0.0, 0.005042065077908227, 0.0360870506086042, 0.0, 0.0, 0.029975694947131357, 0.0, 0.0, 0.0026510102168069323, 0.1905594121947537, 0.0, 0.0, 0.0, 0.0, 0.0, 0.0, 
0.02710004015941797, 0.0, 0.004584465249194864, 0.009112588864760157, 0.0, 0.0, 0.3751827552255148, 0.0, 0.0, 0.09549511664727028, 1.0, 0.0, 0.0, 0.0, 0.02668570765868354, 0.0, 0.0, 0.035202272833442384, 0.0, 0.0, 0.0, 0.052765520855925854, 0.0, 0.0, 0.0, 0.0, 0.0, 0.0, 
0.021680032127534377, 0.0, 0.003667572199355891, 0.007290071091808126, 0.0, 0.0, 0.3001462041804118, 0.0, 0.0, 0.08514025071377984, 1.0, 0.0, 0.0, 0.0, 0.13586035258095014, 0.0, 0.0, 0.0382190435136192, 0.0, 0.0, 0.0, 0.15844142151777785, 0.0, 0.0, 0.0, 0.0, 0.0, 0.0, 
0.016260024095650784, 0.0, 0.002750679149516918, 0.005467553318856094, 0.0, 0.0, 0.2251096531353089, 0.0, 0.0, 0.0747853847802894, 1.0, 0.0, 0.0, 0.0, 0.24503499750321672, 0.0, 0.0, 0.04123581419379601, 0.0, 0.0, 0.0, 0.2641173221796298, 0.0, 0.0, 0.0, 0.0, 0.0, 0.0, 
0.010840016063767187, 0.0, 0.0018337860996779452, 0.003645035545904063, 0.0, 0.0, 0.15007310209020594, 0.0, 0.0, 0.06443051884679897, 1.0, 0.0, 0.0, 0.0, 0.3542096424254833, 0.0, 0.0, 0.04425258487397282, 0.0, 0.0, 0.0, 0.3697932228414818, 0.0, 0.0, 0.0, 0.0, 0.0, 0.0, 
0.0054200080318835935, 0.0, 0.0009168930498389726, 0.0018225177729520314, 0.0, 0.0, 0.07503655104510298, 0.0, 0.0, 0.05407565291330853, 1.0, 0.0, 0.0, 0.0, 0.4633842873477499, 0.0, 0.0, 0.04726935555414963, 0.0, 0.0, 0.0, 0.47546912350333376, 0.0, 0.0, 0.0, 0.0, 0.0, 0.0, 
0.0, 0.0, 0.0, 0.0, 0.0, 0.0, 0.0, 0.0, 0.0, 0.043720786979818085, 1.0, 0.0, 0.0, 0.0, 0.5725589322700164, 0.0, 0.0, 0.05028612623432644, 0.0, 0.0, 0.0, 0.5811450241651858, 0.0, 0.0, 0.0, 0.0, 0.0, 0.0, 
0.003706526202978773, 0.0, 0.004466181248558437, 0.0018651270446202472, 0.0, 0.0, 0.0, 0.0, 0.0, 0.062276065780410145, 0.9967715948681475, 0.0, 0.0, 0.0, 0.4633691328878834, 0.0, 0.0008780788298572322, 0.24022890098746114, 0.0, 0.0, 0.0, 0.5622304492928883, 0.0, 0.0, 0.0, 0.0, 0.0, 0.0, 
0.007413052405957546, 0.0, 0.008932362497116875, 0.0037302540892404945, 0.0, 0.0, 0.0, 0.0, 0.0, 0.0808313445810022, 0.9935431897362949, 0.0, 0.0, 0.0, 0.3541793335057504, 0.0, 0.0017561576597144644, 0.43017167574059584, 0.0, 0.0, 0.0, 0.5433158744205908, 0.0, 0.0, 0.0, 0.0, 0.0, 0.0, 
0.01111957860893632, 0.0, 0.013398543745675312, 0.005595381133860742, 0.0, 0.0, 0.0, 0.0, 0.0, 0.09938662338159426, 0.9903147846044423, 0.0, 0.0, 0.0, 0.24498953412361746, 0.0, 0.0026342364895716964, 0.6201144504937306, 0.0, 0.0, 0.0, 0.5244012995482934, 0.0, 0.0, 0.0, 0.0, 0.0, 0.0, 
0.014826104811915092, 0.0, 0.01786472499423375, 0.007460508178480989, 0.0, 0.0, 0.0, 0.0, 0.0, 0.11794190218218632, 0.9870863794725897, 0.0, 0.0, 0.0, 0.13579973474148443, 0.0, 0.003512315319428929, 0.8100572252468653, 0.0, 0.0, 0.0, 0.505486724675996, 0.0, 0.0, 0.0, 0.0, 0.0, 0.0, 
0.018532631014893865, 0.0, 0.022330906242792187, 0.009325635223101236, 0.0, 0.0, 0.0, 0.0, 0.0, 0.13649718098277838, 0.9838579743407372, 0.0, 0.0, 0.0, 0.02660993535935146, 0.0, 0.004390394149286161, 1.0, 0.0, 0.0, 0.0, 0.4865721498036985, 0.0, 0.0, 0.0, 0.0, 0.0, 0.0, 
0.020543738522238446, 0.0, 0.01786472499423375, 0.08353357944725898, 0.007064608145314585, 0.0, 0.0, 0.0, 0.0, 0.3091977447862227, 0.9467456630054515, 0.0, 0.0, 0.0, 0.02128794828748117, 0.0, 0.003512315319428929, 0.9837384677966633, 0.0, 0.0, 0.0, 0.39940138212092924, 0.0019165889948914061, 0.0, 0.0, 0.0, 0.0, 0.0, 
0.022554846029583027, 0.0, 0.013398543745675312, 0.15774152367141672, 0.01412921629062917, 0.0, 0.0, 0.0, 0.0, 0.481898308589667, 0.9096333516701659, 0.0, 0.0, 0.0, 0.015965961215610877, 0.0, 0.002634236489571697, 0.9674769355933266, 0.0, 0.0, 0.0, 0.31223061443816, 0.0038331779897828122, 0.0, 0.0, 0.0, 0.0, 0.0, 
0.024565953536927605, 0.0, 0.008932362497116875, 0.23194946789557447, 0.021193824435943753, 0.0, 0.0, 0.0, 0.0, 0.6545988723931113, 0.8725210403348802, 0.0, 0.0, 0.0, 0.010643974143740582, 0.0, 0.0017561576597144649, 0.9512154033899898, 0.0, 0.0, 0.0, 0.22505984675539076, 0.005749766984674219, 0.0, 0.0, 0.0, 0.0, 0.0, 
0.026577061044272186, 0.0, 0.004466181248558437, 0.30615741211973224, 0.02825843258125834, 0.0, 0.0, 0.0, 0.0, 0.8272994361965557, 0.8354087289995946, 0.0, 0.0, 0.0, 0.005321987071870291, 0.0, 0.0008780788298572324, 0.9349538711866531, 0.0, 0.0, 0.0, 0.13788907907262155, 0.0076663559795656245, 0.0, 0.0, 0.0, 0.0, 0.0, 
0.028588168551616767, 0.0, 0.0, 0.38036535634389, 0.03532304072657293, 0.0, 0.0, 0.0, 0.0, 1.0, 0.7982964176643089, 0.0, 0.0, 0.0, 0.0, 0.0, 0.0, 0.9186923389833164, 0.0, 0.0, 0.0, 0.05071831138985228, 0.00958294497445703, 0.0, 0.0, 0.0, 0.0, 0.0, 
0.022870534841293415, 0.0, 0.0, 0.304292285075112, 0.02825843258125834, 0.0, 0.0, 0.0, 0.0, 1.0, 0.8166405016244894, 0.0, 0.0, 0.0, 0.0, 0.0, 0.0, 0.9173262125120172, 0.0, 0.0, 0.0, 0.04057464911188182, 0.0076663559795656245, 0.0, 0.0, 0.0, 0.0, 0.0, 
0.01715290113097006, 0.0, 0.0, 0.228219213806334, 0.021193824435943757, 0.0, 0.0, 0.0, 0.0, 1.0, 0.8349845855846698, 0.0, 0.0, 0.0, 0.0, 0.0, 0.0, 0.9159600860407179, 0.0, 0.0, 0.0, 0.030430986833911367, 0.005749766984674218, 0.0, 0.0, 0.0, 0.0, 0.0, 
0.011435267420646707, 0.0, 0.0, 0.15214614253755598, 0.014129216290629174, 0.0, 0.0, 0.0, 0.0, 0.9999999999999999, 0.8533286695448503, 0.0, 0.0, 0.0, 0.0, 0.0, 0.0, 0.9145939595694187, 0.0, 0.0, 0.0, 0.020287324555940914, 0.0038331779897828114, 0.0, 0.0, 0.0, 0.0, 0.0, 
0.005717633710323352, 0.0, 0.0, 0.07607307126877799, 0.007064608145314587, 0.0, 0.0, 0.0, 0.0, 0.9999999999999999, 0.8716727535050307, 0.0, 0.0, 0.0, 0.0, 0.0, 0.0, 0.9132278330981194, 0.0, 0.0, 0.0, 0.010143662277970457, 0.0019165889948914057, 0.0, 0.0, 0.0, 0.0, 0.0, 
0.0, 0.0, 0.0, 0.0, 0.0, 0.0, 0.0, 0.0, 0.0, 0.9999999999999999, 0.8900168374652112, 0.0, 0.0, 0.0, 0.0, 0.0, 0.0, 0.9118617066268202, 0.0, 0.0, 0.0, 0.0, 0.0, 0.0, 0.0, 0.0, 0.0, 0.0, 
0.0, 0.0, 0.0, 0.0, 0.0, 0.0, 0.0, 0.0, 0.0, 0.8269608259183296, 0.8675272636312871, 0.0, 0.0, 0.0, 0.0028051394029797038, 0.0, 0.0, 0.8844566221276934, 0.0, 0.0, 0.0, 0.00188532215422637, 0.0, 0.0, 0.0, 0.0, 0.0, 0.0, 
0.0, 0.0, 0.0, 0.0, 0.0, 0.0, 0.0, 0.0, 0.0, 0.6539216518366595, 0.845037689797363, 0.0, 0.0, 0.0, 0.0056102788059594075, 0.0, 0.0, 0.8570515376285666, 0.0, 0.0, 0.0, 0.00377064430845274, 0.0, 0.0, 0.0, 0.0, 0.0, 0.0, 
0.0, 0.0, 0.0, 0.0, 0.0, 0.0, 0.0, 0.0, 0.0, 0.48088247775498927, 0.8225481159634389, 0.0, 0.0, 0.0, 0.008415418208939112, 0.0, 0.0, 0.8296464531294396, 0.0, 0.0, 0.0, 0.00565596646267911, 0.0, 0.0, 0.0, 0.0, 0.0, 0.0, 
0.0, 0.0, 0.0, 0.0, 0.0, 0.0, 0.0, 0.0, 0.0, 0.307843303673319, 0.8000585421295149, 0.0, 0.0, 0.0, 0.011220557611918815, 0.0, 0.0, 0.8022413686303128, 0.0, 0.0, 0.0, 0.00754128861690548, 0.0, 0.0, 0.0, 0.0, 0.0, 0.0, 
0.0, 0.0, 0.0, 0.0, 0.0, 0.0, 0.0, 0.0, 0.0, 0.1348041295916488, 0.7775689682955907, 0.0, 0.0, 0.0, 0.014025697014898518, 0.0, 0.0, 0.774836284131186, 0.0, 0.0, 0.0, 0.00942661077113185, 0.0, 0.0, 0.0, 0.0, 0.0, 0.0, 
0.0, 0.0, 0.0, 0.0, 0.0, 0.0, 0.0, 0.0, 0.0, 0.3003468821500066, 0.8161508326001286, 0.0028802217521789308, 0.0, 0.0, 0.011220557611918815, 0.0, 0.0, 0.8198690273049488, 0.0, 0.0, 0.0, 0.00754128861690548, 0.0, 0.0, 0.0, 0.0, 0.0, 0.0, 
0.0, 0.0, 0.0, 0.0, 0.0, 0.0, 0.0, 0.0, 0.0, 0.4658896347083643, 0.8547326969046664, 0.0057604435043578615, 0.0, 0.0, 0.00841541820893911, 0.0, 0.0, 0.8649017704787116, 0.0, 0.0, 0.0, 0.0056559664626791096, 0.0, 0.0, 0.0, 0.0, 0.0, 0.0, 
0.0, 0.0, 0.0, 0.0, 0.0, 0.0, 0.0, 0.0, 0.0, 0.6314323872667221, 0.8933145612092042, 0.008640665256536792, 0.0, 0.0, 0.005610278805959407, 0.0, 0.0, 0.9099345136524746, 0.0, 0.0, 0.0, 0.003770644308452739, 0.0, 0.0, 0.0, 0.0, 0.0, 0.0, 
0.0, 0.0, 0.0, 0.0, 0.0, 0.0, 0.0, 0.0, 0.0, 0.7969751398250798, 0.9318964255137419, 0.011520887008715723, 0.0, 0.0, 0.0028051394029797033, 0.0, 0.0, 0.9549672568262374, 0.0, 0.0, 0.0, 0.0018853221542263696, 0.0, 0.0, 0.0, 0.0, 0.0, 0.0, 
0.0, 0.0, 0.0, 0.0, 0.0, 0.0, 0.0, 0.0, 0.0, 0.9625178923834375, 0.9704782898182797, 0.014401108760894654, 0.0, 0.0, 0.0, 0.0, 0.0, 1.0000000000000002, 0.0, 0.0, 0.0, 0.0, 0.0, 0.0, 0.0, 0.0, 0.0, 0.0, 
0.0, 0.0, 0.0017585042409860297, 0.0, 0.0, 0.0, 0.0, 0.0, 0.0, 0.9700143139067501, 0.9079909751320393, 0.011520887008715723, 0.0, 0.0, 0.0, 0.0, 0.0, 0.9667479697190117, 0.0, 0.0, 0.0, 0.007903244640591146, 0.0, 0.0, 0.0, 0.0, 0.0, 0.0, 
0.0, 0.0, 0.0035170084819720593, 0.0, 0.0, 0.0, 0.0, 0.0, 0.0, 0.9775107354300625, 0.8455036604457989, 0.008640665256536792, 0.0, 0.0, 0.0, 0.0, 0.0, 0.933495939438023, 0.0, 0.0, 0.0, 0.015806489281182293, 0.0, 0.0, 0.0, 0.0, 0.0, 0.0, 
0.0, 0.0, 0.005275512722958089, 0.0, 0.0, 0.0, 0.0, 0.0, 0.0, 0.985007156953375, 0.7830163457595587, 0.0057604435043578615, 0.0, 0.0, 0.0, 0.0, 0.0, 0.9002439091570344, 0.0, 0.0, 0.0, 0.02370973392177344, 0.0, 0.0, 0.0, 0.0, 0.0, 0.0, 
0.0, 0.0, 0.007034016963944119, 0.0, 0.0, 0.0, 0.0, 0.0, 0.0, 0.9925035784766875, 0.7205290310733183, 0.0028802217521789308, 0.0, 0.0, 0.0, 0.0, 0.0, 0.8669918788760458, 0.0, 0.0, 0.0, 0.031612978562364585, 0.0, 0.0, 0.0, 0.0, 0.0, 0.0, 
0.0, 0.0, 0.008792521204930149, 0.0, 0.0, 0.0, 0.0, 0.0, 0.0, 1.0, 0.658041716387078, 0.0, 0.0, 0.0, 0.0, 0.0, 0.0, 0.8337398485950572, 0.0, 0.0, 0.0, 0.03951622320295573, 0.0, 0.0, 0.0, 0.0, 0.0, 0.0, 
0.0, 0.0, 0.007034016963944119, 0.0, 0.0, 0.0, 0.0, 0.0, 0.0, 1.0, 0.6858972282268523, 0.006242112093922124, 0.0, 0.0, 0.0, 0.0, 0.0, 0.7910460296928203, 0.0, 0.0, 0.0, 0.031612978562364585, 0.0, 0.0, 0.0, 0.0, 0.0, 0.0, 
0.0, 0.0, 0.005275512722958089, 0.0, 0.0, 0.0, 0.0, 0.0, 0.0, 1.0, 0.7137527400666266, 0.012484224187844247, 0.0, 0.0, 0.0, 0.0, 0.0, 0.7483522107905833, 0.0, 0.0, 0.0, 0.02370973392177344, 0.0, 0.0, 0.0, 0.0, 0.0, 0.0, 
0.0, 0.0, 0.0035170084819720598, 0.0, 0.0, 0.0, 0.0, 0.0, 0.0, 1.0, 0.7416082519064009, 0.01872633628176637, 0.0, 0.0, 0.0, 0.0, 0.0, 0.7056583918883464, 0.0, 0.0, 0.0, 0.015806489281182293, 0.0, 0.0, 0.0, 0.0, 0.0, 0.0, 
0.0, 0.0, 0.0017585042409860299, 0.0, 0.0, 0.0, 0.0, 0.0, 0.0, 1.0, 0.7694637637461753, 0.024968448375688495, 0.0, 0.0, 0.0, 0.0, 0.0, 0.6629645729861096, 0.0, 0.0, 0.0, 0.007903244640591146, 0.0, 0.0, 0.0, 0.0, 0.0, 0.0, 
0.0, 0.0, 0.0, 0.0, 0.0, 0.0, 0.0, 0.0, 0.0, 1.0, 0.7973192755859496, 0.03121056046961062, 0.0, 0.0, 0.0, 0.0, 0.0, 0.6202707540838726, 0.0, 0.0, 0.0, 0.0, 0.0, 0.0, 0.0, 0.0, 0.0, 0.0, 
0.0, 0.0, 0.0, 0.0, 0.0, 0.0, 0.0, 0.0, 0.0, 1.0, 0.7974143475810956, 0.15858776688519674, 0.0, 0.0, 0.0, 0.0, 0.0, 0.6479294678106626, 0.0, 0.0, 0.0, 0.0, 0.0, 0.0, 0.0, 0.0, 0.0, 0.0, 
0.0, 0.0, 0.0, 0.0, 0.0, 0.0, 0.0, 0.0, 0.0, 1.0, 0.7975094195762416, 0.28596497330078285, 0.0, 0.0, 0.0, 0.0, 0.0, 0.6755881815374527, 0.0, 0.0, 0.0, 0.0, 0.0, 0.0, 0.0, 0.0, 0.0, 0.0, 
0.0, 0.0, 0.0, 0.0, 0.0, 0.0, 0.0, 0.0, 0.0, 1.0, 0.7976044915713876, 0.41334217971636894, 0.0, 0.0, 0.0, 0.0, 0.0, 0.7032468952642428, 0.0, 0.0, 0.0, 0.0, 0.0, 0.0, 0.0, 0.0, 0.0, 0.0, 
0.0, 0.0, 0.0, 0.0, 0.0, 0.0, 0.0, 0.0, 0.0, 1.0, 0.7976995635665335, 0.540719386131955, 0.0, 0.0, 0.0, 0.0, 0.0, 0.7309056089910329, 0.0, 0.0, 0.0, 0.0, 0.0, 0.0, 0.0, 0.0, 0.0, 0.0, 
0.0, 0.0, 0.0, 0.0, 0.0, 0.0, 0.0, 0.0, 0.0, 1.0, 0.7977946355616795, 0.6680965925475412, 0.0, 0.0, 0.0, 0.0, 0.0, 0.7585643227178229, 0.0, 0.0, 0.0, 0.0, 0.0, 0.0, 0.0, 0.0, 0.0, 0.0, 
0.0, 0.0, 0.0, 0.0, 0.0, 0.0, 0.0, 0.0, 0.0, 1.0, 0.8355604780192337, 0.6369261972209498, 0.0, 0.0, 0.0, 0.0, 0.0, 0.7718642753106668, 0.0, 0.0, 0.0, 0.0, 0.0, 0.0, 0.0009565393613323023, 0.0, 0.0, 0.0, 
0.0, 0.0, 0.0, 0.0, 0.0, 0.0, 0.0, 0.0, 0.0, 1.0, 0.873326320476788, 0.6057558018943584, 0.0, 0.0, 0.0, 0.0, 0.0, 0.7851642279035106, 0.0, 0.0, 0.0, 0.0, 0.0, 0.0, 0.0019130787226646045, 0.0, 0.0, 0.0, 
0.0, 0.0, 0.0, 0.0, 0.0, 0.0, 0.0, 0.0, 0.0, 0.9999999999999999, 0.9110921629343423, 0.5745854065677671, 0.0, 0.0, 0.0, 0.0, 0.0, 0.7984641804963545, 0.0, 0.0, 0.0, 0.0, 0.0, 0.0, 0.0028696180839969066, 0.0, 0.0, 0.0, 
0.0, 0.0, 0.0, 0.0, 0.0, 0.0, 0.0, 0.0, 0.0, 0.9999999999999999, 0.9488580053918965, 0.5434150112411757, 0.0, 0.0, 0.0, 0.0, 0.0, 0.8117641330891983, 0.0, 0.0, 0.0, 0.0, 0.0, 0.0, 0.003826157445329209, 0.0, 0.0, 0.0, 
0.0, 0.0, 0.0, 0.0, 0.0, 0.0, 0.0, 0.0, 0.0, 0.9999999999999999, 0.9866238478494508, 0.5122446159145844, 0.0, 0.0, 0.0, 0.0, 0.0, 0.8250640856820421, 0.0, 0.0, 0.0, 0.0, 0.0, 0.0, 0.004782696806661511, 0.0, 0.0, 0.0, 
0.0, 0.0, 0.0, 0.0, 0.0, 0.0, 0.0, 0.0, 0.0, 0.9999999999999999, 0.9318918724640276, 0.5376420765309567, 0.0, 0.0, 0.0, 0.0, 0.0, 0.848860067897776, 0.0019193057261838557, 0.0, 0.0, 0.0, 0.0, 0.0, 0.008298764477502562, 0.000864445171604327, 0.0, 0.0, 
0.0, 0.0, 0.0, 0.0, 0.0, 0.0, 0.0, 0.0, 0.0, 0.9999999999999999, 0.8771598970786044, 0.5630395371473291, 0.0, 0.0, 0.0, 0.0, 0.0, 0.8726560501135098, 0.0038386114523677115, 0.0, 0.0, 0.0, 0.0, 0.0, 0.01181483214834361, 0.001728890343208654, 0.0, 0.0, 
0.0, 0.0, 0.0, 0.0, 0.0, 0.0, 0.0, 0.0, 0.0, 0.9999999999999999, 0.8224279216931812, 0.5884369977637015, 0.0, 0.0, 0.0, 0.0, 0.0, 0.8964520323292436, 0.005757917178551567, 0.0, 0.0, 0.0, 0.0, 0.0, 0.01533089981918466, 0.002593335514812981, 0.0, 0.0, 
0.0, 0.0, 0.0, 0.0, 0.0, 0.0, 0.0, 0.0, 0.0, 0.9999999999999999, 0.7676959463077581, 0.6138344583800739, 0.0, 0.0, 0.0, 0.0, 0.0, 0.9202480145449774, 0.007677222904735423, 0.0, 0.0, 0.0, 0.0, 0.0, 0.01884696749002571, 0.003457780686417308, 0.0, 0.0, 
0.0, 0.0, 0.0, 0.0, 0.0, 0.0, 0.0, 0.0, 0.0, 0.9999999999999999, 0.7129639709223349, 0.6392319189964463, 0.0, 0.0, 0.0, 0.0, 0.0, 0.9440439967607113, 0.009596528630919279, 0.0, 0.0, 0.0, 0.0, 0.0, 0.02236303516086676, 0.004322225858021635, 0.0, 0.0, 
0.0, 0.0, 0.0, 0.0, 0.0, 0.0, 0.0, 0.0, 0.0, 0.9565991910524606, 0.57579154402013, 0.5150113626964458, 0.0, 0.0, 0.0, 0.0, 0.0, 0.955235197408569, 0.010031483943338033, 0.0, 0.0, 0.0, 0.0, 0.0, 0.022564188788991007, 0.003457780686417308, 0.0, 0.0, 
0.0, 0.0, 0.0, 0.0, 0.0, 0.0, 0.0, 0.0, 0.0, 0.9131983821049213, 0.43861911711792506, 0.39079080639644515, 0.0, 0.0, 0.0, 0.0, 0.0, 0.9664263980564267, 0.01046643925575679, 0.0, 0.0, 0.0, 0.0, 0.0, 0.022765342417115253, 0.0025933355148129813, 0.0, 0.0, 
0.0, 0.0, 0.0, 0.0, 0.0, 0.0, 0.0, 0.0, 0.0, 0.8697975731573822, 0.3014466902157201, 0.26657025009644464, 0.0, 0.0, 0.0, 0.0, 0.0, 0.9776175987042846, 0.010901394568175545, 0.0, 0.0, 0.0, 0.0, 0.0, 0.022966496045239496, 0.0017288903432086545, 0.0, 0.0, 
0.0, 0.0, 0.0, 0.0, 0.0, 0.0, 0.0, 0.0, 0.0, 0.8263967642098429, 0.16427426331351525, 0.14234969379644408, 0.0, 0.0, 0.0, 0.0, 0.0, 0.9888087993521423, 0.011336349880594301, 0.0, 0.0, 0.0, 0.0, 0.0, 0.02316764967336374, 0.0008644451716043272, 0.0, 0.0, 
0.0, 0.0, 0.0, 0.0, 0.0, 0.0, 0.0, 0.0, 0.0, 0.7829959552623036, 0.027101836411310403, 0.01812913749644356, 0.0, 0.0, 0.0, 0.0, 0.0, 1.0, 0.011771305193013056, 0.0, 0.0, 0.0, 0.0, 0.0, 0.023368803301487988, 0.0, 0.0, 0.0, 
0.009725342761368935, 0.0, 0.0, 0.0, 0.0, 0.0, 0.0, 0.0, 0.0, 0.8230456075079798, 0.1301713849630593, 0.15211144891111367, 0.0, 0.0, 0.0, 0.0, 0.0, 1.0, 0.021805228584638424, 0.0, 0.0, 0.0, 0.0, 0.0, 0.02757483684002543, 0.0034965967622682783, 0.0, 0.0, 
0.01945068552273787, 0.0, 0.0, 0.0, 0.0, 0.0, 0.0, 0.0, 0.0, 0.8630952597536561, 0.2332409335148082, 0.28609376032578376, 0.0, 0.0, 0.0, 0.0, 0.0, 1.0, 0.03183915197626379, 0.0, 0.0, 0.0, 0.0, 0.0, 0.03178087037856287, 0.0069931935245365565, 0.0, 0.0, 
0.029176028284106804, 0.0, 0.0, 0.0, 0.0, 0.0, 0.0, 0.0, 0.0, 0.9031449119993323, 0.33631048206655717, 0.42007607174045386, 0.0, 0.0, 0.0, 0.0, 0.0, 1.0, 0.04187307536788916, 0.0, 0.0, 0.0, 0.0, 0.0, 0.03598690391710031, 0.010489790286804836, 0.0, 0.0, 
0.03890137104547574, 0.0, 0.0, 0.0, 0.0, 0.0, 0.0, 0.0, 0.0, 0.9431945642450086, 0.43938003061830605, 0.5540583831551239, 0.0, 0.0, 0.0, 0.0, 0.0, 1.0, 0.05190699875951453, 0.0, 0.0, 0.0, 0.0, 0.0, 0.040192937455637755, 0.013986387049073113, 0.0, 0.0, 
0.048626713806844676, 0.0, 0.0, 0.0, 0.0, 0.0, 0.0, 0.0, 0.0, 0.9832442164906848, 0.5424495791700549, 0.688040694569794, 0.0, 0.0, 0.0, 0.0, 0.0, 1.0, 0.061940922151139895, 0.0, 0.0, 0.0, 0.0, 0.0, 0.044398970994175196, 0.01748298381134139, 0.0, 0.0, 
0.03890137104547574, 0.0, 0.0, 0.0, 0.0, 0.0, 0.0, 0.0, 0.0, 0.8933511302076431, 0.4339596633360439, 0.7301229112674101, 0.0, 0.0, 0.0, 0.0, 0.0, 1.0, 0.0675198333387899, 0.0, 0.0, 0.0, 0.0, 0.0, 0.0393719102948103, 0.017956928464177253, 0.0, 0.0, 
0.029176028284106807, 0.0, 0.0, 0.0, 0.0, 0.0, 0.0, 0.0, 0.0, 0.8034580439246015, 0.32546974750203295, 0.7722051279650264, 0.0, 0.0, 0.0, 0.0, 0.0, 1.0, 0.0730987445264399, 0.0, 0.0, 0.0, 0.0, 0.0, 0.0343448495954454, 0.018430873117013115, 0.0, 0.0, 
0.019450685522737873, 0.0, 0.0, 0.0, 0.0, 0.0, 0.0, 0.0, 0.0, 0.7135649576415598, 0.21697983166802193, 0.8142873446626425, 0.0, 0.0, 0.0, 0.0, 0.0, 0.9999999999999999, 0.07867765571408991, 0.0, 0.0, 0.0, 0.0, 0.0, 0.029317788896080506, 0.01890481776984898, 0.0, 0.0, 
0.009725342761368938, 0.0, 0.0, 0.0, 0.0, 0.0, 0.0, 0.0, 0.0, 0.6236718713585181, 0.10848991583401096, 0.8563695613602587, 0.0, 0.0, 0.0, 0.0, 0.0, 0.9999999999999999, 0.08425656690173991, 0.0, 0.0, 0.0, 0.0, 0.0, 0.024290728196715607, 0.019378762422684843, 0.0, 0.0, 
0.0, 0.0, 0.0, 0.0, 0.0, 0.0, 0.0, 0.0, 0.0, 0.5337787850754764, 0.0, 0.8984517780578749, 0.0, 0.0, 0.0, 0.0, 0.0, 0.9999999999999999, 0.08983547808938991, 0.0, 0.0, 0.0, 0.0, 0.0, 0.019263667497350707, 0.019852707075520705, 0.0, 0.0, 
0.0, 0.0, 0.0, 0.0, 0.0, 0.0, 0.0, 0.0, 0.0011695429545768759, 0.5498768091190684, 0.0, 0.8331567660299831, 0.0, 0.0, 0.0, 0.0, 0.0, 0.9999999999999999, 0.0840902725552899, 0.0, 0.0, 0.0, 0.0, 0.0, 0.020293012306243512, 0.02154467478879611, 0.0, 0.004012691066853559, 
0.0, 0.0, 0.0, 0.0, 0.0, 0.0, 0.0, 0.0, 0.0023390859091537517, 0.5659748331626606, 0.0, 0.7678617540020912, 0.0, 0.0, 0.0, 0.0, 0.0, 0.9999999999999999, 0.0783450670211899, 0.0, 0.0, 0.0, 0.0, 0.0, 0.021322357115136317, 0.02323664250207152, 0.0, 0.008025382133707118, 
0.0, 0.0, 0.0, 0.0, 0.0, 0.0, 0.0, 0.0, 0.0035086288637306276, 0.5820728572062527, 0.0, 0.7025667419741994, 0.0, 0.0, 0.0, 0.0, 0.0, 1.0, 0.07259986148708988, 0.0, 0.0, 0.0, 0.0, 0.0, 0.02235170192402912, 0.024928610215346928, 0.0, 0.012038073200560676, 
0.0, 0.0, 0.0, 0.0, 0.0, 0.0, 0.0, 0.0, 0.004678171818307503, 0.5981708812498449, 0.0, 0.6372717299463075, 0.0, 0.0, 0.0, 0.0, 0.0, 1.0, 0.06685465595298988, 0.0, 0.0, 0.0, 0.0, 0.0, 0.023381046732921924, 0.026620577928622338, 0.0, 0.016050764267414235, 
0.0, 0.0, 0.0, 0.0, 0.0, 0.0, 0.0, 0.0, 0.005847714772884379, 0.6142689052934369, 0.0, 0.5719767179184158, 0.0, 0.0, 0.0, 0.0, 0.0, 1.0, 0.06110945041888988, 0.0, 0.0, 0.0, 0.0, 0.0, 0.02441039154181473, 0.028312545641897745, 0.0, 0.020063455334267795, 
0.16128359730041167, 0.10474046328850879, 0.008537869449054653, 0.0, 0.0, 0.0, 0.0, 0.0, 0.009235512412862683, 0.6791779681454905, 0.0, 0.5752659084284244, 0.005208183434689333, 0.0029244693204765397, 0.0, 0.0, 0.0008660483365775157, 1.0, 0.066920206670197, 0.000934188110120065, 0.0, 0.0, 0.0, 0.0, 0.02422984764285635, 0.044423503668303416, 0.0, 0.016050764267414235, 
0.32256719460082334, 0.20948092657701758, 0.017075738898109306, 0.0, 0.0, 0.0, 0.0, 0.0, 0.012623310052840987, 0.744087030997544, 0.0, 0.578555098938433, 0.010416366869378666, 0.005848938640953079, 0.0, 0.0, 0.0017320966731550313, 1.0, 0.07273096292150413, 0.00186837622024013, 0.0, 0.0, 0.0, 0.0, 0.024049303743897972, 0.060534461694709094, 0.0, 0.012038073200560677, 
0.48385079190123503, 0.3142213898655264, 0.02561360834716396, 0.0, 0.0, 0.0, 0.0, 0.0, 0.016011107692819288, 0.8089960938495976, 0.0, 0.5818442894484418, 0.015624550304068, 0.008773407961429619, 0.0, 0.0, 0.002598145009732547, 1.0, 0.07854171917281126, 0.0028025643303601954, 0.0, 0.0, 0.0, 0.0, 0.023868759844939597, 0.07664541972111477, 0.0, 0.00802538213370712, 
0.6451343892016467, 0.41896185315403517, 0.03415147779621861, 0.0, 0.0, 0.0, 0.0, 0.0, 0.019398905332797593, 0.8739051567016511, 0.0, 0.5851334799584504, 0.020832733738757332, 0.011697877281906159, 0.0, 0.0, 0.0034641933463100626, 1.0, 0.08435247542411839, 0.00373675244048026, 0.0, 0.0, 0.0, 0.0, 0.02368821594598122, 0.09275637774752044, 0.0, 0.00401269106685356, 
0.8064179865020583, 0.523702316442544, 0.04268934724527326, 0.0, 0.0, 0.0, 0.0, 0.0, 0.022786702972775897, 0.9388142195537047, 0.0, 0.5884226704684591, 0.026040917173446664, 0.014622346602382699, 0.0, 0.0, 0.004330241682887578, 1.0, 0.09016323167542552, 0.004670940550600325, 0.0, 0.0, 0.0, 0.0, 0.02350767204702284, 0.10886733577392611, 0.0, 0.0, 
0.8149982265082372, 0.4260673246991845, 0.1522762359614855, 0.0, 0.0, 0.0, 0.0, 0.0, 0.025437263484423954, 0.929084171830979, 0.0, 0.6261612074829874, 0.030718112397553343, 0.011697877281906159, 0.0, 0.0, 0.006222168521470514, 0.9771700896248774, 0.2538089308767247, 0.005847633441760549, 0.0, 0.0, 0.0, 0.0, 0.02388364204449319, 0.2870938686191409, 0.0, 0.0, 
0.8235784665144159, 0.328432332955825, 0.2618631246776978, 0.0, 0.0, 0.0, 0.0, 0.0, 0.02808782399607201, 0.9193541241082533, 0.0, 0.6638997444975158, 0.03539530762166002, 0.00877340796142962, 0.0, 0.0, 0.008114095360053449, 0.9543401792497549, 0.41745463007802386, 0.007024326332920772, 0.0, 0.0, 0.0, 0.0, 0.02425961204196354, 0.46532040146435566, 0.0, 0.0, 
0.8321587065205948, 0.23079734121246553, 0.37145001339391004, 0.0, 0.0, 0.0, 0.0, 0.0, 0.030738384507720068, 0.9096240763855276, 0.0, 0.7016382815120441, 0.0400725028457667, 0.00584893864095308, 0.0, 0.0, 0.010006022198636383, 0.9315102688746323, 0.5811003292793231, 0.008201019224080995, 0.0, 0.0, 0.0, 0.0, 0.024635582039433893, 0.6435469343095704, 0.0, 0.0, 
0.8407389465267735, 0.1331623494691061, 0.4810369021101223, 0.0, 0.0, 0.0, 0.0, 0.0, 0.03338894501936812, 0.8998940286628019, 0.0, 0.7393768185265723, 0.04474969806987338, 0.00292446932047654, 0.0, 0.0, 0.01189794903721932, 0.9086803584995098, 0.7447460284806222, 0.00937771211524122, 0.0, 0.0, 0.0, 0.0, 0.025011552036904243, 0.8217734671547853, 0.0, 0.0, 
0.8493191865329524, 0.035527357725746694, 0.5906237908263345, 0.0, 0.0, 0.0, 0.0, 0.0, 0.03603950553101618, 0.8901639809400762, 0.0, 0.7771153555411007, 0.04942689329398006, 0.0, 0.0, 0.0, 0.013789875875802254, 0.8858504481243872, 0.9083917276819214, 0.010554405006401443, 0.0, 0.0, 0.0, 0.0, 0.025387522034374593, 1.0, 0.0, 0.0, 
0.8452403316653071, 0.03390335274640689, 0.47894408126123855, 0.0, 0.0, 0.007439568575093473, 0.0, 0.0, 0.03943240266828294, 0.8998906661695304, 0.0, 0.7816216077767582, 0.045561639779535604, 0.0, 0.0, 0.0, 0.01282361790239839, 0.8941017161770235, 0.913597510904868, 0.009354877246854285, 0.0, 0.0, 0.0, 0.0, 0.025344881325129933, 1.0, 0.0, 0.0, 
0.8411614767976618, 0.0322793477670671, 0.3672643716961425, 0.0, 0.0, 0.014879137150186947, 0.0, 0.0, 0.04282529980554971, 0.9096173513989846, 0.0, 0.7861278600124157, 0.04169638626509115, 0.0, 0.0, 0.0, 0.011857359928994523, 0.9023529842296597, 0.9188032941278145, 0.008155349487307128, 0.0, 0.0, 0.0, 0.0, 0.025302240615885273, 1.0, 0.0, 0.0, 
0.8370826219300166, 0.030655342787727295, 0.25558466213104647, 0.0, 0.0, 0.02231870572528042, 0.0, 0.0, 0.04621819694281647, 0.9193440366284389, 0.0, 0.7906341122480732, 0.0378311327506467, 0.0, 0.0, 0.0, 0.010891101955590659, 0.910604252282296, 0.9240090773507609, 0.00695582172775997, 0.0, 0.0, 0.0, 0.0, 0.02525959990664061, 1.0, 0.0, 0.0, 
0.8330037670623713, 0.029031337808387497, 0.14390495256595048, 0.0, 0.0, 0.029758274300373894, 0.0, 0.0, 0.049611094080083226, 0.9290707218578931, 0.0, 0.7951403644837308, 0.03396587923620224, 0.0, 0.0, 0.0, 0.009924843982186793, 0.9188555203349322, 0.9292148605737074, 0.005756293968212813, 0.0, 0.0, 0.0, 0.0, 0.02521695919739595, 1.0, 0.0, 0.0, 
0.8289249121947261, 0.027407332829047698, 0.03222524300085452, 0.0, 0.0, 0.03719784287546737, 0.0, 0.0, 0.05300399121734999, 0.9387974070873473, 0.0, 0.7996466167193883, 0.030100625721757788, 0.0, 0.0, 0.0, 0.008958586008782929, 0.9271067883875685, 0.9344206437966539, 0.004556766208665655, 0.0, 0.0, 0.0, 0.0, 0.02517431848815129, 1.0, 0.0, 0.0, 
0.7574489234792596, 0.02192586626323816, 0.025780194400683614, 0.0, 0.0, 0.029758274300373894, 0.0, 0.0, 0.05812367856460223, 0.8868521322076168, 0.0, 0.6475833939878619, 0.02408050057740623, 0.0, 0.0, 0.0, 0.007166868807026343, 0.8764177381487732, 0.7712640634660293, 0.0036454129669325243, 0.0, 0.0, 0.0, 0.0, 0.02255288763423902, 1.0, 0.0, 0.0, 
0.6859729347637932, 0.01644439969742862, 0.01933514580051271, 0.0, 0.0, 0.02231870572528042, 0.0, 0.0, 0.06324336591185448, 0.8349068573278864, 0.0, 0.49552017125633546, 0.018060375433054672, 0.0, 0.0, 0.0, 0.005375151605269757, 0.8257286879099779, 0.6081074831354046, 0.002734059725199393, 0.0, 0.0, 0.0, 0.0, 0.019931456780326748, 1.0, 0.0, 0.0, 
0.6144969460483267, 0.010962933131619078, 0.012890097200341809, 0.0, 0.0, 0.014879137150186947, 0.0, 0.0, 0.06836305325910672, 0.782961582448156, 0.0, 0.343456948524809, 0.012040250288703116, 0.0, 0.0, 0.0, 0.0035834344035131707, 0.7750396376711826, 0.44495090280478, 0.0018227064834662621, 0.0, 0.0, 0.0, 0.0, 0.01731002592641448, 1.0, 0.0, 0.0, 
0.5430209573328604, 0.005481466565809539, 0.006445048600170904, 0.0, 0.0, 0.007439568575093473, 0.0, 0.0, 0.07348274060635895, 0.7310163075684255, 0.0, 0.19139372579328262, 0.006020125144351556, 0.0, 0.0, 0.0, 0.0017917172017565854, 0.7243505874323873, 0.28179432247415537, 0.0009113532417331311, 0.0, 0.0, 0.0, 0.0, 0.014688595072502208, 1.0, 0.0, 0.0, 
0.47154496861739387, 0.0, 0.0, 0.0, 0.0, 0.0, 0.0, 0.0, 0.07860242795361119, 0.6790710326886951, 0.0, 0.03933050306175622, 0.0, 0.0, 0.0, 0.0, 0.0, 0.673661537193592, 0.11863774214353073, 0.0, 0.0, 0.0, 0.0, 0.0, 0.012067164218589936, 1.0, 0.0, 0.0, 
0.4544419572947756, 0.0, 0.0, 0.0, 0.0, 0.0, 0.0, 0.0, 0.08328218956736437, 0.7034948694503679, 0.0, 0.031464402449404974, 0.0, 0.0, 0.0, 0.0017577523117083555, 0.0, 0.6522393398446358, 0.2776675552112131, 0.0008705174247465173, 0.0, 0.0, 0.0, 0.0, 0.013328021828873673, 0.9948288912640308, 0.0, 0.004806138991308889, 
0.4373389459721573, 0.0, 0.0, 0.0, 0.0, 0.0, 0.0, 0.0, 0.08796195118111756, 0.7279187062120407, 0.0, 0.023598301837053734, 0.0, 0.0, 0.0, 0.003515504623416711, 0.0, 0.6308171424956797, 0.43669736827889555, 0.0017410348494930345, 0.0, 0.0, 0.0, 0.0, 0.014588879439157409, 0.9896577825280617, 0.0, 0.009612277982617778, 
0.420235934649539, 0.0, 0.0, 0.0, 0.0, 0.0, 0.0, 0.0, 0.09264171279487074, 0.7523425429737134, 0.0, 0.01573220122470249, 0.0, 0.0, 0.0, 0.005273256935125066, 0.0, 0.6093949451467234, 0.595727181346578, 0.0026115522742395517, 0.0, 0.0, 0.0, 0.0, 0.015849737049441148, 0.9844866737920926, 0.0, 0.014418416973926667, 
0.40313292332692074, 0.0, 0.0, 0.0, 0.0, 0.0, 0.0, 0.0, 0.09732147440862393, 0.7767663797353862, 0.0, 0.007866100612351247, 0.0, 0.0, 0.0, 0.007031009246833422, 0.0, 0.5879727477977673, 0.7547569944142604, 0.003482069698986069, 0.0, 0.0, 0.0, 0.0, 0.017110594659724882, 0.9793155650561235, 0.0, 0.019224555965235555, 
0.3860299120043024, 0.0, 0.0, 0.0, 0.0, 0.0, 0.0, 0.0, 0.10200123602237711, 0.801190216497059, 0.0, 0.0, 0.0, 0.0, 0.0, 0.008788761558541778, 0.0, 0.5665505504488111, 0.9137868074819427, 0.0043525871237325865, 0.0, 0.0, 0.0, 0.0, 0.01837145227000862, 0.9741444563201543, 0.0, 0.024030694956544446, 
0.30882392960344196, 0.0, 0.0, 0.0, 0.0, 0.0008759688091774243, 0.000880336642142771, 0.0, 0.10485899296460222, 0.7887670763805127, 0.0, 0.0, 0.0, 0.001814603018860017, 0.0, 0.007031009246833422, 0.0, 0.4541194013365667, 0.8784121410258011, 0.013186910800990742, 0.0008789091534048936, 0.0, 0.0, 0.0, 0.023714474986071363, 0.9162130037574103, 0.0, 0.029240758019820942, 
0.23161794720258144, 0.0, 0.0, 0.0, 0.0, 0.0017519376183548485, 0.001760673284285542, 0.0, 0.10771674990682732, 0.7763439362639662, 0.0, 0.0, 0.0, 0.003629206037720034, 0.0, 0.005273256935125066, 0.0, 0.34168825222432236, 0.8430374745696594, 0.0220212344782489, 0.0017578183068097872, 0.0, 0.0, 0.0, 0.029057497702134106, 0.8582815511946663, 0.0, 0.03445082108309744, 
0.15441196480172095, 0.0, 0.0, 0.0, 0.0, 0.0026279064275322728, 0.002641009926428313, 0.0, 0.11057450684905243, 0.7639207961474199, 0.0, 0.0, 0.0, 0.0054438090565800505, 0.0, 0.0035155046234167115, 0.0, 0.22925710311207803, 0.8076628081135178, 0.03085555815550705, 0.0026367274602146808, 0.0, 0.0, 0.0, 0.03440052041819685, 0.8003500986319223, 0.0, 0.03966088414637393, 
0.07720598240086046, 0.0, 0.0, 0.0, 0.0, 0.003503875236709697, 0.003521346568571084, 0.0, 0.11343226379127755, 0.7514976560308735, 0.0, 0.0, 0.0, 0.007258412075440068, 0.0, 0.0017577523117083558, 0.0, 0.11682595399983364, 0.7722881416573761, 0.03968988183276521, 0.0035156366136195744, 0.0, 0.0, 0.0, 0.039743543134259596, 0.7424186460691784, 0.0, 0.04487094720965042, 
0.0, 0.0, 0.0, 0.0, 0.0, 0.004379844045887121, 0.004401683210713855, 0.0, 0.11629002073350266, 0.7390745159143272, 0.0, 0.0, 0.0, 0.009073015094300085, 0.0, 0.0, 0.0, 0.0043948048875892395, 0.7369134752012344, 0.048524205510023365, 0.004394545767024468, 0.0, 0.0, 0.0, 0.045086565850322335, 0.6844871935064344, 0.0, 0.05008101027292692, 
0.013620666589925204, 0.0, 0.0, 0.0, 0.0, 0.003503875236709697, 0.003521346568571084, 0.0, 0.119213603710805, 0.6074488341481832, 0.0, 0.0, 0.0, 0.007258412075440068, 0.0, 0.0018630411690192955, 0.0, 0.0035158439100713918, 0.7266417588480817, 0.15988242257364485, 0.008931132151617668, 0.0, 0.0, 0.0, 0.04282828804184291, 0.6745409449060906, 0.0, 0.18718330196576002, 
0.02724133317985041, 0.0, 0.0, 0.0, 0.0, 0.0026279064275322728, 0.002641009926428313, 0.0, 0.12213718668810734, 0.47582315238203915, 0.0, 0.0, 0.0, 0.005443809056580051, 0.0, 0.003726082338038591, 0.0, 0.0026368829325535436, 0.716370042494929, 0.2712406396372663, 0.01346771853621087, 0.0, 0.0, 0.0, 0.040570010233363485, 0.6645946963057469, 0.0, 0.32428559365859316, 
0.040861999769775614, 0.0, 0.0, 0.0, 0.0, 0.0017519376183548485, 0.001760673284285542, 0.0, 0.1250607696654097, 0.3441974706158951, 0.0, 0.0, 0.0, 0.003629206037720035, 0.0, 0.005589123507057887, 0.0, 0.0017579219550356955, 0.7060983261417763, 0.3825988567008878, 0.01800430492080407, 0.0, 0.0, 0.0, 0.03831173242488406, 0.6546484477054032, 0.0, 0.4613878853514263, 
0.05448266635970082, 0.0, 0.0, 0.0, 0.0, 0.0008759688091774243, 0.000880336642142771, 0.0, 0.12798435264271202, 0.21257178884975114, 0.0, 0.0, 0.0, 0.0018146030188600174, 0.0, 0.007452164676077182, 0.0, 0.0008789609775178477, 0.6958266097886235, 0.49395707376450926, 0.02254089130539727, 0.0, 0.0, 0.0, 0.03605345461640463, 0.6447021991050594, 0.0, 0.5984901770442593, 
0.06810333294962602, 0.0, 0.0, 0.0, 0.0, 0.0, 0.0, 0.0, 0.13090793562001438, 0.08094610708360718, 0.0, 0.0, 0.0, 0.0, 0.0, 0.009315205845096477, 0.0, 0.0, 0.6855548934354708, 0.6053152908281307, 0.02707747768999047, 0.0, 0.0, 0.0, 0.0337951768079252, 0.6347559505047157, 0.0, 0.7355924687370924, 
0.05537467280936356, 0.0, 0.0, 0.0, 0.0, 0.0, 0.0, 0.0, 0.30472634849601155, 0.07483600197656218, 0.0, 0.0, 0.0, 0.0, 0.0, 0.01170341588899127, 0.0, 0.0, 0.7301331577765451, 0.49606885989143346, 0.02569478045971559, 0.0, 0.0, 0.0, 0.027036141446340162, 0.5261064655137043, 0.0, 0.5893389460831455, 
0.0426460126691011, 0.0, 0.0, 0.0, 0.0, 0.0, 0.0, 0.0, 0.47854476137200863, 0.06872589686951718, 0.0, 0.0, 0.0, 0.0, 0.0, 0.01409162593288606, 0.0, 0.0, 0.7747114221176193, 0.3868224289547361, 0.024312083229440708, 0.0, 0.0, 0.0, 0.020277106084755123, 0.41745698052269287, 0.0, 0.44308542342919877, 
0.029917352528838634, 0.0, 0.0, 0.0, 0.0, 0.0, 0.0, 0.0, 0.6523631742480057, 0.06261579176247217, 0.0, 0.0, 0.0, 0.0, 0.0, 0.016479835976780852, 0.0, 0.0, 0.8192896864586936, 0.2775759980180388, 0.02292938599916583, 0.0, 0.0, 0.0, 0.01351807072317008, 0.3088074955316815, 0.0, 0.29683190077525196, 
0.017188692388576177, 0.0, 0.0, 0.0, 0.0, 0.0, 0.0, 0.0, 0.8261815871240029, 0.056505686655427184, 0.0, 0.0, 0.0, 0.0, 0.0, 0.018868046020675645, 0.0, 0.0, 0.8638679507997679, 0.1683295670813415, 0.02154668876889095, 0.0, 0.0, 0.0, 0.00675903536158504, 0.20015801054067012, 0.0, 0.15057837812130515, 
0.004460032248313714, 0.0, 0.0, 0.0, 0.0, 0.0, 0.0, 0.0, 1.0, 0.05039558154838218, 0.0, 0.0, 0.0, 0.0, 0.0, 0.021256256064570437, 0.0, 0.0, 0.9084462151408421, 0.05908313614464421, 0.020163991538616068, 0.0, 0.0, 0.0, 0.0, 0.09150852554965871, 0.0, 0.004324855467358415, 
0.0035680257986509716, 0.0, 0.0, 0.0, 0.0, 0.0, 0.0, 0.0, 0.9382792187581545, 0.04131657288063874, 0.0, 0.0, 0.0, 0.0, 0.0, 0.01700500485165635, 0.0, 0.0, 0.864738972064842, 0.16644738117004398, 0.038465487461106576, 0.0, 0.0, 0.0, 0.0, 0.18361319940283552, 0.0, 0.09392398718168987, 
0.0026760193489882285, 0.0, 0.0, 0.0, 0.0, 0.0, 0.0, 0.0, 0.8765584375163089, 0.03223756421289529, 0.0, 0.0, 0.0, 0.0, 0.0, 0.012753753638742262, 0.0, 0.0, 0.8210317289888417, 0.2738116261954438, 0.05676698338359709, 0.0, 0.0, 0.0, 0.0, 0.2757178732560123, 0.0, 0.18352311889602133, 
0.0017840128993254854, 0.0, 0.0, 0.0, 0.0, 0.0, 0.0, 0.0, 0.8148376562744634, 0.02315855554515184, 0.0, 0.0, 0.0, 0.0, 0.0, 0.008502502425828173, 0.0, 0.0, 0.7773244859128415, 0.3811758712208436, 0.0750684793060876, 0.0, 0.0, 0.0, 0.0, 0.36782254710918916, 0.0, 0.2731222506103528, 
0.0008920064496627427, 0.0, 0.0, 0.0, 0.0, 0.0, 0.0, 0.0, 0.7531168750326178, 0.014079546877408394, 0.0, 0.0, 0.0, 0.0, 0.0, 0.004251251212914087, 0.0, 0.0, 0.7336172428368413, 0.4885401162462434, 0.09336997522857812, 0.0, 0.0, 0.0, 0.0, 0.45992722096236593, 0.0, 0.3627213823246842, 
0.0, 0.0, 0.0, 0.0, 0.0, 0.0, 0.0, 0.0, 0.6913960937907723, 0.005000538209664942, 0.0, 0.0, 0.0, 0.0, 0.0, 0.0, 0.0, 0.0, 0.6899099997608411, 0.5959043612716431, 0.11167147115106862, 0.0, 0.0, 0.0, 0.0, 0.5520318948155427, 0.0, 0.45232051403901563, 
0.0, 0.0, 0.0, 0.0, 0.0, 0.0, 0.0, 0.0, 0.6977338115613888, 0.004000430567731954, 0.0, 0.0, 0.0, 0.0, 0.0, 0.0, 0.0, 0.0018784789110365529, 0.6887697425955815, 0.6158999728679779, 0.10593460368474159, 0.0, 0.0, 0.0, 0.0018521783719711697, 0.5567008748857871, 0.009803441315419355, 0.5618564112312125, 
0.0, 0.0, 0.0, 0.0, 0.0, 0.0, 0.0, 0.0, 0.7040715293320052, 0.0030003229257989654, 0.0, 0.0, 0.0, 0.0, 0.0, 0.0, 0.0, 0.0037569578220731058, 0.6876294854303221, 0.6358955844643127, 0.10019773621841453, 0.0, 0.0, 0.0, 0.0037043567439423394, 0.5613698549560315, 0.01960688263083871, 0.6713923084234094, 
0.0, 0.0, 0.0, 0.0, 0.0, 0.0, 0.0, 0.0, 0.7104092471026218, 0.0020002152838659772, 0.0, 0.0, 0.0, 0.0, 0.0, 0.0, 0.0, 0.005635436733109659, 0.6864892282650625, 0.6558911960606474, 0.09446086875208749, 0.0, 0.0, 0.0, 0.005556535115913509, 0.566038835026276, 0.029410323946258067, 0.7809282056156063, 
0.0, 0.0, 0.0, 0.0, 0.0, 0.0, 0.0, 0.0, 0.7167469648732382, 0.0010001076419329886, 0.0, 0.0, 0.0, 0.0, 0.0, 0.0, 0.0, 0.0075139156441462115, 0.6853489710998031, 0.6758868076569822, 0.08872400128576044, 0.0, 0.0, 0.0, 0.007408713487884679, 0.5707078150965205, 0.03921376526167742, 0.8904641028078031, 
0.0, 0.0, 0.0, 0.0, 0.0, 0.0, 0.0, 0.0, 0.7230846826438547, 0.0, 0.0, 0.0, 0.0, 0.0, 0.0, 0.0, 0.0, 0.009392394555182764, 0.6842087139345435, 0.695882419253317, 0.0829871338194334, 0.0, 0.0, 0.0, 0.009260891859855848, 0.5753767951667649, 0.049017206577096774, 1.0, 
0.0038316868054723827, 0.0, 0.0, 0.0, 0.0, 0.0, 0.0, 0.0, 0.6941522833163294, 0.0, 0.0, 0.0, 0.0, 0.0, 0.0, 0.0, 0.0, 0.0075139156441462115, 0.570013027409027, 0.7182932072348799, 0.07765457515919094, 0.0, 0.0, 0.0, 0.007408713487884679, 0.47321675093298476, 0.04376037092609821, 1.0, 
0.0076633736109447655, 0.0, 0.0, 0.0, 0.0, 0.0, 0.0, 0.0, 0.665219883988804, 0.0, 0.0, 0.0, 0.0, 0.0, 0.0, 0.0, 0.0, 0.005635436733109659, 0.45581734088351056, 0.7407039952164428, 0.07232201649894848, 0.0, 0.0, 0.0, 0.005556535115913509, 0.3710567066992047, 0.03850353527509964, 1.0, 
0.011495060416417149, 0.0, 0.0, 0.0, 0.0, 0.0, 0.0, 0.0, 0.6362874846612787, 0.0, 0.0, 0.0, 0.0, 0.0, 0.0, 0.0, 0.0, 0.0037569578220731058, 0.3416216543579941, 0.7631147831980056, 0.06698945783870602, 0.0, 0.0, 0.0, 0.003704356743942339, 0.26889666246542465, 0.03324669962410108, 1.0, 
0.015326747221889531, 0.0, 0.0, 0.0, 0.0, 0.0, 0.0, 0.0, 0.6073550853337535, 0.0, 0.0, 0.0, 0.0, 0.0, 0.0, 0.0, 0.0, 0.0018784789110365529, 0.2274259678324776, 0.7855255711795686, 0.06165689917846357, 0.0, 0.0, 0.0, 0.0018521783719711695, 0.16673661823164454, 0.02798986397310252, 1.0, 
0.019158434027361913, 0.0, 0.0, 0.0, 0.0, 0.0, 0.0, 0.0, 0.5784226860062281, 0.0, 0.0, 0.0, 0.0, 0.0, 0.0, 0.0, 0.0, 0.0, 0.1132302813069611, 0.8079363591611315, 0.05632434051822111, 0.0, 0.0, 0.0, 0.0, 0.06457657399786448, 0.022733028322103953, 1.0, 
0.015326747221889531, 0.0, 0.0, 0.0, 0.0, 0.0, 0.0, 0.0, 0.48129790182646137, 0.0008859030105629913, 0.0, 0.0, 0.0, 0.0, 0.0, 0.0009624976536314148, 0.0, 0.0, 0.29058422504556886, 0.8293585257076309, 0.14533760570410398, 0.0, 0.0, 0.0, 0.0, 0.185706918592271, 0.02088619221516428, 0.9166839490875008, 
0.011495060416417149, 0.0, 0.0, 0.0, 0.0, 0.0, 0.0, 0.0, 0.38417311764669465, 0.0017718060211259826, 0.0, 0.0, 0.0, 0.0, 0.0, 0.0019249953072628296, 0.0, 0.0, 0.46793816878417666, 0.8507806922541302, 0.23435087088998682, 0.0, 0.0, 0.0, 0.0, 0.30683726318667753, 0.019039356108224603, 0.8333678981750018, 
0.007663373610944765, 0.0, 0.0, 0.0, 0.0, 0.0, 0.0, 0.0, 0.28704833346692793, 0.0026577090316889738, 0.0, 0.0, 0.0, 0.0, 0.0, 0.0028874929608942446, 0.0, 0.0, 0.6452921125227844, 0.8722028588006296, 0.32336413607586967, 0.0, 0.0, 0.0, 0.0, 0.42796760778108406, 0.01719252000128493, 0.7500518472625026, 
0.0038316868054723823, 0.0, 0.0, 0.0, 0.0, 0.0, 0.0, 0.0, 0.18992354928716115, 0.003543612042251965, 0.0, 0.0, 0.0, 0.0, 0.0, 0.0038499906145256593, 0.0, 0.0, 0.8226460562613922, 0.893625025347129, 0.41237740126175254, 0.0, 0.0, 0.0, 0.0, 0.5490979523754906, 0.015345683894345255, 0.6667357963500036, 
0.0, 0.0, 0.0, 0.0, 0.0, 0.0, 0.0, 0.0, 0.09279876510739442, 0.004429515052814957, 0.0, 0.0, 0.0, 0.0, 0.0, 0.004812488268157074, 0.0, 0.0, 1.0, 0.9150471918936284, 0.5013906664476354, 0.0, 0.0, 0.0, 0.0, 0.6702282969698972, 0.01349884778740558, 0.5834197454375044, 
0.112786755608921, 0.0, 0.0, 0.0, 0.0, 0.0, 0.0, 0.0, 0.21195401164192057, 0.013111182262321847, 0.0, 0.0, 0.0, 0.00514609780063453, 0.0, 0.005803497164866766, 0.0, 0.0, 0.9752833352139747, 0.9320377535149027, 0.5837550762799528, 0.0, 0.0, 0.0, 0.0, 0.7044165273113322, 0.11126148156299763, 0.6343739742091165, 
0.225573511217842, 0.0, 0.0, 0.0, 0.0, 0.0, 0.0, 0.0, 0.33110925817644676, 0.02179284947182874, 0.0, 0.0, 0.0, 0.01029219560126906, 0.0, 0.006794506061576458, 0.0, 0.0, 0.9505666704279495, 0.949028315136177, 0.6661194861122703, 0.0, 0.0, 0.0, 0.0, 0.7386047576527673, 0.20902411533858967, 0.6853282029807285, 
0.338360266826763, 0.0, 0.0, 0.0, 0.0, 0.0, 0.0, 0.0, 0.45026450471097296, 0.03047451668133563, 0.0, 0.0, 0.0, 0.015438293401903589, 0.0, 0.00778551495828615, 0.0, 0.0, 0.9258500056419242, 0.9660188767574514, 0.7484838959445878, 0.0, 0.0, 0.0, 0.0, 0.7727929879942024, 0.30678674911418174, 0.7362824317523405, 
0.451147022435684, 0.0, 0.0, 0.0, 0.0, 0.0, 0.0, 0.0, 0.569419751245499, 0.03915618389084252, 0.0, 0.0, 0.0, 0.02058439120253812, 0.0, 0.008776523854995843, 0.0, 0.0, 0.901133340855899, 0.9830094383787257, 0.8308483057769052, 0.0, 0.0, 0.0, 0.0, 0.8069812183356375, 0.40454938288977377, 0.7872366605239526, 
0.563933778044605, 0.0, 0.0, 0.0, 0.0, 0.0, 0.0, 0.0, 0.6885749977800252, 0.04783785110034942, 0.0, 0.0, 0.0, 0.02573048900317265, 0.0, 0.009767532751705535, 0.0, 0.0, 0.8764166760698737, 1.0, 0.9132127156092226, 0.0, 0.0, 0.0, 0.0, 0.8411694486770726, 0.5023120166653658, 0.8381908892955646, 
0.46342366633896476, 0.0, 0.0, 0.0, 0.0, 0.0, 0.0, 0.0, 0.6962040112510567, 0.038270280880279534, 0.0, 0.0, 0.0, 0.02058439120253812, 0.0, 0.013784549263581785, 0.0, 0.0, 0.888500849145829, 1.0, 0.8809808533261798, 0.0, 0.0, 0.0, 0.00189320698783543, 0.7906632737197034, 0.40750710740018453, 0.6863132720296141, 
0.36291355463332453, 0.0, 0.0, 0.0, 0.0, 0.0, 0.0, 0.0, 0.7038330247220881, 0.02870271066020965, 0.0, 0.0, 0.0, 0.015438293401903589, 0.0, 0.017801565775458036, 0.0, 0.0, 0.9005850222217844, 1.0, 0.8487489910431372, 0.0, 0.0, 0.0, 0.00378641397567086, 0.7401570987623342, 0.3127021981350032, 0.5344356547636635, 
0.26240344292768425, 0.0, 0.0, 0.0, 0.0, 0.0, 0.0, 0.0, 0.7114620381931196, 0.019135140440139767, 0.0, 0.0, 0.0, 0.01029219560126906, 0.0, 0.021818582287334284, 0.0, 0.0, 0.9126691952977396, 1.0, 0.8165171287600944, 0.0, 0.0, 0.0, 0.00567962096350629, 0.6896509238049651, 0.2178972888698219, 0.38255803749771294, 
0.16189333122204402, 0.0, 0.0, 0.0, 0.0, 0.0, 0.0, 0.0, 0.719091051664151, 0.009567570220069883, 0.0, 0.0, 0.0, 0.00514609780063453, 0.0, 0.025835598799210532, 0.0, 0.0, 0.9247533683736949, 1.0, 0.7842852664770517, 0.0, 0.0, 0.0, 0.00757282795134172, 0.6391447488475959, 0.12309237960464059, 0.23068042023176238, 
0.061383219516403784, 0.0, 0.0, 0.0, 0.0, 0.0, 0.0, 0.0, 0.7267200651351825, 0.0, 0.0, 0.0, 0.0, 0.0, 0.0, 0.02985261531108678, 0.0, 0.0, 0.9368375414496503, 1.0, 0.752053404194009, 0.0, 0.0, 0.0, 0.00946603493917715, 0.5886385738902267, 0.02828747033945927, 0.07880280296581174, 
0.06886923949230114, 0.0, 0.0, 0.0, 0.0, 0.0, 0.0, 0.0, 0.5917154797785101, 0.0, 0.0, 0.0, 0.0, 0.0008953801897459883, 0.0, 0.027042499598067524, 0.0, 0.0, 0.8973568578514564, 0.9448749192024302, 0.6044562389330308, 0.0, 0.0, 0.0, 0.00757282795134172, 0.4781544015080032, 0.023622178327542414, 0.0630422423726494, 
0.0763552594681985, 0.0, 0.0, 0.0, 0.0, 0.0, 0.0, 0.0, 0.4567108944218378, 0.0, 0.0, 0.0, 0.0, 0.0017907603794919767, 0.0, 0.024232383885048267, 0.0, 0.0, 0.8578761742532623, 0.8897498384048603, 0.4568590736720527, 0.0, 0.0, 0.0, 0.005679620963506289, 0.36767022912577974, 0.01895688631562556, 0.04728168177948704, 
0.08384127944409586, 0.0, 0.0, 0.0, 0.0, 0.0, 0.0, 0.0, 0.3217063090651655, 0.0, 0.0, 0.0, 0.0, 0.002686140569237965, 0.0, 0.021422268172029007, 0.0, 0.0, 0.8183954906550684, 0.8346247576072905, 0.30926190841107454, 0.0, 0.0, 0.0, 0.003786413975670859, 0.2571860567435563, 0.014291594303708702, 0.03152112118632469, 
0.09132729941999324, 0.0, 0.0, 0.0, 0.0, 0.0, 0.0, 0.0, 0.18670172370849314, 0.0, 0.0, 0.0, 0.0, 0.0035815207589839533, 0.0, 0.01861215245900975, 0.0, 0.0, 0.7789148070568745, 0.7794996768097205, 0.16166474315009638, 0.0, 0.0, 0.0, 0.0018932069878354295, 0.14670188436133286, 0.009626302291791847, 0.015760560593162345, 
0.0988133193958906, 0.0, 0.0, 0.0, 0.0, 0.0, 0.0, 0.0, 0.05169713835182076, 0.0, 0.0, 0.0, 0.0, 0.004476900948729942, 0.0, 0.015802036745990494, 0.0, 0.0, 0.7394341234586805, 0.7243745960121507, 0.014067577889118223, 0.0, 0.0, 0.0, 0.0, 0.03621771197910936, 0.004961010279874994, 0.0, 
0.09101490989822049, 0.0, 0.0, 0.0, 0.0, 0.0, 0.0, 0.0, 0.13856459161720436, 0.0, 0.0, 0.0, 0.0, 0.09874091603240256, 0.0, 0.015490599044695172, 0.0, 0.0, 0.7915472987669444, 0.7657727905557418, 0.11626537304311814, 0.0, 0.0, 0.0, 0.0, 0.04668743814023635, 0.09922855990915648, 0.0027069728940835504, 
0.08321650040055038, 0.0, 0.0, 0.0, 0.0, 0.0, 0.0, 0.0, 0.225432044882588, 0.0, 0.0, 0.0, 0.0, 0.19300493111607517, 0.0, 0.01517916134339985, 0.0, 0.0, 0.8436604740752083, 0.8071709850993329, 0.21846316819711806, 0.0, 0.0, 0.0, 0.0, 0.05715716430136334, 0.19349610953843796, 0.005413945788167101, 
0.07541809090288026, 0.0, 0.0, 0.0, 0.0, 0.0, 0.0, 0.0, 0.31229949814797164, 0.0, 0.0, 0.0, 0.0, 0.2872689461997478, 0.0, 0.014867723642104529, 0.0, 0.0, 0.8957736493834723, 0.848569179642924, 0.320660963351118, 0.0, 0.0, 0.0, 0.0, 0.06762689046249033, 0.28776365916771945, 0.008120918682250651, 
0.06761968140521016, 0.0, 0.0, 0.0, 0.0, 0.0, 0.0, 0.0, 0.39916695141335523, 0.0, 0.0, 0.0, 0.0, 0.3815329612834204, 0.0, 0.014556285940809207, 0.0, 0.0, 0.9478868246917361, 0.8899673741865151, 0.4228587585051179, 0.0, 0.0, 0.0, 0.0, 0.07809661662361732, 0.3820312087970009, 0.010827891576334202, 
0.05982127190754006, 0.0, 0.0, 0.0, 0.0, 0.0, 0.0, 0.0, 0.4860344046787389, 0.0, 0.0, 0.0, 0.0, 0.475796976367093, 0.0, 0.014244848239513885, 0.0, 0.0, 1.0, 0.9313655687301062, 0.5250565536591179, 0.0, 0.0, 0.0, 0.0, 0.0885663427847443, 0.4762987584262824, 0.013534864470417752, 
0.22905627338121376, 0.0, 0.0, 0.0, 0.0, 0.0, 0.0, 0.0, 0.5016310855799513, 0.0, 0.0, 0.0, 0.0, 0.3806375810936744, 0.0, 0.020334419366278222, 0.0, 0.0, 0.8125187137174512, 0.9027121608489296, 0.4200452429272943, 0.0, 0.0, 0.0, 0.0, 0.2708530742277954, 0.3862188368552493, 0.010827891576334202, 
0.39829127485488747, 0.0, 0.0, 0.0, 0.0, 0.0, 0.0, 0.0, 0.5172277664811638, 0.0, 0.0, 0.0, 0.0, 0.2854781858202558, 0.0, 0.026423990493042556, 0.0, 0.0, 0.6250374274349023, 0.8740587529677529, 0.3150339321954707, 0.0, 0.0, 0.0, 0.0, 0.45313980567084655, 0.2961389152842163, 0.008120918682250651, 
0.5675262763285612, 0.0, 0.0, 0.0, 0.0, 0.0, 0.0, 0.0, 0.5328244473823762, 0.0, 0.0, 0.0, 0.0, 0.1903187905468372, 0.0, 0.03251356161980689, 0.0, 0.0, 0.4375561411523534, 0.8454053450865763, 0.21002262146364714, 0.0, 0.0, 0.0, 0.0, 0.6354265371138976, 0.20605899371318326, 0.005413945788167101, 
0.7367612778022349, 0.0, 0.0, 0.0, 0.0, 0.0, 0.0, 0.0, 0.5484211282835887, 0.0, 0.0, 0.0, 0.0, 0.0951593952734186, 0.0, 0.03860313274657123, 0.0, 0.0, 0.25007485486980463, 0.8167519372053996, 0.10501131073182357, 0.0, 0.0, 0.0, 0.0, 0.8177132685569488, 0.1159790721421502, 0.0027069728940835504, 
0.9059962792759085, 0.0, 0.0, 0.0, 0.0, 0.0, 0.0, 0.0, 0.5640178091848012, 0.0, 0.0, 0.0, 0.0, 0.0, 0.0, 0.044692703873335564, 0.0, 0.0, 0.06259356858725583, 0.788098529324223, 0.0, 0.0, 0.0, 0.0, 0.0, 1.0, 0.025899150571117142, 0.0, 
0.9024607275929386, 0.0, 0.0, 0.07390061940456864, 0.0, 0.0, 0.003721801511368128, 0.0, 0.57114886864941, 0.0, 0.0, 0.07789267230880134, 0.0, 0.08411437538234291, 0.0017475078666336103, 0.040463752611530165, 0.0, 0.0, 0.18436764868474237, 0.8304788234593784, 0.0018070918493996303, 0.0, 0.0, 0.0, 0.0, 0.8056603734136014, 0.023898357243470524, 0.0, 
0.8989251759099687, 0.0, 0.0, 0.1478012388091373, 0.0, 0.0, 0.007443603022736256, 0.0, 0.5782799281140187, 0.0, 0.0, 0.15578534461760268, 0.0, 0.16822875076468582, 0.0034950157332672206, 0.03623480134972477, 0.0, 0.0, 0.30614172878222895, 0.8728591175945338, 0.0036141836987992606, 0.0, 0.0, 0.0, 0.0, 0.6113207468272028, 0.021897563915823908, 0.0, 
0.8953896242269986, 0.0, 0.0, 0.22170185821370592, 0.0, 0.0, 0.011165404534104383, 0.0, 0.5854109875786276, 0.0, 0.0, 0.23367801692640403, 0.0, 0.25234312614702875, 0.005242523599900831, 0.03200585008791937, 0.0, 0.0, 0.4279158088797155, 0.9152394117296891, 0.0054212755481988905, 0.0, 0.0, 0.0, 0.0, 0.41698112024080414, 0.01989677058817729, 0.0, 
0.8918540725440287, 0.0, 0.0, 0.2956024776182746, 0.0, 0.0, 0.014887206045472511, 0.0, 0.5925420470432364, 0.0, 0.0, 0.31157068923520537, 0.0, 0.33645750152937165, 0.006990031466534441, 0.027776898826113974, 0.0, 0.0, 0.5496898889772021, 0.9576197058648446, 0.007228367397598521, 0.0, 0.0, 0.0, 0.0, 0.22264149365440555, 0.017895977260530674, 0.0, 
0.8883185208610588, 0.0, 0.0, 0.36950309702284323, 0.0, 0.0, 0.01860900755684064, 0.0, 0.5996731065078452, 0.0, 0.0, 0.38946336154400674, 0.0, 0.42057187691171455, 0.008737539333168051, 0.023547947564308575, 0.0, 0.0, 0.6714639690746886, 1.0, 0.009035459246998152, 0.0, 0.0, 0.0, 0.0, 0.028301867068006987, 0.015895183932884055, 0.0, 
0.8062487630433746, 0.0, 0.0, 0.2956024776182746, 0.0, 0.0, 0.014887206045472511, 0.0, 0.47973848520627616, 0.0, 0.0, 0.31157068923520537, 0.0, 0.33645750152937165, 0.006990031466534441, 0.01883835805144686, 0.0, 0.0, 0.548897020367312, 1.0, 0.008191995812881997, 0.0, 0.0, 0.0, 0.0, 0.02264149365440559, 0.012716147146307245, 0.0, 
0.7241790052256905, 0.0, 0.0, 0.22170185821370594, 0.0, 0.0, 0.011165404534104384, 0.0, 0.35980386390470714, 0.0, 0.0, 0.23367801692640405, 0.0, 0.2523431261470287, 0.005242523599900831, 0.014128768538585145, 0.0, 0.0, 0.4263300716599355, 1.0, 0.007348532378765843, 0.0, 0.0, 0.0, 0.0, 0.01698112024080419, 0.009537110359730433, 0.0, 
0.6421092474080062, 0.0, 0.0, 0.14780123880913731, 0.0, 0.0, 0.007443603022736257, 0.0, 0.23986924260313813, 0.0, 0.0, 0.1557853446176027, 0.0, 0.1682287507646858, 0.00349501573326722, 0.00941917902572343, 0.0, 0.0, 0.3037631229525589, 1.0, 0.006505068944649688, 0.0, 0.0, 0.0, 0.0, 0.011320746827202795, 0.006358073573153621, 0.0, 
0.560039489590322, 0.0, 0.0, 0.07390061940456866, 0.0, 0.0, 0.0037218015113681287, 0.0, 0.11993462130156907, 0.0, 0.0, 0.07789267230880137, 0.0, 0.0841143753823429, 0.00174750786663361, 0.004709589512861715, 0.0, 0.0, 0.1811961742451823, 1.0, 0.005661605510533533, 0.0, 0.0, 0.0, 0.0, 0.005660373413601396, 0.0031790367865768103, 0.0, 
0.47796973177263785, 0.0, 0.0, 0.0, 0.0, 0.0, 0.0, 0.0, 0.0, 0.0, 0.0, 0.0, 0.0, 0.0, 0.0, 0.0, 0.0, 0.0, 0.058629225537805654, 1.0, 0.004818142076417379, 0.0, 0.0, 0.0, 0.0, 0.0, 0.0, 0.0, 
0.49300144567295445, 0.0, 0.0, 0.0, 0.0, 0.0, 0.0, 0.0, 0.0, 0.0, 0.0, 0.0, 0.0, 0.0, 0.0, 0.0, 0.0, 0.0, 0.04690338043024452, 1.0, 0.007111990087227066, 0.0, 0.0, 0.0, 0.0, 0.0, 0.0, 0.0, 
0.508033159573271, 0.0, 0.0, 0.0, 0.0, 0.0, 0.0, 0.0, 0.0, 0.0, 0.0, 0.0, 0.0, 0.0, 0.0, 0.0, 0.0, 0.0, 0.03517753532268339, 1.0, 0.009405838098036755, 0.0, 0.0, 0.0, 0.0, 0.0, 0.0, 0.0, 
0.5230648734735875, 0.0, 0.0, 0.0, 0.0, 0.0, 0.0, 0.0, 0.0, 0.0, 0.0, 0.0, 0.0, 0.0, 0.0, 0.0, 0.0, 0.0, 0.023451690215122264, 0.9999999999999999, 0.011699686108846443, 0.0, 0.0, 0.0, 0.0, 0.0, 0.0, 0.0, 
0.5380965873739042, 0.0, 0.0, 0.0, 0.0, 0.0, 0.0, 0.0, 0.0, 0.0, 0.0, 0.0, 0.0, 0.0, 0.0, 0.0, 0.0, 0.0, 0.011725845107561132, 0.9999999999999999, 0.01399353411965613, 0.0, 0.0, 0.0, 0.0, 0.0, 0.0, 0.0, 
0.5531283012742207, 0.0, 0.0, 0.0, 0.0, 0.0, 0.0, 0.0, 0.0, 0.0, 0.0, 0.0, 0.0, 0.0, 0.0, 0.0, 0.0, 0.0, 0.0, 0.9999999999999999, 0.016287382130465818, 0.0, 0.0, 0.0, 0.0, 0.0, 0.0, 0.0, 
0.4473222931745928, 0.0, 0.0, 0.0, 0.0, 0.007447798319718352, 0.09104598219837243, 0.0, 0.0018017930093822902, 0.0, 0.0, 0.0, 0.0, 0.12039387256601515, 0.0062612526638744365, 0.09566088106387922, 0.0, 0.0, 0.12862030176488212, 0.9999999999999999, 0.14851457880036717, 0.0, 0.0, 0.0, 0.0, 0.0, 0.0, 0.0, 
0.34151628507496484, 0.0, 0.0, 0.0, 0.0, 0.014895596639436704, 0.18209196439674485, 0.0, 0.0036035860187645804, 0.0, 0.0, 0.0, 0.0, 0.2407877451320303, 0.012522505327748873, 0.19132176212775845, 0.0, 0.0, 0.25724060352976424, 0.9999999999999999, 0.2807417754702685, 0.0, 0.0, 0.0, 0.0, 0.0, 0.0, 0.0, 
0.23571027697533686, 0.0, 0.0, 0.0, 0.0, 0.022343394959155057, 0.27313794659511725, 0.0, 0.00540537902814687, 0.0, 0.0, 0.0, 0.0, 0.36118161769804547, 0.01878375799162331, 0.2869826431916377, 0.0, 0.0, 0.38586090529464634, 1.0, 0.41296897214016987, 0.0, 0.0, 0.0, 0.0, 0.0, 0.0, 0.0, 
0.12990426887570894, 0.0, 0.0, 0.0, 0.0, 0.029791193278873408, 0.3641839287934897, 0.0, 0.007207172037529161, 0.0, 0.0, 0.0, 0.0, 0.4815754902640606, 0.025045010655497746, 0.3826435242555169, 0.0, 0.0, 0.5144812070595285, 1.0, 0.5451961688100712, 0.0, 0.0, 0.0, 0.0, 0.0, 0.0, 0.0, 
0.02409826077608106, 0.0, 0.0, 0.0, 0.0, 0.03723899159859176, 0.45522991099186216, 0.0, 0.009008965046911451, 0.0, 0.0, 0.0, 0.0, 0.6019693628300757, 0.03130626331937218, 0.4783044053193961, 0.0, 0.0, 0.6431015088244106, 1.0, 0.6774233654799725, 0.0, 0.0, 0.0, 0.0, 0.0, 0.0, 0.0, 
0.036233811518477745, 0.0, 0.0, 0.0, 0.0, 0.029791193278873408, 0.3641839287934897, 0.0, 0.007207172037529161, 0.0, 0.004419685799305722, 0.0, 0.0, 0.5688467168753768, 0.038439282689293384, 0.3925751782756075, 0.0, 0.0, 0.6632697738732596, 1.0, 0.57038179010022, 0.0, 0.0, 0.0, 0.0, 0.0019009804593880966, 0.003023708447850857, 0.10880812266033801, 
0.04836936226087443, 0.0, 0.0, 0.0, 0.0, 0.022343394959155057, 0.2731379465951173, 0.0, 0.00540537902814687, 0.0, 0.008839371598611444, 0.0, 0.0, 0.535724070920678, 0.04557230205921459, 0.30684595123181896, 0.0, 0.0, 0.6834380389221085, 1.0, 0.4633402147204677, 0.0, 0.0, 0.0, 0.0, 0.003801960918776193, 0.006047416895701714, 0.21761624532067603, 
0.06050491300327111, 0.0, 0.0, 0.0, 0.0, 0.014895596639436702, 0.1820919643967449, 0.0, 0.003603586018764581, 0.0, 0.013259057397917166, 0.0, 0.0, 0.502601424965979, 0.052705321429135796, 0.2211167241880304, 0.0, 0.0, 0.7036063039709575, 1.0, 0.35629863934071526, 0.0, 0.0, 0.0, 0.0, 0.005702941378164289, 0.009071125343552571, 0.32642436798101404, 
0.07264046374566781, 0.0, 0.0, 0.0, 0.0, 0.007447798319718351, 0.09104598219837245, 0.0, 0.0018017930093822904, 0.0, 0.017678743197222888, 0.0, 0.0, 0.4694787790112801, 0.059838340799057, 0.1353874971442418, 0.0, 0.0, 0.7237745690198064, 1.0, 0.24925706396096287, 0.0, 0.0, 0.0, 0.0, 0.007603921837552386, 0.012094833791403428, 0.43523249064135205, 
0.08477601448806449, 0.0, 0.0, 0.0, 0.0, 0.0, 0.0, 0.0, 0.0, 0.0, 0.02209842899652861, 0.0, 0.0, 0.4363561330565812, 0.0669713601689782, 0.04965827010045326, 0.0, 0.0, 0.7439428340686554, 1.0, 0.14221548858121047, 0.0, 0.0, 0.0, 0.0, 0.009504902296940483, 0.015118542239254285, 0.5440406133016901, 
0.26782081159045157, 0.0, 0.0, 0.0, 0.0, 0.0, 0.0, 0.0009332064534136973, 0.0, 0.0, 0.10070101654816581, 0.08442171373869041, 0.0009276741321892599, 0.35228842840966684, 0.07425788380011206, 0.05117430260696979, 0.0, 0.005338120776294612, 0.7036535186180162, 0.9679337362681971, 0.30521688423312016, 0.0, 0.0, 0.0, 0.0, 0.007603921837552386, 0.012094833791403428, 0.542333876148119, 
0.4508656086928387, 0.0, 0.0, 0.0, 0.0, 0.0, 0.0, 0.0018664129068273947, 0.0, 0.0, 0.179303604099803, 0.16884342747738082, 0.0018553482643785199, 0.2682207237627524, 0.0815444074312459, 0.05269033511348633, 0.0, 0.010676241552589224, 0.663364203167377, 0.9358674725363942, 0.46821827988502984, 0.0, 0.0, 0.0, 0.0, 0.00570294137816429, 0.009071125343552571, 0.540627138994548, 
0.6339104057952258, 0.0, 0.0, 0.0, 0.0, 0.0, 0.0, 0.002799619360241092, 0.0, 0.0, 0.2579061916514402, 0.25326514121607124, 0.00278302239656778, 0.18415301911583803, 0.08883093106237976, 0.05420636762000286, 0.0, 0.016014362328883834, 0.6230748877167378, 0.9038012088045912, 0.6312196755369395, 0.0, 0.0, 0.0, 0.0, 0.003801960918776194, 0.006047416895701714, 0.5389204018409769, 
0.8169552028976129, 0.0, 0.0, 0.0, 0.0, 0.0, 0.0, 0.0037328258136547893, 0.0, 0.0, 0.33650877920307737, 0.33768685495476164, 0.0037106965287570398, 0.10008531446892366, 0.0961174546935136, 0.0557224001265194, 0.0, 0.021352483105178448, 0.5827855722660985, 0.8717349450727884, 0.7942210711888492, 0.0, 0.0, 0.0, 0.0, 0.001900980459388097, 0.003023708447850857, 0.5372136646874058, 
1.0, 0.0, 0.0, 0.0, 0.0, 0.0, 0.0, 0.004666032267068487, 0.0, 0.0, 0.41511136675471455, 0.42210856869345204, 0.0046383706609463, 0.01601760982200926, 0.10340397832464746, 0.05723843263303593, 0.0, 0.026690603881473058, 0.5424962568154593, 0.8396686813409855, 0.957222466840759, 0.0, 0.0, 0.0, 0.0, 0.0, 0.0, 0.5355069275338348, 
0.9327945089364348, 0.0, 0.0, 0.0, 0.008839854301782128, 0.0, 0.0, 0.0037328258136547893, 0.0, 0.0, 0.3355671801440728, 0.3386215583899818, 0.004648587186141695, 0.023743149138314462, 0.21270976802963473, 0.0529752867697877, 0.0, 0.021352483105178448, 0.43399700545236747, 0.8151630601905239, 0.9657779734726072, 0.09489620325838645, 0.0, 0.0, 0.0, 0.0021170670849772434, 0.006677043134425934, 0.4284055420270678, 
0.8655890178728696, 0.0, 0.0, 0.0, 0.017679708603564256, 0.0, 0.0, 0.002799619360241092, 0.0, 0.0, 0.25602299353343094, 0.2551345480865116, 0.00465880371133709, 0.03146868845461966, 0.322015557734622, 0.04871214090653947, 0.0, 0.016014362328883834, 0.3254977540892756, 0.7906574390400624, 0.9743334801044554, 0.1897924065167729, 0.0, 0.0, 0.0, 0.004234134169954487, 0.013354086268851867, 0.32130415652030087, 
0.7983835268093044, 0.0, 0.0, 0.0, 0.026519562905346385, 0.0, 0.0, 0.0018664129068273949, 0.0, 0.0, 0.17647880692278917, 0.17164753778304132, 0.004669020236532485, 0.039194227770924864, 0.43132134743960926, 0.044448995043291244, 0.0, 0.010676241552589224, 0.2169985027261837, 0.7661518178896007, 0.9828889867363035, 0.28468860977515936, 0.0, 0.0, 0.0, 0.00635120125493173, 0.0200311294032778, 0.2142027710135339, 
0.7311780357457391, 0.0, 0.0, 0.0, 0.03535941720712851, 0.0, 0.0, 0.0009332064534136974, 0.0, 0.0, 0.09693462031214739, 0.0881605274795711, 0.00467923676172788, 0.046919767087230065, 0.5406271371445965, 0.04018584918004302, 0.0, 0.00533812077629461, 0.10849925136309185, 0.7416461967391392, 0.9914444933681518, 0.3795848130335458, 0.0, 0.0, 0.0, 0.008468268339908974, 0.026708172537703734, 0.10710138550676696, 
0.6639725446821739, 0.0, 0.0, 0.0, 0.04419927150891064, 0.0, 0.0, 0.0, 0.0, 0.0, 0.017390433701505593, 0.004673517176100851, 0.004689453286923276, 0.054645306403535265, 0.6499329268495838, 0.035922703316794785, 0.0, 0.0, 0.0, 0.7171405755886776, 1.0, 0.47448101629193223, 0.0, 0.0, 0.0, 0.010585335424886218, 0.03338521567212967, 0.0, 
0.7311780357457391, 0.014963997181036429, 0.0, 0.007198486182248146, 0.17220367393635452, 0.008095330982615433, 0.1539923884260705, 0.0017896959882593838, 0.001787346334987865, 0.1000836633330553, 0.1470880125556876, 0.14334939252410778, 0.010585941959596869, 0.053040458805988885, 0.7005329217349706, 0.04600181782153433, 0.0, 0.09898069275551072, 0.007781887600061967, 0.7248796252115991, 0.9742572137463937, 0.4617019396758803, 0.0, 0.007762410257502907, 0.0, 0.12287109656759829, 0.1518690489459525, 0.08965229496019032, 
0.7983835268093044, 0.029927994362072857, 0.0, 0.014396972364496292, 0.30020807636379837, 0.016190661965230866, 0.307984776852141, 0.0035793919765187677, 0.00357469266997573, 0.2001673266661106, 0.27678559140986964, 0.28202526787211474, 0.016482430632270464, 0.051435611208442505, 0.7511329166203574, 0.056080932326273876, 0.0, 0.19796138551102144, 0.015563775200123933, 0.7326186748345206, 0.9485144274927875, 0.44892286305982837, 0.0, 0.015524820515005814, 0.0, 0.23515685771031036, 0.2703528822197753, 0.17930458992038065, 
0.8655890178728696, 0.044891991543109286, 0.0, 0.02159545854674444, 0.42821247879124225, 0.0242859929478463, 0.4619771652782115, 0.005369087964778151, 0.0053620390049635945, 0.3002509899991659, 0.4064831702640517, 0.42070114322012164, 0.022378919304944057, 0.049830763610896125, 0.8017329115057441, 0.06616004683101342, 0.0, 0.2969420782665322, 0.0233456628001859, 0.7403577244574421, 0.9227716412391812, 0.4361437864437765, 0.0, 0.023287230772508723, 0.0, 0.34744261885302247, 0.38883671549359816, 0.26895688488057096, 
0.9327945089364348, 0.059855988724145714, 0.0, 0.028793944728992583, 0.5562168812186862, 0.03238132393046173, 0.615969553704282, 0.007158783953037535, 0.00714938533995146, 0.4003346533322212, 0.5361807491182337, 0.5593770185681286, 0.028275407977617652, 0.048225916013349746, 0.8523329063911309, 0.07623916133575297, 0.0, 0.3959227710220429, 0.031127550400247866, 0.7480967740803636, 0.8970288549855749, 0.42336470982772456, 0.0, 0.031049641030011628, 0.0, 0.4597283799957345, 0.507320548767421, 0.3586091798407613, 
1.0, 0.07481998590518214, 0.0, 0.03599243091124073, 0.6842212836461301, 0.04047665491307716, 0.7699619421303525, 0.00894847994129692, 0.008936731674939325, 0.5004183166652765, 0.6658783279724156, 0.6980528939161356, 0.034171896650291245, 0.046621068415803366, 0.9029329012765177, 0.08631827584049251, 0.0, 0.4949034637775536, 0.03890943800030983, 0.7558358237032851, 0.8712860687319687, 0.41058563321167263, 0.0, 0.03881205128751453, 0.0, 0.5720141411384466, 0.6258043820412439, 0.44826147480095163, 
0.9681458520888196, 0.07774416093955869, 0.0, 0.028793944728992583, 0.7046283826219315, 0.17647733395834644, 0.7611257848649967, 0.013496921347304881, 0.011370293687552326, 0.4003346533322212, 0.5364347937275384, 0.6964691416785534, 0.034715764534805446, 0.1602631867222746, 0.9223463210212142, 0.08918826100172961, 0.0, 0.4006998317732936, 0.031127550400247866, 0.740848580423561, 0.8170081741627072, 0.34321025340806743, 0.0, 0.04357059299549344, 0.11956647103704943, 0.47914981122014344, 0.5024927764285156, 0.3586091798407613, 
0.9362917041776393, 0.08066833597393522, 0.0, 0.021595458546744436, 0.7250354815977329, 0.3124780130036157, 0.7522896275996409, 0.01804536275331284, 0.013803855700165325, 0.3002509899991659, 0.40699125948266124, 0.6948853894409713, 0.03525963241931964, 0.2739053050287458, 0.9417597407659106, 0.09205824616296672, 0.0, 0.30649619976903353, 0.0233456628001859, 0.725861337143837, 0.7627302795934457, 0.27583487360446224, 0.0, 0.04832913470347235, 0.23913294207409885, 0.3862854813018403, 0.37918117081578745, 0.268956884880571, 
0.904437556266459, 0.08359251100831176, 0.0, 0.014396972364496288, 0.7454425805735343, 0.448478692048885, 0.743453470334285, 0.0225938041593208, 0.016237417712778326, 0.2001673266661106, 0.27754772523778404, 0.6933016372033891, 0.03580350030383384, 0.3875474233352171, 0.961173160510607, 0.09492823132420382, 0.0, 0.2122925677647735, 0.015563775200123933, 0.7108740938641129, 0.7084523850241844, 0.2084594938008571, 0.0, 0.05308767641145126, 0.3586994131111483, 0.2934211513835372, 0.25586956520305926, 0.17930458992038067, 
0.8725834083552787, 0.08651668604268829, 0.0, 0.007198486182248144, 0.7658496795493357, 0.5844793710941543, 0.7346173130689292, 0.027142245565328765, 0.018670979725391328, 0.1000836633330553, 0.14810419099290684, 0.691717884965807, 0.036347368188348037, 0.5011895416416883, 0.9805865802553034, 0.09779821648544093, 0.0, 0.11808893576051344, 0.007781887600061967, 0.6958868505843889, 0.6541744904549229, 0.1410841139972519, 0.0, 0.05784621811943017, 0.4782658841481977, 0.20055682146523401, 0.132557959590331, 0.08965229496019034, 
0.8407292604440983, 0.08944086107706484, 0.0, 0.0, 0.7862567785251371, 0.7204800501394235, 0.7257811558035734, 0.03169068697133672, 0.02110454173800433, 0.0, 0.01866065674802961, 0.6901341327282249, 0.03689123607286224, 0.6148316599481596, 0.9999999999999999, 0.10066820164667803, 0.0, 0.02388530375625344, 0.0, 0.6808996073046649, 0.5998965958856615, 0.07370873419364671, 0.0, 0.06260475982740908, 0.5978323551852471, 0.10769249154693089, 0.009246353977602732, 0.0, 
0.7951678554455566, 0.07155268886165186, 0.0027477366245513652, 0.0, 0.7730058566349418, 0.5763840401115388, 0.5806249246428588, 0.12084139905802, 0.017749145916822327, 0.0, 0.01492852539842369, 0.653789630515063, 0.03693169732974074, 0.5692618001161946, 0.9587188970510524, 0.0911641977577623, 0.0, 0.019108243005002752, 0.0, 0.5564191309015873, 0.4799172767085292, 0.17215424582425176, 0.004395596655535991, 0.05996116836881474, 0.48975790450728834, 0.11169962469642852, 0.009249195215288768, 0.0, 
0.7496064504470148, 0.053664516646238905, 0.0054954732491027305, 0.0, 0.7597549347447465, 0.43228803008365413, 0.435468693482144, 0.20999211114470326, 0.014393750095640326, 0.0, 0.011196394048817768, 0.6174451283019011, 0.036972158586619244, 0.5236919402842298, 0.9174377941021048, 0.08166019386884657, 0.0, 0.014331182253752062, 0.0, 0.43193865449850977, 0.3599379575313969, 0.2705997574548568, 0.008791193311071982, 0.0573175769102204, 0.38168345382932956, 0.11570675784592614, 0.009252036452974803, 0.0, 
0.704045045448473, 0.03577634443082594, 0.008243209873654095, 0.0, 0.7465040128545514, 0.28819202005576944, 0.2903124623214293, 0.2991428232313865, 0.011038354274458324, 0.0, 0.007464262699211844, 0.5811006260887392, 0.037012619843497754, 0.47812208045226495, 0.8761566911531573, 0.07215618997993083, 0.0, 0.009554121502501374, 0.0, 0.3074581780954322, 0.23995863835426456, 0.36904526908546187, 0.013186789966607972, 0.05467398545162606, 0.2736090031513708, 0.11971389099542377, 0.009254877690660837, 0.0, 
0.6584836404499314, 0.017888172215412973, 0.010990946498205461, 0.0, 0.7332530909643561, 0.14409601002788475, 0.14515623116071463, 0.38829353531806976, 0.007682958453276323, 0.0, 0.003732131349605922, 0.5447561238755775, 0.03705308110037626, 0.4325522206203001, 0.8348755882042098, 0.0626521860910151, 0.0, 0.004777060751250686, 0.0, 0.1829777016923546, 0.11997931917713228, 0.4674907807160669, 0.017582386622143963, 0.05203039399303172, 0.16553455247341203, 0.1237210241449214, 0.009257718928346873, 0.0, 
0.6129222354513896, 0.0, 0.013738683122756825, 0.0, 0.7200021690741608, 0.0, 0.0, 0.477444247404753, 0.00432756263209432, 0.0, 0.0, 0.5084116216624156, 0.03709354235725476, 0.3869823607883352, 0.7935944852552622, 0.05314818220209937, 0.0, 0.0, 0.0, 0.058497225289277074, 0.0, 0.565936292346672, 0.021977983277679955, 0.04938680253443738, 0.05746010179545327, 0.12772815729441903, 0.009260560166032909, 0.0, 
0.5740412882791719, 0.0, 0.010990946498205461, 0.0, 0.5839162432374935, 0.0, 0.0, 0.3885300724966744, 0.0034620501056754557, 0.0, 0.0, 0.40672929732993246, 0.02967483388580381, 0.30958588863066816, 0.7763317032629006, 0.12788366647203386, 0.0, 0.0, 0.0, 0.04679778023142166, 0.0, 0.5431992444854336, 0.09762516889373099, 0.0395094420275499, 0.051644953939621825, 0.1253991087155842, 0.007408448132826327, 0.0, 
0.5351603411069543, 0.0, 0.008243209873654095, 0.0, 0.44783031740082613, 0.0, 0.0, 0.29961589758859575, 0.002596537579256592, 0.0, 0.0, 0.3050469729974494, 0.022256125414352856, 0.23218941647300112, 0.7590689212705389, 0.2026191507419684, 0.0, 0.0, 0.0, 0.035098335173566246, 0.0, 0.520462196624195, 0.173272354509782, 0.029632081520662427, 0.04582980608379038, 0.1230700601367494, 0.005556336099619745, 0.0, 
0.4962793939347367, 0.0, 0.0054954732491027305, 0.0, 0.3117443915641588, 0.0, 0.0, 0.21070172268051712, 0.0017310250528377279, 0.0, 0.0, 0.20336464866496629, 0.014837416942901901, 0.15479294431533408, 0.7418061392781772, 0.2773546350119029, 0.0, 0.0, 0.0, 0.023398890115710835, 0.0, 0.4977251487629566, 0.24891954012583306, 0.019754721013774953, 0.04001465822795894, 0.12074101155791457, 0.003704224066413164, 0.0, 
0.45739844676251906, 0.0, 0.0027477366245513644, 0.0, 0.17565846572749144, 0.0, 0.0, 0.1217875477724385, 0.0008655125264188639, 0.0, 0.0, 0.10168232433248314, 0.007418708471450951, 0.07739647215766704, 0.7245433572858155, 0.3520901192818374, 0.0, 0.0, 0.0, 0.011699445057855418, 0.0, 0.4749881009017181, 0.3245667257418841, 0.009877360506887478, 0.03419951037212749, 0.11841196297907976, 0.001852112033206582, 0.0, 
0.41851749959030143, 0.0, 0.0, 0.0, 0.03957253989082411, 0.0, 0.0, 0.032873372864359866, 0.0, 0.0, 0.0, 0.0, 0.0, 0.0, 0.7072805752934539, 0.4268256035517719, 0.0, 0.0, 0.0, 0.0, 0.0, 0.45225105304047963, 0.40021391135793516, 0.0, 0.028384362516296047, 0.11608291440024494, 0.0, 0.0, 
0.3348139996722411, 0.0, 0.0, 0.0, 0.13690846023839795, 0.0, 0.0, 0.0313956856740409, 0.0, 0.0, 0.0, 0.0, 0.0, 0.0008672137524186796, 0.7658244602347631, 0.342328273789331, 0.0, 0.0, 0.0, 0.0, 0.0, 0.3656513135158437, 0.32017112908634815, 0.0, 0.029577977361931494, 0.10526552424077248, 0.0, 0.0, 
0.25111049975418087, 0.0, 0.0, 0.0, 0.2342443805859718, 0.0, 0.0, 0.02991799848372193, 0.0, 0.0, 0.0, 0.0, 0.0, 0.0017344275048373592, 0.8243683451760724, 0.2578309440268901, 0.0, 0.0, 0.0, 0.0, 0.0, 0.2790515739912077, 0.24012834681476108, 0.0, 0.03077159220756694, 0.09444813408130001, 0.0, 0.0, 
0.16740699983612056, 0.0, 0.0, 0.0, 0.3315803009335456, 0.0, 0.0, 0.028440311293402958, 0.0, 0.0, 0.0, 0.0, 0.0, 0.0026016412572560385, 0.8829122301173815, 0.17333361426444915, 0.0, 0.0, 0.0, 0.0, 0.0, 0.19245183446657171, 0.16008556454317405, 0.0, 0.03196520705320239, 0.08363074392182755, 0.0, 0.0, 
0.08370349991806031, 0.0, 0.0, 0.0, 0.42891622128111945, 0.0, 0.0, 0.02696262410308399, 0.0, 0.0, 0.0, 0.0, 0.0, 0.0034688550096747183, 0.9414561150586908, 0.08883628450200826, 0.0, 0.0, 0.0, 0.0, 0.0, 0.10585209494193576, 0.08004278227158701, 0.0, 0.033158821898837836, 0.07281335376235509, 0.0, 0.0, 
0.0, 0.0, 0.0, 0.0, 0.5262521416286933, 0.0, 0.0, 0.02548493691276502, 0.0, 0.0, 0.0, 0.0, 0.0, 0.004336068762093398, 1.0, 0.004338954739567358, 0.0, 0.0, 0.0, 0.0, 0.0, 0.019252355417299808, 0.0, 0.0, 0.03435243674447328, 0.06199596360288262, 0.0, 0.0, 
0.09605034633979881, 0.09366117846013002, 0.004513975776871649, 0.0, 0.5393230899290934, 0.0, 0.0, 0.030793750921617544, 0.1006974306600803, 0.0, 0.0, 0.0, 0.010687594357896872, 0.008168737933411371, 1.0, 0.14390864777242307, 0.0017645301384463113, 0.0, 0.0, 0.010314168198336426, 0.0, 0.19196245631203337, 0.0026127848979094754, 0.0, 0.1304221587828461, 0.062390819819625236, 0.004397803956218959, 0.0, 
0.19210069267959762, 0.18732235692026003, 0.009027951553743299, 0.0, 0.5523940382294935, 0.0, 0.0, 0.03610256493047007, 0.2013948613201606, 0.0, 0.0, 0.0, 0.021375188715793744, 0.012001407104729345, 1.0, 0.2834783408052788, 0.0035290602768926226, 0.0, 0.0, 0.02062833639667285, 0.0, 0.36467255720676695, 0.005225569795818951, 0.0, 0.22649188082121893, 0.06278567603636785, 0.008795607912437917, 0.0, 
0.2881510390193964, 0.28098353538039006, 0.013541927330614947, 0.0, 0.5654649865298935, 0.0, 0.0, 0.0414113789393226, 0.3020922919802409, 0.0, 0.0, 0.0, 0.032062783073690614, 0.015834076276047316, 1.0, 0.4230480338381345, 0.005293590415338934, 0.0, 0.0, 0.030942504595009277, 0.0, 0.5373826581015005, 0.007838354693728426, 0.0, 0.3225616028595918, 0.06318053225311047, 0.013193411868656876, 0.0, 
0.38420138535919524, 0.37464471384052006, 0.018055903107486598, 0.0, 0.5785359348302936, 0.0, 0.0, 0.04672019294817512, 0.4027897226403212, 0.0, 0.0, 0.0, 0.04275037743158749, 0.01966674544736529, 1.0, 0.5626177268709902, 0.007058120553785245, 0.0, 0.0, 0.0412566727933457, 0.0, 0.7100927589962341, 0.010451139591637902, 0.0, 0.4186313248979646, 0.06357538846985308, 0.017591215824875835, 0.0, 
0.48025173169899404, 0.46830589230065006, 0.022569878884358248, 0.0, 0.5916068831306938, 0.0, 0.0, 0.05202900695702765, 0.5034871533004015, 0.0, 0.0, 0.0, 0.05343797178948436, 0.023499414618683264, 1.0, 0.7021874199038459, 0.008822650692231556, 0.0, 0.0, 0.05157084099168213, 0.0, 0.8828028598909677, 0.013063924489547378, 0.0, 0.5147010469363374, 0.0639702446865957, 0.021989019781094795, 0.0, 
0.46439932040253346, 0.47096934740761276, 0.024436058677346603, 0.0, 0.5834351677897256, 0.0, 0.0, 0.05169699239633842, 0.4988201933280302, 0.08423920948389504, 0.0, 0.0, 0.0485891414781728, 0.13890427681243378, 1.0, 0.6441774414035759, 0.08554199630739343, 0.0, 0.0, 0.05662874133710237, 0.0, 0.7062422879127742, 0.08602703906180495, 0.0026519242716427924, 0.5939010877771157, 0.18660332231888987, 0.019593223169775582, 0.0, 
0.44854690910607287, 0.4736328025145755, 0.026302238470334957, 0.0, 0.5752634524487573, 0.0, 0.0, 0.051364977835649195, 0.49415323335565886, 0.1684784189677901, 0.0, 0.0, 0.04374031116686125, 0.2543091390061843, 1.0, 0.5861674629033059, 0.1622613419225553, 0.0, 0.0, 0.061686641682522615, 0.0, 0.5296817159345806, 0.15899015363406252, 0.005303848543285585, 0.6731011286178938, 0.309236399951184, 0.017197426558456373, 0.0, 
0.4326944978096122, 0.4762962576215382, 0.028168418263323308, 0.0, 0.5670917371077892, 0.0, 0.0, 0.051032963274959965, 0.4894862733832876, 0.2527176284516851, 0.0, 0.0, 0.03889148085554969, 0.36971400119993486, 1.0, 0.5281574844030359, 0.2389806875377172, 0.0, 0.0, 0.06674454202794286, 0.0, 0.35312114395638705, 0.2319532682063201, 0.007955772814928378, 0.7523011694586721, 0.43186947758347827, 0.014801629947137162, 0.0, 
0.41684208651315163, 0.47895971272850096, 0.030034598056311663, 0.0, 0.5589200217668209, 0.0, 0.0, 0.05070094871427074, 0.4848193134109163, 0.3369568379355802, 0.0, 0.0, 0.034042650544238134, 0.4851188633936854, 1.0, 0.47014750590276577, 0.31570003315287903, 0.0, 0.0, 0.0718024423733631, 0.0, 0.17656057197819353, 0.30491638277857763, 0.01060769708657117, 0.8315012102994503, 0.5545025552157724, 0.012405833335817951, 0.0, 
0.40098967521669104, 0.48162316783546366, 0.03190077784930002, 0.0, 0.5507483064258527, 0.0, 0.0, 0.05036893415358151, 0.48015235343854495, 0.4211960474194752, 0.0, 0.0, 0.029193820232926576, 0.6005237255874358, 1.0, 0.41213752740249576, 0.3924193787680409, 0.0, 0.0, 0.07686034271878334, 0.0, 0.0, 0.3778794973508352, 0.013259621358213963, 0.9107012511402285, 0.6771356328480665, 0.01001003672449874, 0.0, 
0.3207917401733528, 0.49815352876024255, 0.11654508714571601, 0.0, 0.5386785532338874, 0.0, 0.0, 0.14400086721173042, 0.49333147511062403, 0.42692615693521546, 0.0, 0.0, 0.028640980894227848, 0.4851681567789845, 0.9718287366902862, 0.4222047928153433, 0.39528789850601004, 0.0, 0.0, 0.17197275254954553, 0.0, 0.11394497314041707, 0.37847146190751474, 0.011473391148971552, 0.9285610009121827, 0.5460520671336184, 0.008008029379598993, 0.0, 
0.24059380513001463, 0.5146838896850214, 0.20118939644213202, 0.0, 0.5266088000419221, 0.0, 0.0, 0.23763280026987932, 0.506510596782703, 0.4326562664509557, 0.0, 0.0, 0.02808814155552912, 0.3698125879705331, 0.9436574733805725, 0.4322720582281908, 0.3981564182439791, 0.0, 0.0, 0.26708516238030766, 0.0, 0.22788994628083414, 0.3790634264641942, 0.009687160939729138, 0.946420750684137, 0.41496850141917024, 0.006006022034699244, 0.0, 
0.16039587008667644, 0.5312142506098003, 0.28583370573854805, 0.0, 0.5145390468499569, 0.0, 0.0, 0.33126473332802825, 0.5196897184547822, 0.43838637596669594, 0.0, 0.0, 0.027535302216830395, 0.25445701916208174, 0.9154862100708587, 0.4423393236410383, 0.40102493798194827, 0.0, 0.0, 0.36219757221106985, 0.0, 0.3418349194212512, 0.37965539102087376, 0.007900930730486727, 0.9642805004560914, 0.28388493570472206, 0.0040040146897994955, 0.0, 
0.08019793504333822, 0.5477446115345792, 0.370478015034964, 0.0, 0.5024692936579915, 0.0, 0.0, 0.4248966663861771, 0.5328688401268613, 0.44411648548243615, 0.0, 0.0, 0.026982462878131667, 0.13910145035363042, 0.8873149467611449, 0.4524065890538858, 0.40389345771991736, 0.0, 0.0, 0.45730998204183204, 0.0, 0.4557798925616683, 0.38024735557755324, 0.006114700521244316, 0.9821402502280456, 0.15280136999027394, 0.0020020073448997477, 0.0, 
0.0, 0.5642749724593581, 0.45512232433138006, 0.0, 0.49039954046602624, 0.0, 0.0, 0.518528599444326, 0.5460479617989403, 0.4498465949981764, 0.0, 0.0, 0.02642962353943294, 0.023745881545179072, 0.8591436834514311, 0.46247385446673334, 0.4067619774578865, 0.0, 0.0, 0.5524223918725942, 0.0, 0.5697248657020854, 0.3808393201342328, 0.004328470312001904, 0.9999999999999999, 0.02171780427582586, 0.0, 0.0, 
0.11846791464488235, 0.5359004025036556, 0.36409785946510403, 0.002714871582422665, 0.5621673021678038, 0.0027199080771654793, 0.0, 0.5777306828558536, 0.6020032662077295, 0.35987727599854114, 0.0, 0.0011020108735363145, 0.03204409673676562, 0.14532287957988693, 0.8787973925709589, 0.4912923060711059, 0.3254095819663092, 0.0, 0.0, 0.6419379134980754, 0.0, 0.459931601772605, 0.30742366394665055, 0.0034627762496015234, 0.9815714305254243, 0.0323128296905793, 0.0, 0.0, 
0.2369358292897647, 0.5075258325479529, 0.27307339459882807, 0.00542974316484533, 0.6339350638695813, 0.005439816154330959, 0.0, 0.6369327662673813, 0.6579585706165186, 0.26990795699890585, 0.0, 0.002204021747072629, 0.0376585699340983, 0.26689987761459477, 0.8984511016904868, 0.5201107576754785, 0.2440571864747319, 0.0, 0.0, 0.7314534351235564, 0.0, 0.35013833784312465, 0.23400800775906827, 0.0025970821872011427, 0.9631428610508487, 0.042907855105332744, 0.0, 0.0, 
0.355403743934647, 0.4791512625922504, 0.18204892973255205, 0.008144614747267995, 0.7057028255713588, 0.008159724231496438, 0.0, 0.6961348496789088, 0.7139138750253078, 0.17993863799927057, 0.0, 0.0033060326206089436, 0.04327304313143099, 0.38847687564930267, 0.9181048108100146, 0.5489292092798511, 0.1627047909831546, 0.0, 0.0, 0.8209689567490376, 0.0, 0.24034507391364424, 0.16059235157148602, 0.0017313881248007621, 0.944714291576273, 0.053502880520086185, 0.0, 0.0, 
0.4738716585795294, 0.45077669263654785, 0.09102446486627602, 0.01085948632969066, 0.7774705872731362, 0.010879632308661917, 0.0, 0.7553369330904365, 0.7698691794340968, 0.08996931899963528, 0.0, 0.004408043494145258, 0.04888751632876366, 0.5100538736840105, 0.9377585199295425, 0.5777476608842237, 0.0813523954915773, 0.0, 0.0, 0.9104844783745187, 0.0, 0.13055180998416388, 0.08717669538390377, 0.0008656940624003811, 0.9262857221016974, 0.06409790593483963, 0.0, 0.0, 
0.5923395732244118, 0.42240212268084526, 0.0, 0.013574357912113325, 0.8492383489749138, 0.013599540385827396, 0.0, 0.814539016501964, 0.825824483842886, 0.0, 0.0, 0.005510054367681573, 0.05450198952609635, 0.6316308717187183, 0.9574122290490703, 0.6065661124885963, 0.0, 0.0, 0.0, 0.9999999999999999, 0.0, 0.02075854605468353, 0.013761039196321543, 0.0, 0.9078571526271217, 0.07469293134959307, 0.0, 0.0, 
0.5722645193132233, 0.3379216981446762, 0.0, 0.013759864805625398, 0.7983776600682434, 0.014454961610919359, 0.0, 0.7949936573666517, 0.8131666886813765, 0.0, 0.0, 0.004408043494145258, 0.045931862106297586, 0.6123945705020121, 0.9659297832392563, 0.5017516837204696, 0.0, 0.0, 0.0, 0.9344215758014606, 0.0, 0.09496140813688625, 0.011008831357057235, 0.0, 0.7382441588017814, 0.06062766811226654, 0.0, 0.0, 
0.5521894654020347, 0.25344127360850716, 0.0, 0.013945371699137473, 0.747516971161573, 0.01531038283601132, 0.0, 0.7754482982313395, 0.8005088935198671, 0.0, 0.0, 0.003306032620608944, 0.037361734686498824, 0.5931582692853058, 0.9744473374294421, 0.396937254952343, 0.0, 0.0, 0.0, 0.8688431516029212, 0.0, 0.16916427021908897, 0.008256623517792926, 0.0, 0.5686311649764412, 0.046562404874940004, 0.0, 0.0, 
0.5321144114908463, 0.1689608490723381, 0.0, 0.014130878592649547, 0.6966562822549027, 0.01616580406110328, 0.0, 0.7559029390960272, 0.7878510983583578, 0.0, 0.0, 0.0022040217470726295, 0.02879160726670007, 0.5739219680685995, 0.9829648916196281, 0.29212282618421637, 0.0, 0.0, 0.0, 0.8032647274043819, 0.0, 0.2433671323012917, 0.005504415678528617, 0.0, 0.39901817115110094, 0.03249714163761347, 0.0, 0.0, 
0.5120393575796577, 0.08448042453616905, 0.0, 0.014316385486161622, 0.6457955933482323, 0.017021225286195246, 0.0, 0.736357579960715, 0.7751933031968483, 0.0, 0.0, 0.001102010873536315, 0.020221479846901307, 0.5546856668518932, 0.9914824458098139, 0.18730839741608973, 0.0, 0.0, 0.0, 0.7376863032058426, 0.0, 0.3175699943834944, 0.0027522078392643087, 0.0, 0.2294051773257606, 0.01843187840028694, 0.0, 0.0, 
0.4919643036684692, 0.0, 0.0, 0.014501892379673696, 0.5949349044415619, 0.017876646511287207, 0.0, 0.7168122208254027, 0.7625355080353389, 0.0, 0.0, 0.0, 0.011651352427102543, 0.535449365635187, 0.9999999999999999, 0.0824939686479631, 0.0, 0.0, 0.0, 0.6721078790073033, 0.0, 0.39177285646569715, 0.0, 0.0, 0.05979218350042042, 0.004366615162960411, 0.0, 0.0, 
0.5935714429347754, 0.0, 0.0017669997637737636, 0.02147947257377982, 0.6683612640686396, 0.10942165625850038, 0.09502551587322956, 0.7047060599971091, 0.7585893663760032, 0.0, 0.0, 0.0, 0.016892528104128647, 0.5663108323131131, 0.96275227863869, 0.18713007815825036, 0.0, 0.0, 0.0, 0.707710392507582, 0.0, 0.4190698937018409, 0.08923885775683435, 0.0, 0.1679019187862621, 0.015255544265375426, 0.0, 0.0, 
0.6951785822010815, 0.0, 0.0035339995275475273, 0.02845705276788595, 0.7417876236957174, 0.20096666600571356, 0.19005103174645913, 0.6925998991688155, 0.7546432247166674, 0.0, 0.0, 0.0, 0.02213370378115475, 0.5971722989910391, 0.92550455727738, 0.2917661876685376, 0.0, 0.0, 0.0, 0.7433129060078608, 0.0, 0.44636693093798463, 0.1784777155136687, 0.0, 0.27601165407210376, 0.02614447336779044, 0.0, 0.0, 
0.7967857214673877, 0.0, 0.005300999291321291, 0.03543463296199208, 0.815213983322795, 0.29251167575292675, 0.2850765476196887, 0.6804937383405217, 0.7506970830573317, 0.0, 0.0, 0.0, 0.02737487945818086, 0.6280337656689652, 0.8882568359160701, 0.3964022971788249, 0.0, 0.0, 0.0, 0.7789154195081396, 0.0, 0.47366396817412837, 0.267716573270503, 0.0, 0.38412138935794543, 0.03703340247020546, 0.0, 0.0, 
0.8983928607336938, 0.0, 0.0070679990550950545, 0.0424122131560982, 0.8886403429498728, 0.38405668550013994, 0.38010206349291825, 0.6683875775122281, 0.746750941397996, 0.0, 0.0, 0.0, 0.03261605513520696, 0.6588952323468912, 0.85100911455476, 0.5010384066891121, 0.0, 0.0, 0.0, 0.8145179330084182, 0.0, 0.5009610054102721, 0.3569554310273374, 0.0, 0.4922311246437871, 0.04792233157262047, 0.0, 0.0, 
1.0, 0.0, 0.008834998818868818, 0.04938979335020433, 0.9620667025769505, 0.47560169524735313, 0.4751275793661478, 0.6562814166839345, 0.7428047997386603, 0.0, 0.0, 0.0, 0.037857230812233064, 0.6897566990248173, 0.8137613931934501, 0.6056745161993994, 0.0, 0.0, 0.0, 0.850120446508697, 0.0, 0.5282580426464158, 0.4461942887841717, 0.0, 0.6003408599296287, 0.05881126067503548, 0.0, 0.0, 
0.9456929283535604, 0.08463255628055606, 0.0070679990550950545, 0.04688627917435488, 0.9371549196944293, 0.3849551932469879, 0.481729392819087, 0.6845580493578854, 0.7306102074741629, 0.004457852042477489, 0.0, 0.004815407816748592, 0.04033708922054794, 0.7360216525556726, 0.8190123640581444, 0.5967950420137081, 0.0, 0.0, 0.0, 0.839606870528469, 0.0, 0.523592420756348, 0.44161995790221337, 0.0, 0.6594478813879594, 0.0660244121415421, 0.0, 0.0, 
0.8913858567071209, 0.16926511256111212, 0.005300999291321291, 0.04438276499850543, 0.9122431368119083, 0.2943086912466226, 0.4883312062720262, 0.7128346820318364, 0.7184156152096655, 0.008915704084954979, 0.0, 0.009630815633497184, 0.04281694762886282, 0.782286606086528, 0.8242633349228387, 0.5879155678280168, 0.0, 0.0, 0.0, 0.8290932945482411, 0.0, 0.5189267988662802, 0.43704562702025507, 0.0, 0.7185549028462902, 0.07323756360804873, 0.0, 0.0, 
0.8370787850606813, 0.2538976688416682, 0.0035339995275475277, 0.04187925082265598, 0.8873313539293871, 0.2036621892462574, 0.4949330197249654, 0.7411113147057873, 0.7062210229451681, 0.013373556127432469, 0.0, 0.014446223450245776, 0.045296806037177686, 0.8285515596173834, 0.8295143057875329, 0.5790360936423256, 0.0, 0.0, 0.0, 0.8185797185680131, 0.0, 0.5142611769762125, 0.4324712961382967, 0.0, 0.7776619243046209, 0.08045071507455535, 0.0, 0.0, 
0.7827717134142419, 0.33853022512222425, 0.0017669997637737639, 0.03937573664680652, 0.8624195710468661, 0.11301568724589212, 0.5015348331779046, 0.7693879473797383, 0.6940264306806706, 0.017831408169909958, 0.0, 0.01926163126699437, 0.04777666444549256, 0.8748165131482387, 0.8347652766522272, 0.5701566194566342, 0.0, 0.0, 0.0, 0.8080661425877852, 0.0, 0.5095955550861447, 0.4278969652563384, 0.0, 0.8367689457629517, 0.08766386654106198, 0.0, 0.0, 
0.7284646417678023, 0.4231627814027803, 0.0, 0.03687222247095707, 0.8375077881643449, 0.022369185245526862, 0.5081366466308438, 0.7976645800536892, 0.6818318384161732, 0.022289260212387446, 0.0, 0.024077039083742962, 0.05025652285380744, 0.9210814666790941, 0.8400162475169215, 0.561277145270943, 0.0, 0.0, 0.0, 0.7975525666075572, 0.0, 0.5049299331960769, 0.42332263437438006, 0.0, 0.8958759672212824, 0.0948770180075686, 0.0, 0.0, 
0.7032692220088105, 0.33853022512222425, 0.0, 0.03764016956469092, 0.78483031276717, 0.021514751106446482, 0.5189072830821726, 0.7610803593753285, 0.6867678547404026, 0.017831408169909958, 0.0, 0.01926163126699437, 0.04020521828304595, 0.8847216456335678, 0.8078013077746867, 0.5523599619068237, 0.0, 0.0011084467985687158, 0.0023790547262346967, 0.7878908011094639, 0.0, 0.5063111769035107, 0.43391223641846377, 0.0, 0.8922864872873709, 0.10017697082678281, 0.0, 0.0, 
0.6780738022498186, 0.2538976688416682, 0.0, 0.038408116658424765, 0.7321528373699951, 0.020660316967366102, 0.5296779195335014, 0.7244961386969677, 0.6917038710646318, 0.013373556127432467, 0.0, 0.014446223450245778, 0.030153913712284465, 0.8483618245880414, 0.7755863680324518, 0.5434427785427044, 0.0, 0.0022168935971374317, 0.0047581094524693935, 0.7782290356113706, 0.0, 0.5076924206109444, 0.44450183846254754, 0.0, 0.8886970073534595, 0.105476923645997, 0.0, 0.0, 
0.6528783824908267, 0.1692651125611121, 0.0, 0.03917606375215862, 0.6794753619728202, 0.01980588282828572, 0.5404485559848302, 0.6879119180186071, 0.6966398873888612, 0.008915704084954977, 0.0, 0.009630815633497186, 0.020102609141522978, 0.8120020035425152, 0.7433714282902171, 0.5345255951785852, 0.0, 0.0033253403957061475, 0.00713716417870409, 0.7685672701132772, 0.0, 0.5090736643183782, 0.45509144050663125, 0.0, 0.8851075274195481, 0.11077687646521121, 0.0, 0.0, 
0.6276829627318349, 0.08463255628055605, 0.0, 0.03994401084589246, 0.6267978865756454, 0.018951448689205345, 0.551219192436159, 0.6513276973402463, 0.7015759037130904, 0.0044578520424774885, 0.0, 0.004815407816748593, 0.01005130457076149, 0.7756421824969888, 0.7111564885479822, 0.5256084118144659, 0.0, 0.004433787194274863, 0.009516218904938787, 0.7589055046151839, 0.0, 0.510454908025812, 0.465681042550715, 0.0, 0.8815180474856367, 0.11607682928442542, 0.0, 0.0, 
0.602487542972843, 0.0, 0.0, 0.040711957939626314, 0.5741204111784705, 0.018097014550124964, 0.5619898288874878, 0.6147434766618856, 0.7065119200373198, 0.0, 0.0, 0.0, 0.0, 0.7392823614514625, 0.6789415488057474, 0.5166912284503467, 0.0, 0.00554223399284358, 0.011895273631173483, 0.7492437391170905, 0.0, 0.5118361517332457, 0.47627064459479873, 0.0, 0.8779285675517252, 0.12137678210363961, 0.0, 0.0, 
0.6062949195167766, 0.07990937669663108, 0.0, 0.034533916500875374, 0.5538361188686145, 0.014477611640099971, 0.5511780554274716, 0.6239466544396179, 0.7035221410940656, 0.0, 0.0, 0.0, 0.0, 0.7246219418863492, 0.6425168813432169, 0.5272519817445209, 0.0, 0.00684116623746742, 0.014489092039281146, 0.785377809454477, 0.0, 0.5065406771150149, 0.47645679211956427, 0.0, 0.881269645330428, 0.12103012298444107, 0.0, 0.0, 
0.6101022960607103, 0.15981875339326215, 0.0, 0.028355875062124437, 0.5335518265587587, 0.010858208730074979, 0.5403662819674552, 0.6331498322173504, 0.7005323621508115, 0.0, 0.0, 0.0, 0.0, 0.7099615223212359, 0.6060922138806865, 0.5378127350386952, 0.0, 0.00814009848209126, 0.017082910447388813, 0.8215118797918635, 0.0, 0.5012452024967843, 0.4766429396443298, 0.0, 0.8846107231091307, 0.12068346386524254, 0.0, 0.0, 
0.6139096726046439, 0.23972813008989324, 0.0, 0.0221778336233735, 0.5132675342489027, 0.007238805820049987, 0.5295545085074389, 0.6423530099950828, 0.6975425832075575, 0.0, 0.0, 0.0, 0.0, 0.6953011027561224, 0.569667546418156, 0.5483734883328696, 0.0, 0.009439030726715099, 0.019676728855496477, 0.8576459501292499, 0.0, 0.4959497278785535, 0.4768290871690953, 0.0, 0.8879518008878334, 0.12033680474604401, 0.0, 0.0, 
0.6177170491485776, 0.3196375067865243, 0.0, 0.01599979218462256, 0.4929832419390468, 0.0036194029100249936, 0.5187427350474225, 0.6515561877728153, 0.6945528042643033, 0.0, 0.0, 0.0, 0.0, 0.6806406831910091, 0.5332428789556256, 0.5589342416270439, 0.0, 0.01073796297133894, 0.02227054726360414, 0.8937800204666363, 0.0, 0.4906542532603228, 0.4770152346938608, 0.0, 0.8912928786665362, 0.11999014562684547, 0.0, 0.0, 
0.6215244256925112, 0.39954688348315537, 0.0, 0.009821750745871619, 0.4726989496291909, 0.0, 0.5079309615874062, 0.6607593655505477, 0.6915630253210492, 0.0, 0.0, 0.0, 0.0, 0.6659802636258958, 0.49681821149309513, 0.5694949949212181, 0.0, 0.01203689521596278, 0.024864365671711804, 0.9299140908040228, 0.0, 0.4853587786420921, 0.47720138221862635, 0.0, 0.8946339564452389, 0.11964348650764693, 0.0, 0.0, 
0.6003188443945003, 0.42943681423825886, 0.0, 0.0224257017956933, 0.4009479536182201, 0.003588157276573733, 0.48961546492850727, 0.6162770827233285, 0.7049195745504065, 0.09457004930402445, 0.0, 0.0, 0.007421571841344998, 0.6376510306470021, 0.5084206435456591, 0.5715117215266612, 0.006273179489635394, 0.017164513006213286, 0.030363781787894874, 0.9439312726432182, 0.0, 0.49556898515239484, 0.48085520892839323, 0.0, 0.9118395357540153, 0.27697870509779354, 0.0, 0.0, 
0.5791132630964895, 0.4593267449933624, 0.0, 0.03502965284551498, 0.3291969576072494, 0.007176314553147466, 0.4712999682696083, 0.5717947998961093, 0.7182761237797639, 0.1891400986080489, 0.0, 0.0, 0.014843143682689996, 0.6093217976681085, 0.520023075598223, 0.5735284481321042, 0.012546358979270788, 0.02229213079646379, 0.035863197904077944, 0.9579484544824136, 0.0, 0.5057791916626976, 0.4845090356381601, 0.0, 0.9290451150627919, 0.4343139236879402, 0.0, 0.0, 
0.5579076817984786, 0.4892166757484659, 0.0, 0.04763360389533666, 0.25744596159627864, 0.0107644718297212, 0.4529844716107093, 0.5273125170688902, 0.7316326730091213, 0.28371014791207333, 0.0, 0.0, 0.022264715524034993, 0.5809925646892147, 0.5316255076507869, 0.5755451747375473, 0.01881953846890618, 0.027419748586714296, 0.041362614020261014, 0.971965636321609, 0.0, 0.5159893981730003, 0.488162862347927, 0.0, 0.9462506943715683, 0.5916491422780867, 0.0, 0.0, 
0.5367021005004677, 0.5191066065035694, 0.0, 0.06023755494515834, 0.18569496558530785, 0.014352629106294932, 0.4346689749518103, 0.4828302342416709, 0.7449892222384786, 0.3782801972160978, 0.0, 0.0, 0.029686287365379992, 0.552663331710321, 0.5432279397033508, 0.5775619013429903, 0.025092717958541576, 0.0325473663769648, 0.046862030136444084, 0.9859828181608045, 0.0, 0.5261996046833031, 0.4918166890576939, 0.0, 0.9634562736803448, 0.7489843608682334, 0.0, 0.0, 
0.5154965192024569, 0.5489965372586729, 0.0, 0.07284150599498002, 0.11394396957433704, 0.017940786382868664, 0.4163534782929113, 0.43834795141445165, 0.758345771467836, 0.47285024652012225, 0.0, 0.0, 0.03710785920672499, 0.5243340987314273, 0.5548303717559148, 0.5795786279484334, 0.03136589744817697, 0.037674984167215306, 0.052361446252627154, 0.9999999999999999, 0.0, 0.5364098111936058, 0.49547051576746076, 0.0, 0.9806618529891212, 0.90631957945838, 0.0, 0.0, 
0.5156445046372528, 0.5481550179306005, 0.0, 0.06678584904413272, 0.10089409893980908, 0.014352629106294932, 0.4216894623880256, 0.4763097865893234, 0.7345449642455024, 0.3782801972160978, 0.0, 0.0, 0.029686287365379992, 0.5409017208633313, 0.5313011654076647, 0.5760082043126361, 0.025092717958541576, 0.04308537363086587, 0.06045937319847032, 0.9899998768876802, 0.0, 0.5280672044916589, 0.4839164265022742, 0.0, 0.9423960250568915, 0.8782694818038164, 0.0, 0.0, 
0.5157924900720486, 0.5473134986025282, 0.0, 0.06073019209328544, 0.0878442283052811, 0.0107644718297212, 0.42702544648313995, 0.514271621764195, 0.7107441570231688, 0.2837101479120734, 0.0, 0.0, 0.022264715524034993, 0.5574693429952353, 0.5077719590594146, 0.5724377806768388, 0.01881953846890618, 0.048495763094516434, 0.0685573001443135, 0.9799997537753605, 0.0, 0.519724597789712, 0.4723623372370876, 0.0, 0.9041301971246617, 0.8502193841492527, 0.0, 0.0, 
0.5159404755068446, 0.5464719792744558, 0.0, 0.05467453514243814, 0.07479435767075314, 0.007176314553147465, 0.4323614305782542, 0.5522334569390668, 0.6869433498008353, 0.18914009860804892, 0.0, 0.0, 0.014843143682689998, 0.5740369651271393, 0.48424275271116457, 0.5688673570410415, 0.01254635897927079, 0.053906152558167, 0.07665522709015665, 0.9699996306630408, 0.0, 0.5113819910877653, 0.460808247971901, 0.0, 0.8658643691924319, 0.822169286494689, 0.0, 0.0, 
0.5160884609416405, 0.5456304599463835, 0.0, 0.04861887819159085, 0.061744487036225176, 0.0035881572765737325, 0.43769741467336853, 0.5901952921139385, 0.6631425425785017, 0.09457004930402446, 0.0, 0.0, 0.007421571841344999, 0.5906045872590433, 0.46071354636291456, 0.5652969334052442, 0.006273179489635395, 0.05931654202181756, 0.08475315403599981, 0.9599995075507212, 0.0, 0.5030393843858184, 0.44925415870671437, 0.0, 0.827598541260202, 0.7941191888401252, 0.0, 0.0, 
0.5162364463764364, 0.5447889406183111, 0.0, 0.04256322124074356, 0.04869461640169722, 0.0, 0.44303339876848286, 0.6281571272888102, 0.6393417353561681, 0.0, 0.0, 0.0, 0.0, 0.6071722093909473, 0.4371843400146645, 0.5617265097694469, 0.0, 0.06472693148546813, 0.09285108098184298, 0.9499993844384015, 0.0, 0.49469677768387155, 0.4377000694415278, 0.0, 0.7893327133279723, 0.7660690911855615, 0.0, 0.0, 
0.5230138069014765, 0.5518174356763076, 0.0, 0.03781233111388088, 0.040751263278620276, 0.0, 0.3553018046581346, 0.6068852070441959, 0.6115164291279771, 0.0, 0.0, 0.0, 0.0, 0.5901502287895072, 0.45173393770148607, 0.5318967632723623, 0.0, 0.06456988213905498, 0.09175522925960643, 0.9146777997923546, 0.0, 0.4931187916548963, 0.43313400947267383, 0.0, 0.6403288992458396, 0.7349564610564224, 0.0027335737387415987, 0.0, 
0.5297911674265166, 0.5588459307343041, 0.0, 0.0330614409870182, 0.03280791015554334, 0.0, 0.2675702105477863, 0.5856132867995816, 0.5836911228997862, 0.0, 0.0, 0.0, 0.0, 0.573128248188067, 0.46628353538830764, 0.5020670167752778, 0.0, 0.06441283279264184, 0.09065937753736988, 0.8793562151463079, 0.0, 0.49154080562592106, 0.4285679495038199, 0.0, 0.491325085163707, 0.7038438309272833, 0.005467147477483197, 0.0, 
0.5365685279515566, 0.5658744257923005, 0.0, 0.02831055086015552, 0.024864557032466393, 0.0, 0.17983861643743804, 0.5643413665549672, 0.5558658166715952, 0.0, 0.0, 0.0, 0.0, 0.5561062675866268, 0.4808331330751292, 0.47223727027819323, 0.0, 0.06425578344622869, 0.08956352581513333, 0.8440346305002611, 0.0, 0.4899628195969459, 0.42400188953496587, 0.0, 0.34232127108157434, 0.6727312007981441, 0.008200721216224796, 0.0, 
0.5433458884765967, 0.572902920850297, 0.0, 0.02355966073329284, 0.01692120390938945, 0.0, 0.09210702232708978, 0.5430694463103528, 0.5280405104434043, 0.0, 0.0, 0.0, 0.0, 0.5390842869851866, 0.4953827307619508, 0.4424075237811087, 0.0, 0.06409873409981555, 0.08846767409289678, 0.8087130458542142, 0.0, 0.48838483356797063, 0.4194358295661119, 0.0, 0.1933174569994417, 0.641618570669005, 0.010934294954966395, 0.0, 
0.5501232490016368, 0.5799314159082936, 0.0, 0.01880877060643016, 0.0089778507863125, 0.0, 0.0043754282167415125, 0.5217975260657385, 0.5002152042152133, 0.0, 0.0, 0.0, 0.0, 0.5220623063837465, 0.5099323284487723, 0.4125777772840241, 0.0, 0.06394168475340241, 0.08737182237066023, 0.7733914612081675, 0.0, 0.4868068475389954, 0.41486976959725796, 0.0, 0.04431364291730902, 0.6105059405398658, 0.013667868693707994, 0.0, 
0.6400985992013094, 0.5765900759098755, 0.0, 0.02853149074261099, 0.016522565639144067, 0.007593129900377004, 0.10282468523894779, 0.52447314766604, 0.5197527867080137, 0.002765935437435069, 0.0, 0.0, 0.001894678346954931, 0.5689926005679475, 0.5196369879776567, 0.4303899407752434, 0.0, 0.06878419417071599, 0.09190824458175054, 0.7860211704300128, 0.0017609147480987346, 0.4900229343649821, 0.42363832067402823, 0.0, 0.03770659889296103, 0.4921999444976945, 0.016129727956325373, 0.005038129562029764, 
0.730073949400982, 0.5732487359114575, 0.0, 0.03825421087879182, 0.02406728049197563, 0.015186259800754009, 0.20127394226115405, 0.5271487692663417, 0.5392903692008142, 0.005531870874870138, 0.0, 0.0, 0.003789356693909862, 0.6159228947521486, 0.529341647506541, 0.4482021042664627, 0.0, 0.07362670358802956, 0.09644466679284085, 0.7986508796518581, 0.003521829496197469, 0.4932390211909689, 0.43240687175079856, 0.0, 0.03109955486861305, 0.37389394845552315, 0.018591587218942753, 0.010076259124059527, 
0.8200492996006546, 0.5699073959130394, 0.0, 0.04797693101497265, 0.0316119953448072, 0.02277938970113101, 0.29972319928336033, 0.5298243908666432, 0.5588279516936148, 0.008297806312305207, 0.0, 0.0, 0.005684035040864793, 0.6628531889363496, 0.5390463070354254, 0.46601426775768195, 0.0, 0.07846921300534314, 0.10098108900393116, 0.8112805888737035, 0.005282744244296204, 0.49645510801695564, 0.44117542282756883, 0.0, 0.024492510844265063, 0.25558795241335186, 0.021053446481560135, 0.01511438868608929, 
0.9100246498003273, 0.5665660559146214, 0.0, 0.05769965115115348, 0.039156710197638764, 0.030372519601508018, 0.39817245630556664, 0.5325000124669449, 0.5783655341864152, 0.011063741749740275, 0.0, 0.0, 0.007578713387819724, 0.7097834831205507, 0.5487509665643098, 0.48382643124890123, 0.0, 0.08331172242265672, 0.10551751121502148, 0.8239102980955487, 0.007043658992394938, 0.4996711948429424, 0.44994397390433916, 0.0, 0.017885466819917078, 0.1372819563711805, 0.023515305744177515, 0.020152518248119054, 
0.9999999999999999, 0.5632247159162034, 0.0, 0.06742237128733432, 0.046701425050470334, 0.037965649501885024, 0.49662171332777294, 0.5351756340672464, 0.5979031166792157, 0.013829677187175345, 0.0, 0.0, 0.009473391734774655, 0.7567137773047518, 0.5584556260931941, 0.5016385947401205, 0.0, 0.08815423183997029, 0.11005393342611179, 0.8365400073173941, 0.008804573740493673, 0.5028872816689292, 0.4587125249811094, 0.0, 0.011278422795569093, 0.018975960329009153, 0.025977165006794894, 0.025190647810148816, 
0.8942482698550805, 0.5388477397021689, 0.0, 0.0631574383162748, 0.04837341680138765, 0.030372519601508018, 0.3972973706622184, 0.524341447914581, 0.5830527517205709, 0.013933546082201504, 0.0, 0.0, 0.007578713387819724, 0.6145807609527446, 0.5417869109216635, 0.48194918350942706, 0.0, 0.08751627345088599, 0.10767254824294058, 0.794019820599409, 0.007043658992394938, 0.5087279947658064, 0.4447011532935264, 0.0, 0.02197267895518703, 0.035890734221369174, 0.023676595980458598, 0.020152518248119054, 
0.7884965397101613, 0.5144707634881346, 0.0, 0.05889250534521527, 0.05004540855230498, 0.022779389701131015, 0.29797302799666375, 0.5135072617619157, 0.5682023867619261, 0.014037414977227665, 0.0, 0.0, 0.005684035040864793, 0.4724477446007375, 0.525118195750133, 0.46225977227873366, 0.0, 0.0868783150618017, 0.10529116305976935, 0.7514996338814239, 0.005282744244296204, 0.5145687078626837, 0.43068978160594334, 0.0, 0.032666935114804965, 0.052805508113729194, 0.0213760269541223, 0.015114388686089289, 
0.682744809565242, 0.4900937872741002, 0.0, 0.05462757237415575, 0.0517174003032223, 0.015186259800754012, 0.19864868533110913, 0.5026730756092503, 0.5533520218032814, 0.014141283872253824, 0.0, 0.0, 0.0037893566939098625, 0.3303147282487304, 0.5084494805786024, 0.4425703610480402, 0.0, 0.0862403566727174, 0.10290977787659814, 0.708979447163439, 0.003521829496197469, 0.5204094209595609, 0.41667840991836025, 0.0, 0.043361191274422894, 0.06972028200608921, 0.01907545792778601, 0.010076259124059525, 
0.5769930794203226, 0.4657168110600658, 0.0, 0.050362639403096224, 0.053389392054139624, 0.007593129900377006, 0.09932434266555457, 0.49183888945658494, 0.5385016568446366, 0.014245152767279985, 0.0, 0.0, 0.0018946783469549313, 0.18818171189672328, 0.4917807654070719, 0.4228809498173468, 0.0, 0.08560239828363311, 0.10052839269342691, 0.6664592604454539, 0.0017609147480987346, 0.5262501340564382, 0.4026670382307772, 0.0, 0.05405544743404083, 0.08663505589844923, 0.01677488890144971, 0.005038129562029762, 
0.4712413492754034, 0.4413398348460314, 0.0, 0.0460977064320367, 0.05506138380505694, 0.0, 0.0, 0.4810047033039196, 0.5236512918859918, 0.014349021662306144, 0.0, 0.0, 0.0, 0.04604869554471618, 0.4751120502355413, 0.40319153858665335, 0.0, 0.08496443989454881, 0.0981470075102557, 0.6239390737274688, 0.0, 0.5320908471533154, 0.38865566654319417, 0.0, 0.06474970359365877, 0.10354982979080925, 0.014474319875113417, 0.0, 
0.4589007547954435, 0.3592103114304795, 0.0, 0.03870909405222422, 0.04586389934237776, 0.0, 0.0, 0.4828426124520691, 0.5141577735714767, 0.016234751119925953, 0.0, 0.0, 0.0, 0.036838956435772945, 0.47173851398236444, 0.4015288244740588, 0.0, 0.2665818676270381, 0.09986463961914359, 0.6108915393515694, 0.0, 0.514475382335659, 0.38409111256358497, 0.0, 0.054594472467937236, 0.09156334235908038, 0.013629417401545519, 0.0, 
0.44656016031548357, 0.2770807880149275, 0.0, 0.03132048167241174, 0.03666641487969857, 0.0, 0.0, 0.4846805216002187, 0.5046642552569617, 0.018120480577545766, 0.0, 0.0, 0.0, 0.02762921732682971, 0.4683649777291875, 0.39986611036146424, 0.0, 0.4481992953595274, 0.1015822717280315, 0.5978440049756699, 0.0, 0.4968599175180027, 0.3795265585839757, 0.0, 0.04443924134221571, 0.07957685492735153, 0.01278451492797762, 0.0, 
0.4342195658355237, 0.19495126459937562, 0.0, 0.02393186929259926, 0.027468930417019394, 0.0, 0.0, 0.4865184307483682, 0.49517073694244657, 0.020006210035165575, 0.0, 0.0, 0.0, 0.018419478217886476, 0.4649914414760106, 0.39820339624886963, 0.0, 0.6298167230920166, 0.1032999038369194, 0.5847964705997704, 0.0, 0.47924445270034627, 0.3749620046043665, 0.0, 0.03428401021649419, 0.06759036749562267, 0.01193961245440972, 0.0, 
0.42187897135556374, 0.11282174118382371, 0.0, 0.01654325691278678, 0.01827144595434021, 0.0, 0.0, 0.4883563398965178, 0.4856772186279315, 0.021891939492785388, 0.0, 0.0, 0.0, 0.009209739108943238, 0.4616179052228337, 0.3965406821362751, 0.0, 0.811434150824506, 0.1050175359458073, 0.5717489362238709, 0.0, 0.4616289878826899, 0.37039745062475726, 0.0, 0.024128779090772656, 0.0556038800638938, 0.011094709980841822, 0.0, 
0.40953837687560385, 0.030692217768271815, 0.0, 0.0091546445329743, 0.009073961491661026, 0.0, 0.0, 0.4901942490446673, 0.47618370031341645, 0.023777668950405197, 0.0, 0.0, 0.0, 0.0, 0.4582443689696568, 0.3948779680236805, 0.0, 0.9930515785569952, 0.1067351680546952, 0.5587014018479715, 0.0, 0.4440135230650335, 0.36583289664514806, 0.0, 0.01397354796505113, 0.043617392632164936, 0.010249807507273924, 0.0, 
0.4718642673233307, 0.12895408678692766, 0.0, 0.021484306658571508, 0.01789627022007447, 0.0026264512816489708, 0.00365672312019963, 0.5188331646179009, 0.5015815471770136, 0.1313825098043122, 0.0019315795889373506, 0.0, 0.0, 0.11940626082185175, 0.5023030549353572, 0.45372054295992004, 0.002677312385534028, 0.9944412628455962, 0.10973235374982347, 0.6129559787267195, 0.0, 0.4642287363708879, 0.3774766510988828, 0.0, 0.011178838372040905, 0.11250985961353391, 0.02270616289173638, 0.0, 
0.5341901577710576, 0.2272159558055835, 0.0, 0.033813968784168716, 0.02671857894848792, 0.0052529025632979415, 0.00731344624039926, 0.5474720801911344, 0.5269793940406109, 0.23898735065821922, 0.003863159177874701, 0.0, 0.0, 0.2388125216437035, 0.5463617409010576, 0.5125631178961595, 0.005354624771068056, 0.9958309471341971, 0.11272953944495175, 0.6672105556054676, 0.0, 0.48444394967674226, 0.38912040555261745, 0.0, 0.008384128779030678, 0.18140232659490288, 0.03516251827619884, 0.0, 
0.5965160482187845, 0.32547782482423937, 0.0, 0.04614363090976593, 0.03554088767690136, 0.007879353844946913, 0.01097016936059889, 0.576110995764368, 0.552377240904208, 0.3465921915121262, 0.005794738766812052, 0.0, 0.0, 0.3582187824655553, 0.590420426866758, 0.571405692832399, 0.008031937156602085, 0.997220631422798, 0.11572672514008003, 0.7214651324842156, 0.0, 0.5046591629825966, 0.4007641600063522, 0.0, 0.0055894191860204525, 0.2502947935762718, 0.047618873660661296, 0.0, 
0.6588419386665113, 0.4237396938428952, 0.0, 0.05847329303536313, 0.04436319640531482, 0.010505805126595883, 0.01462689248079852, 0.6047499113376015, 0.5777750877678052, 0.4541970323660332, 0.007726318355749402, 0.0, 0.0, 0.477625043287407, 0.6344791128324584, 0.6302482677686385, 0.010709249542136113, 0.9986103157113989, 0.11872391083520831, 0.7757197093629637, 0.0, 0.524874376288451, 0.41240791446008684, 0.0, 0.0027947095930102254, 0.3191872605576408, 0.06007522904512375, 0.0, 
0.7211678291142382, 0.5220015628615511, 0.0, 0.07080295516096034, 0.053185505133728266, 0.013132256408244855, 0.01828361560099815, 0.633388826910835, 0.6031729346314024, 0.5618018732199402, 0.009657897944686753, 0.0, 0.0, 0.5970313041092588, 0.6785377987981588, 0.689090842704878, 0.01338656192767014, 0.9999999999999999, 0.12172109653033658, 0.8299742862417118, 0.0, 0.5450895895943054, 0.42405166891382157, 0.0, 0.0, 0.38807972753900977, 0.07253158442958621, 0.0, 
0.7451012604882962, 0.5141354413809489, 0.0, 0.07744059751998503, 0.051273789454800996, 0.013217930708730459, 0.12210639599331574, 0.6417698400183259, 0.6825383477051219, 0.6040324902802481, 0.008606869881821176, 0.0, 0.0008800031660604354, 0.6088095362434188, 0.6833020993854795, 0.6789073544569691, 0.015490866742430292, 0.9602557242651897, 0.1001467802167754, 0.8538530238740567, 0.0, 0.5274991241252627, 0.41720307094046005, 0.0, 0.0, 0.31046378203120784, 0.07741384487232075, 0.0018318135547807563, 
0.7690346918623542, 0.5062693199003467, 0.0, 0.08407823987900971, 0.049362073775873726, 0.013303605009216063, 0.22592917638563334, 0.6501508531258169, 0.7619037607788415, 0.6462631073405559, 0.0075558418189556, 0.0, 0.001760006332120871, 0.6205877683775788, 0.6880663999728001, 0.6687238662090603, 0.017595171557190443, 0.9205114485303795, 0.0785724639032142, 0.8777317615064018, 0.0, 0.5099086586562199, 0.4103544729670985, 0.0, 0.0, 0.23284783652340585, 0.0822961053150553, 0.0036636271095615127, 
0.7929681232364121, 0.49840319841974456, 0.0, 0.0907158822380344, 0.047450358096946456, 0.01338927930970167, 0.32975195677795094, 0.6585318662333077, 0.841269173852561, 0.6884937244008638, 0.006504813756090023, 0.0, 0.0026400094981813066, 0.6323660005117389, 0.6928307005601207, 0.6585403779611514, 0.019699476371950592, 0.8807671727955693, 0.056998147589653006, 0.9016104991387467, 0.0, 0.4923181931871772, 0.40350587499373697, 0.0, 0.0, 0.1552318910156039, 0.08717836575778984, 0.0054954406643422694, 
0.8169015546104701, 0.4905370769391424, 0.0, 0.09735352459705908, 0.045538642418019186, 0.013474953610187274, 0.43357473717026856, 0.6669128793407987, 0.9206345869262804, 0.7307243414611717, 0.005453785693224447, 0.0, 0.003520012664241742, 0.6441442326458988, 0.6975950011474413, 0.6483568897132426, 0.021803781186710745, 0.841022897060759, 0.03542383127609182, 0.9254892367710917, 0.0, 0.47472772771813443, 0.3966572770203754, 0.0, 0.0, 0.07761594550780193, 0.09206062620052437, 0.007327254219123025, 
0.8408349859845281, 0.4826709554585402, 0.0, 0.10399116695608376, 0.043626926739091916, 0.013560627910672878, 0.5373975175625861, 0.6752938924482896, 0.9999999999999999, 0.7729549585214796, 0.00440275763035887, 0.0, 0.004400015830302177, 0.6559224647800589, 0.702359301734762, 0.6381734014653337, 0.023908086001470895, 0.8012786213259487, 0.013849514962530627, 0.9493679744034367, 0.0, 0.4571372622490917, 0.3898086790470139, 0.0, 0.0, 0.0, 0.09694288664325891, 0.009159067773903781, 
0.769569208914269, 0.39150225768904584, 0.0, 0.08319293356486701, 0.034901541391273536, 0.010848502328538302, 0.4299180140500689, 0.6388627835988142, 0.9154120518062481, 0.6231012627888146, 0.005549069206780381, 0.0, 0.003520012664241742, 0.5247379718240471, 0.6502282093045179, 0.5846396607177731, 0.019126468801176716, 0.841022897060759, 0.01706926431314021, 0.7643624914180821, 0.0, 0.45086777115086385, 0.38823950621051895, 0.0, 0.0, 0.0, 0.08133054863922005, 0.007327254219123025, 
0.69830343184401, 0.30033355991955146, 0.0, 0.06239470017365026, 0.026176156043455148, 0.008136376746403728, 0.3224385105375517, 0.6024316747493388, 0.8308241036124961, 0.47324756705614957, 0.006695380783201892, 0.0, 0.002640009498181306, 0.3935534788680353, 0.5980971168742736, 0.5311059199702124, 0.014344851600882537, 0.8807671727955692, 0.02028901366374979, 0.5793570084327275, 0.0, 0.44459828005263596, 0.386670333374024, 0.0, 0.0, 0.0, 0.06571821063518118, 0.005495440664342269, 
0.6270376547737511, 0.20916486215005714, 0.0, 0.041596466782433505, 0.017450770695636764, 0.005424251164269152, 0.21495900702503445, 0.5660005658998634, 0.7462361554187443, 0.32339387132348457, 0.007841692359623403, 0.0, 0.0017600063321208705, 0.2623689859120235, 0.5459660244440294, 0.47757217922265166, 0.009563234400588358, 0.9205114485303794, 0.02350876301435937, 0.39435152544737284, 0.0, 0.43832878895440813, 0.3851011605375291, 0.0, 0.0, 0.0, 0.05010587263114233, 0.003663627109561512, 
0.555771877703492, 0.11799616438056276, 0.0, 0.020798233391216753, 0.00872538534781838, 0.002712125582134576, 0.10747950351251723, 0.5295694570503879, 0.6616482072249925, 0.17354017559081958, 0.008988003936044913, 0.0, 0.0008800031660604352, 0.13118449295601176, 0.49383493201378525, 0.424038438475091, 0.004781617200294179, 0.9602557242651897, 0.026728512364968954, 0.20934604246201827, 0.0, 0.43205929785618025, 0.38353198770103414, 0.0, 0.0, 0.0, 0.034493534627103466, 0.001831813554780756, 
0.484506100633233, 0.026827466611068385, 0.0, 0.0, 0.0, 0.0, 0.0, 0.49313834820091257, 0.5770602590312406, 0.02368647985815449, 0.010134315512466425, 0.0, 0.0, 0.0, 0.44170383958354104, 0.3705046977275303, 0.0, 0.9999999999999999, 0.029948261715578534, 0.024340559476663647, 0.0, 0.4257898067579524, 0.3819628148645392, 0.0, 0.0, 0.0, 0.018881196623064603, 0.0, 
0.5014549113609982, 0.10470505875144866, 0.0, 0.0, 0.0, 0.0, 0.0, 0.4903968514727088, 0.5730217198357993, 0.09680488168520006, 0.012282527229283791, 0.0, 0.0, 0.0, 0.4393753732207336, 0.38198506302166557, 0.0, 0.9999999999999999, 0.026972755861207353, 0.023521998706720747, 0.0, 0.42772229197692285, 0.3798611026116467, 0.0, 0.0, 0.0, 0.01911872302015052, 0.0, 
0.5184037220887634, 0.18258265089182893, 0.0, 0.0, 0.0, 0.0, 0.0, 0.48765535474450494, 0.568983180640358, 0.16992328351224562, 0.014430738946101158, 0.0, 0.0, 0.0, 0.4370469068579262, 0.3934654283158009, 0.0, 0.9999999999999999, 0.02399725000683617, 0.022703437936777846, 0.0, 0.4296547771958933, 0.3777593903587541, 0.0, 0.0, 0.0, 0.019356249417236435, 0.0, 
0.5353525328165285, 0.2604602430322092, 0.0, 0.0, 0.0, 0.0, 0.0, 0.48491385801630116, 0.5649446414449167, 0.2430416853392912, 0.016578950662918524, 0.0, 0.0, 0.0, 0.4347184404951188, 0.40494579360993616, 0.0, 1.0, 0.021021744152464987, 0.021884877166834946, 0.0, 0.43158726241486367, 0.3756576781058616, 0.0, 0.0, 0.0, 0.019593775814322353, 0.0, 
0.5523013435442936, 0.3383378351725895, 0.0, 0.0, 0.0, 0.0, 0.0, 0.4821723612880973, 0.5609061022494755, 0.31616008716633676, 0.01872716237973589, 0.0, 0.0, 0.0, 0.4323899741323114, 0.4164261589040715, 0.0, 1.0, 0.018046238298093806, 0.02106631639689204, 0.0, 0.4335197476338341, 0.373555965852969, 0.0, 0.0, 0.0, 0.019831302211408268, 0.0, 
0.5692501542720588, 0.41621542731296973, 0.0, 0.0, 0.0, 0.0, 0.0, 0.47943086455989353, 0.5568675630540342, 0.3892784889933823, 0.020875374096553257, 0.0, 0.0, 0.0, 0.43006150776950397, 0.42790652419820674, 0.0, 1.0, 0.015070732443722624, 0.02024775562694914, 0.0, 0.43545223285280454, 0.3714542536000765, 0.0, 0.0, 0.0, 0.020068828608494186, 0.0, 
0.579520118751377, 0.4265187729062101, 0.0, 0.0, 0.0, 0.0, 0.0, 0.505864530203271, 0.5662315911377674, 0.40329796479998853, 0.021393175048222614, 0.0, 0.0, 0.00768834347524507, 0.4358857617953804, 0.43283109356661864, 0.006311556618492596, 1.0, 0.015052998357571255, 0.028674976146333672, 0.0, 0.43535473158778043, 0.3726228870730705, 0.0, 0.0, 0.0, 0.1567486591277243, 0.0, 
0.5897900832306952, 0.43682211849945046, 0.0, 0.0, 0.0, 0.0, 0.0, 0.5322981958466486, 0.5755956192215007, 0.4173174406065947, 0.02191097599989197, 0.0, 0.0, 0.01537668695049014, 0.44171001582125685, 0.43775566293503054, 0.012623113236985192, 1.0, 0.015035264271419888, 0.0371021966657182, 0.0, 0.4352572303227563, 0.3737915205460645, 0.0, 0.0, 0.0, 0.2934284896469544, 0.0, 
0.6000600477100132, 0.4471254640926909, 0.0, 0.0, 0.0, 0.0, 0.0, 0.5587318614900262, 0.5849596473052341, 0.43133691641320093, 0.022428776951561324, 0.0, 0.0, 0.02306503042573521, 0.44753426984713335, 0.4426802323034424, 0.018934669855477787, 1.0, 0.015017530185268519, 0.04552941718510273, 0.0, 0.4351597290577322, 0.3749601540190586, 0.0, 0.0, 0.0, 0.4301083201661845, 0.0, 
0.6103300121893314, 0.45742880968593125, 0.0, 0.0, 0.0, 0.0, 0.0, 0.5851655271334038, 0.5943236753889674, 0.4453563922198071, 0.02294657790323068, 0.0, 0.0, 0.03075337390098028, 0.4533585238730098, 0.4476048016718543, 0.025246226473970384, 1.0, 0.014999796099117151, 0.05395663770448726, 0.0, 0.4350622277927081, 0.3761287874920526, 0.0, 0.0, 0.0, 0.5667881506854147, 0.0, 
0.6205999766686495, 0.4677321552791716, 0.0, 0.0, 0.0, 0.0, 0.0, 0.6115991927767813, 0.6036877034727006, 0.45937586802641334, 0.023464378854900037, 0.0, 0.0, 0.03844171737622535, 0.45918277789888623, 0.4525293710402662, 0.03155778309246298, 1.0, 0.014982062012965782, 0.06238385822387178, 0.0, 0.434964726527684, 0.3772974209650466, 0.0, 0.0, 0.0, 0.7034679812046448, 0.0, 
0.5974295046033206, 0.3741857242233373, 0.0, 0.0, 0.0, 0.0, 0.0, 0.5933122056364921, 0.5779224502214859, 0.3741907294196686, 0.024138492646990896, 0.0, 0.0, 0.03075337390098028, 0.45950747505023265, 0.43764525541321575, 0.025246226473970384, 1.0, 0.011985649610372625, 0.05181996900551673, 0.0, 0.43617208790177947, 0.3807868257692522, 0.0, 0.0, 0.0, 0.5688417521538429, 0.0, 
0.5742590325379917, 0.28063929316750297, 0.0, 0.0, 0.0, 0.0, 0.0, 0.575025218496203, 0.5521571969702711, 0.28900559081292376, 0.02481260643908175, 0.0, 0.0, 0.02306503042573521, 0.45983217220157907, 0.4227611397861653, 0.018934669855477787, 1.0, 0.00898923720777947, 0.041256079787161684, 0.0, 0.43737944927587497, 0.38427623057345783, 0.0, 0.0, 0.0, 0.4342155231030411, 0.0, 
0.5510885604726627, 0.18709286211166865, 0.0, 0.0, 0.0, 0.0, 0.0, 0.5567382313559138, 0.5263919437190563, 0.203820452206179, 0.02548672023117261, 0.0, 0.0, 0.015376686950490139, 0.46015686935292555, 0.40787702415911486, 0.012623113236985194, 1.0, 0.005992824805186314, 0.030692190568806635, 0.0, 0.4385868106499705, 0.38776563537766345, 0.0, 0.0, 0.0, 0.2995892940522393, 0.0, 
0.5279180884073339, 0.09354643105583432, 0.0, 0.0, 0.0, 0.0, 0.0, 0.5384512442156247, 0.5006266904678416, 0.11863531359943419, 0.026160834023263465, 0.0, 0.0, 0.007688343475245069, 0.46048156650427197, 0.39299290853206437, 0.006311556618492597, 1.0, 0.002996412402593157, 0.020128301350451586, 0.0, 0.439794172024066, 0.3912550401818691, 0.0, 0.0, 0.0, 0.16496306500143743, 0.0, 
0.5047476163420049, 0.0, 0.0, 0.0, 0.0, 0.0, 0.0, 0.5201642570753355, 0.4748614372166268, 0.03345017499268941, 0.026834947815354324, 0.0, 0.0, 0.0, 0.4608062636556184, 0.3781087929050139, 0.0, 1.0, 0.0, 0.00956441213209654, 0.0, 0.4410015333981615, 0.3947444449860747, 0.0, 0.0, 0.0, 0.030336835950635594, 0.0, 
0.5742897493690263, 0.09108005663449313, 0.0, 0.0, 0.0, 0.0, 0.0, 0.5074463263471185, 0.4879060633760949, 0.12070807405278122, 0.028266428917471127, 0.0, 0.0, 0.005622569911302881, 0.461097012538479, 0.3817631046331209, 0.0, 1.0, 0.0026575844094748322, 0.01310126384777418, 0.0, 0.4504527105255547, 0.393663875821364, 0.0, 0.0, 0.0, 0.15559584125817874, 0.0, 
0.6438318823960477, 0.18216011326898626, 0.0, 0.0, 0.0, 0.0, 0.0, 0.49472839561890153, 0.5009506895355629, 0.20796597311287304, 0.02969791001958793, 0.0, 0.0, 0.011245139822605763, 0.46138776142133964, 0.3854174163612279, 0.0, 1.0, 0.0053151688189496645, 0.016638115563451822, 0.0, 0.4599038876529479, 0.39258330665665325, 0.0, 0.0, 0.0, 0.28085484656572185, 0.0, 
0.7133740154230691, 0.2732401699034794, 0.0, 0.0, 0.0, 0.0, 0.0, 0.48201046489068455, 0.513995315695031, 0.29522387217296486, 0.03112939112170473, 0.0, 0.0, 0.016867709733908644, 0.4616785103042003, 0.3890717280893349, 0.0, 1.0, 0.007972753228424497, 0.02017496727912946, 0.0, 0.46935506478034106, 0.39150273749194253, 0.0, 0.0, 0.0, 0.406113851873265, 0.0, 
0.7829161484500905, 0.3643202265379725, 0.0, 0.0, 0.0, 0.0, 0.0, 0.4692925341624675, 0.5270399418544991, 0.3824817712330567, 0.032560872223821535, 0.0, 0.0, 0.022490279645211525, 0.46196925918706094, 0.39272603981744186, 0.0, 1.0, 0.010630337637899329, 0.0237118189948071, 0.0, 0.47880624190773424, 0.3904221683272318, 0.0, 0.0, 0.0, 0.5313728571808082, 0.0, 
0.8524582814771119, 0.45540028317246567, 0.0, 0.0, 0.0, 0.0, 0.0, 0.45657460343425055, 0.5400845680139671, 0.4697396702931485, 0.033992353325938335, 0.0, 0.0, 0.028112849556514406, 0.46226000806992157, 0.39638035154554885, 0.0, 1.0, 0.01328792204737416, 0.027248670710484743, 0.0, 0.4882574190351274, 0.3893415991625211, 0.0, 0.0, 0.0, 0.6566318624883514, 0.0, 
0.7821190691963964, 0.46052651265922917, 0.005669047227869501, 0.0, 0.0, 0.006889426735894695, 0.11923518706224193, 0.5136362019372279, 0.5572035181957319, 0.5211303490433812, 0.04292177980091816, 0.0, 0.0008672873602673518, 0.15068964585665276, 0.501278330978228, 0.4255266780798513, 0.12619678680920612, 0.9464586946481145, 0.012468392538790275, 0.03802940625024791, 0.0, 0.49844943306590195, 0.400103882697845, 0.0017669072608574986, 0.0, 0.0, 0.7253054899906811, 0.0, 
0.7117798569156809, 0.46565274214599267, 0.011338094455739002, 0.0, 0.0, 0.01377885347178939, 0.23847037412448385, 0.5706978004402052, 0.5743224683774966, 0.5725210277936138, 0.05185120627589799, 0.0, 0.0017345747205347035, 0.27326644215679113, 0.5402966538865345, 0.4546730046141537, 0.25239357361841225, 0.892917389296229, 0.011648863030206388, 0.04881014179001108, 0.0, 0.5086414470966765, 0.41086616623316896, 0.0035338145217149973, 0.0, 0.0, 0.7939791174930108, 0.0, 
0.6414406446349654, 0.47077897163275617, 0.017007141683608503, 0.0, 0.0, 0.020668280207684082, 0.3577055611867258, 0.6277593989431827, 0.5914414185592614, 0.6239117065438464, 0.06078063275087782, 0.0, 0.002601862080802055, 0.3958432384569295, 0.5793149767948409, 0.4838193311484561, 0.3785903604276184, 0.8393760839443436, 0.010829333521622502, 0.05959087732977425, 0.0, 0.5188334611274509, 0.4216284497684929, 0.005300721782572496, 0.0, 0.0, 0.8626527449953405, 0.0, 
0.5711014323542499, 0.47590520111951967, 0.022676188911478004, 0.0, 0.0, 0.02755770694357878, 0.4769407482489677, 0.6848209974461601, 0.608560368741026, 0.6753023852940792, 0.06971005922585764, 0.0, 0.003469149441069407, 0.5184200347570679, 0.6183332997031473, 0.5129656576827586, 0.5047871472368245, 0.7858347785924581, 0.010009804013038616, 0.07037161286953741, 0.0, 0.5290254751582254, 0.4323907333038169, 0.007067629043429995, 0.0, 0.0, 0.9313263724976701, 0.0, 
0.5007622200735344, 0.4810314306062832, 0.028345236139347505, 0.0, 0.0, 0.034447133679473475, 0.5961759353112096, 0.7418825959491374, 0.6256793189227908, 0.7266930640443118, 0.07863948570083747, 0.0, 0.004336436801336759, 0.6409968310572062, 0.6573516226114537, 0.542111984217061, 0.6309839340460306, 0.7322934732405726, 0.00919027450445473, 0.08115234840930058, 0.0, 0.5392174891889999, 0.4431530168391408, 0.008834536304287493, 0.0, 0.0, 0.9999999999999999, 0.0, 
0.5342492464429263, 0.4609765078599649, 0.022676188911478004, 0.0, 0.0, 0.03117080721245425, 0.5752366349344055, 0.697963901215904, 0.5987150744316173, 0.7080347454113758, 0.07306098065534113, 0.0, 0.003469149441069407, 0.6181920805938468, 0.6324953595535532, 0.5265702763635157, 0.5180964987524009, 0.677684211087139, 0.007352219603563784, 0.07406282682436972, 0.0, 0.5291239308958183, 0.42996232239352056, 0.007067629043429995, 0.0, 0.0, 0.9999999999999999, 0.0, 
0.5677362728123181, 0.44092158511364665, 0.017007141683608503, 0.0, 0.0, 0.027894480745435025, 0.5542973345576014, 0.6540452064826705, 0.5717508299404438, 0.6893764267784399, 0.06748247560984477, 0.0, 0.0026018620808020555, 0.5953873301304875, 0.6076390964956526, 0.5110285685099705, 0.4052090634587712, 0.6230749489337055, 0.005514164702672838, 0.06697330523943885, 0.0, 0.5190303726026367, 0.4167716279479003, 0.005300721782572496, 0.0, 0.0, 0.9999999999999999, 0.0, 
0.6012232991817099, 0.4208666623673284, 0.011338094455739002, 0.0, 0.0, 0.024618154278415797, 0.5333580341807973, 0.6101265117494371, 0.5447865854492703, 0.6707181081455039, 0.06190397056434843, 0.0, 0.001734574720534704, 0.5725825796671281, 0.5827828334377521, 0.4954868606564253, 0.2923216281651415, 0.568465686780272, 0.003676109801781891, 0.059883783654508, 0.0, 0.5089368143094551, 0.40358093350228, 0.0035338145217149973, 0.0, 0.0, 1.0, 0.0, 
0.6347103255511016, 0.4008117396210101, 0.005669047227869501, 0.0, 0.0, 0.021341827811396572, 0.5124187338039932, 0.5662078170162037, 0.5178223409580968, 0.652059789512568, 0.05632546551885209, 0.0, 0.000867287360267352, 0.5497778292037688, 0.5579265703798514, 0.4799451528028801, 0.17943419287151186, 0.5138564246268384, 0.0018380549008909456, 0.05279426206957714, 0.0, 0.4988432560162735, 0.39039023905665976, 0.0017669072608574986, 0.0, 0.0, 1.0, 0.0, 
0.6681973519204935, 0.3807568168746918, 0.0, 0.0, 0.0, 0.018065501344377347, 0.4914794334271891, 0.5222891222829702, 0.4908580964669233, 0.6334014708796321, 0.050746960473355744, 0.0, 0.0, 0.5269730787404094, 0.5330703073219508, 0.46440344494933483, 0.06654675757788218, 0.45924716247340497, 0.0, 0.045704740484646275, 0.0, 0.4887496977230919, 0.3771995446110395, 0.0, 0.0, 0.0, 1.0, 0.0, 
0.7301820521493397, 0.3898939868402057, 0.00534616704470159, 0.0, 0.0, 0.014452401075501877, 0.39943324183469914, 0.5192068292092867, 0.4975152638645913, 0.6606805675196921, 0.04997501246665398, 0.0, 0.0, 0.5138918672007748, 0.5299644131911666, 0.46926677832693464, 0.22184633130731096, 0.37578400892625186, 0.0, 0.03886481552370479, 0.0, 0.5029540622804258, 0.38400482225368965, 0.0, 0.0, 0.0, 1.0, 0.0, 
0.792166752378186, 0.39903115680571966, 0.01069233408940318, 0.0, 0.0, 0.010839300806626408, 0.3073870502422092, 0.5161245361356033, 0.5041724312622593, 0.687959664159752, 0.04920306445995221, 0.0, 0.0, 0.5008106556611404, 0.5268585190603824, 0.4741301117045344, 0.3771459050367398, 0.2923208553790987, 0.0, 0.03202489056276331, 0.0, 0.5171584268377598, 0.3908100998963398, 0.0, 0.0, 0.0, 1.0, 0.0, 
0.8541514526070324, 0.40816832677123355, 0.016038501134104773, 0.0, 0.0, 0.00722620053775094, 0.21534085864971925, 0.5130422430619199, 0.5108295986599273, 0.715238760799812, 0.04843111645325045, 0.0, 0.0, 0.4877294441215058, 0.5237526249295981, 0.4789934450821342, 0.5324454787661685, 0.20885770183194557, 0.0, 0.025184965601821818, 0.0, 0.5313627913950938, 0.3976153775389899, 0.0, 0.0, 0.0, 0.9999999999999999, 0.0, 
0.9161361528358787, 0.4173054967367475, 0.02138466817880636, 0.0, 0.0, 0.00361310026887547, 0.1232946670572293, 0.5099599499882365, 0.5174867660575952, 0.7425178574398719, 0.04765916844654868, 0.0, 0.0, 0.4746482325818713, 0.5206467307988139, 0.48385677845973396, 0.6877450524955974, 0.1253945482847924, 0.0, 0.018345040640880335, 0.0, 0.5455671559524277, 0.40442065518164005, 0.0, 0.0, 0.0, 0.9999999999999999, 0.0, 
0.978120853064725, 0.4264426667022614, 0.026730835223507953, 0.0, 0.0, 0.0, 0.031248475464739377, 0.506877656914553, 0.5241439334552632, 0.7697969540799319, 0.046887220439846916, 0.0, 0.0, 0.46156702104223674, 0.5175408366680296, 0.48872011183733377, 0.8430446262250262, 0.04193139473763921, 0.0, 0.011505115679938848, 0.0, 0.5597715205097616, 0.4112259328242902, 0.0, 0.0, 0.0, 0.9999999999999999, 0.0, 
0.9357107406662768, 0.4504790959536589, 0.028058425338888988, 0.0, 0.0, 0.0, 0.0349608397064281, 0.5216663101601118, 0.5403969103813289, 0.7526292712524344, 0.049336063246737547, 0.0, 0.0017819045304035184, 0.4804562846019896, 0.5263257733119908, 0.4919919701550759, 0.8143964227100954, 0.04678836640807394, 0.0, 0.00920409254395108, 0.0, 0.5455380178927169, 0.4037562679372071, 0.0, 0.0, 0.0, 0.9999999999999999, 0.0, 
0.8933006282678286, 0.47451552520505647, 0.029386015454270022, 0.0, 0.0, 0.0, 0.03867320394811681, 0.5364549634056706, 0.5566498873073944, 0.7354615884249368, 0.051784906053628184, 0.0, 0.0035638090608070367, 0.4993455481617424, 0.5351107099559519, 0.49526382847281797, 0.7857482191951646, 0.05164533807850867, 0.0, 0.0069030694079633085, 0.0, 0.5313045152756721, 0.396286603050124, 0.0, 0.0, 0.0, 0.9999999999999999, 0.0, 
0.8508905158693805, 0.49855195445645395, 0.03071360556965106, 0.0, 0.0, 0.0, 0.04238556818980553, 0.5512436166512293, 0.57290286423346, 0.7182939055974393, 0.054233748860518814, 0.0, 0.005345713591210555, 0.5182348117214952, 0.5438956465999131, 0.4985356867905601, 0.7571000156802338, 0.056502309748943394, 0.0, 0.004602046271975539, 0.0, 0.5170710126586273, 0.3888169381630408, 0.0, 0.0, 0.0, 0.9999999999999999, 0.0, 
0.8084804034709324, 0.5225883837078515, 0.032041195685032095, 0.0, 0.0, 0.0, 0.04609793243149425, 0.5660322698967881, 0.5891558411595256, 0.7011262227699417, 0.05668259166740945, 0.0, 0.0071276181216140735, 0.5371240752812481, 0.5526805832438741, 0.5018075451083022, 0.728451812165303, 0.061359281419378124, 0.0, 0.002301023135987769, 0.0, 0.5028375100415826, 0.3813472732759577, 0.0, 0.0, 0.0, 0.9999999999999999, 0.0, 
0.7660702910724843, 0.546624812959249, 0.03336878580041313, 0.0, 0.0, 0.0, 0.049810296673182965, 0.5808209231423469, 0.6054088180855912, 0.6839585399424443, 0.05913143447430008, 0.0, 0.008909522652017592, 0.5560133388410009, 0.5614655198878353, 0.5050794034260443, 0.6998036086503722, 0.06621625308981285, 0.0, 0.0, 0.0, 0.48860400742453786, 0.37387760838887457, 0.0, 0.0, 0.0, 0.9999999999999999, 0.0, 
0.7183283620455794, 0.43993723418543684, 0.028574950114303218, 0.0, 0.0, 0.0, 0.0407186963443345, 0.5637486647880737, 0.5877246838584645, 0.6832551106130559, 0.05370493709015834, 0.0, 0.0071276181216140735, 0.4534547782053168, 0.5512436750556761, 0.49298623006009296, 0.7594009937382216, 0.053957518488636155, 0.0, 0.0, 0.0, 0.49172178581437576, 0.3770519048152914, 0.0, 0.0, 0.0, 0.9999999999999999, 0.0, 
0.6705864330186745, 0.33324965541162466, 0.023781114428193306, 0.0, 0.0, 0.0, 0.03162709601548602, 0.5466764064338004, 0.5700405496313378, 0.6825516812836675, 0.0482784397060166, 0.0, 0.0053457135912105555, 0.35089621756963274, 0.5410218302235168, 0.4808930566941416, 0.8189983788260708, 0.04169878388745946, 0.0, 0.0, 0.0, 0.49483956420421366, 0.38022620124170825, 0.0, 0.0, 0.0, 0.9999999999999999, 0.0, 
0.6228445039917696, 0.22656207663781247, 0.018987278742083398, 0.0, 0.0, 0.0, 0.022535495686637555, 0.5296041480795273, 0.5523564154042111, 0.6818482519542791, 0.042851942321874864, 0.0, 0.0035638090608070376, 0.2483376569339486, 0.5307999853913575, 0.4687998833281902, 0.8785957639139202, 0.02944004928628277, 0.0, 0.0, 0.0, 0.49795734259405156, 0.38340049766812506, 0.0, 0.0, 0.0, 0.9999999999999999, 0.0, 
0.5751025749648648, 0.11987449786400028, 0.014193443055973486, 0.0, 0.0, 0.0, 0.013443895357789087, 0.5125318897252541, 0.5346722811770843, 0.6811448226248907, 0.03742544493773312, 0.0, 0.0017819045304035188, 0.14577909629826452, 0.5205781405591983, 0.4567067099622389, 0.9381931490017696, 0.017181314685106072, 0.0, 0.0, 0.0, 0.5010751209838895, 0.38657479409454193, 0.0, 0.0, 0.0, 0.9999999999999999, 0.0, 
0.52736064593796, 0.01318691909018809, 0.009399607369863576, 0.0, 0.0, 0.0, 0.00435229502894062, 0.49545963137098087, 0.5169881469499576, 0.6804413932955024, 0.03199894755359138, 0.0, 0.0, 0.04322053566258048, 0.510356295727039, 0.44461353659628755, 0.9977905340896189, 0.0049225800839293715, 0.0, 0.0, 0.0, 0.5041928993737274, 0.38974909052095874, 0.0, 0.0, 0.0, 0.9999999999999999, 0.0, 
0.5108678583634871, 0.016181372762906248, 0.009309258226016035, 0.0, 0.0, 0.0, 0.00981662362127722, 0.4848713338753955, 0.41981985896382973, 0.6801689609216665, 0.02647795815480479, 0.0, 0.0, 0.12702066569330867, 0.5092842710944354, 0.4447056238890862, 0.9607073640788986, 0.003938064067143497, 0.0, 0.0, 0.0, 0.5044701422441502, 0.3961814754850128, 0.0788683834731129, 0.0, 0.0, 0.9999999999999999, 0.0019697049790916494, 
0.4943750707890144, 0.019175826435624405, 0.009218909082168492, 0.0, 0.0, 0.0, 0.015280952213613821, 0.4742830363798102, 0.3226515709777018, 0.6798965285478307, 0.020956968756018202, 0.0, 0.0, 0.2108207957240369, 0.5082122464618317, 0.44479771118188477, 0.9236241940681782, 0.002953548050357623, 0.0, 0.0, 0.0, 0.5047473851145731, 0.4026138604490669, 0.1577367669462258, 0.0, 0.0, 0.9999999999999999, 0.003939409958183299, 
0.47788228321454157, 0.022170280108342565, 0.00912855993832095, 0.0, 0.0, 0.0, 0.020745280805950422, 0.4636947388842248, 0.22548328299157394, 0.6796240961739948, 0.015435979357231615, 0.0, 0.0, 0.2946209257547651, 0.5071402218292281, 0.4448897984746834, 0.8865410240574578, 0.0019690320335717486, 0.0, 0.0, 0.0, 0.5050246279849958, 0.40904624541312096, 0.2366051504193387, 0.0, 0.0, 0.9999999999999999, 0.005909114937274949, 
0.4613894956400688, 0.025164733781060725, 0.009038210794473407, 0.0, 0.0, 0.0, 0.026209609398287023, 0.4531064413886395, 0.12831499500544602, 0.679351663800159, 0.009914989958445024, 0.0, 0.0, 0.3784210557854933, 0.5060681971966244, 0.444981885767482, 0.8494578540467375, 0.0009845160167858743, 0.0, 0.0, 0.0, 0.5053018708554187, 0.41547863037717503, 0.3154735338924516, 0.0, 0.0, 0.9999999999999999, 0.007878819916366598, 
0.444896708065596, 0.02815918745377888, 0.008947861650625865, 0.0, 0.0, 0.0, 0.031673937990623624, 0.4425181438930541, 0.031146707019318084, 0.6790792314263231, 0.004394000559658437, 0.0, 0.0, 0.4622211858162215, 0.5049961725640209, 0.4450739730602806, 0.8123746840360171, 0.0, 0.0, 0.0, 0.0, 0.5055791137258415, 0.4219110153412291, 0.3943419173655645, 0.0, 0.0, 0.9999999999999999, 0.009848524895458247, 
0.47296291548832503, 0.024260121799297936, 0.01872028893887409, 0.006321486464641315, 0.0, 0.003695695838576011, 0.11388825568608253, 0.4443283550661368, 0.10311426125497342, 0.6874896517438855, 0.0035152004477267498, 0.0, 0.0, 0.47484218098038167, 0.5081445168208505, 0.4406352015325334, 0.7634657067595513, 0.0, 0.0, 0.0, 0.0, 0.5051073246807336, 0.4216621310979532, 0.3191293233044312, 0.0, 0.0, 0.9999999999999999, 0.007878819916366598, 
0.5010291229110541, 0.020361056144816994, 0.028492716227122315, 0.01264297292928263, 0.0, 0.007391391677152022, 0.19610257338154144, 0.44613856623921955, 0.17508181549062873, 0.695900072061448, 0.0026364003357950624, 0.0, 0.0, 0.48746317614454177, 0.5112928610776802, 0.4361964300047862, 0.7145567294830855, 0.0, 0.0, 0.0, 0.0, 0.5046355356356258, 0.4214132468546773, 0.24391672924329796, 0.0, 0.0, 0.9999999999999999, 0.005909114937274948, 
0.5290953303337831, 0.01646199049033605, 0.038265143515370546, 0.018964459393923945, 0.0, 0.011087087515728032, 0.27831689107700036, 0.44794877741230227, 0.2470493697262841, 0.7043104923790104, 0.0017576002238633747, 0.0, 0.0, 0.5000841713087019, 0.5144412053345099, 0.43175765847703895, 0.6656477522066195, 0.0, 0.0, 0.0, 0.0, 0.5041637465905179, 0.42116436261140133, 0.1687041351821647, 0.0, 0.0, 1.0, 0.003939409958183298, 
0.5571615377565122, 0.012562924835855104, 0.04803757080361877, 0.02528594585856526, 0.0, 0.014782783354304043, 0.36053120877245926, 0.449758988585385, 0.3190169239619394, 0.7127209126965729, 0.0008788001119316873, 0.0, 0.0, 0.512705166472862, 0.5175895495913396, 0.42731888694929177, 0.6167387749301537, 0.0, 0.0, 0.0, 0.0, 0.5036919575454101, 0.42091547836812543, 0.09349154112103142, 0.0, 0.0, 1.0, 0.001969704979091649, 
0.5852277451792413, 0.008663859181374158, 0.057809998091866995, 0.03160743232320658, 0.0, 0.018478479192880055, 0.44274552646791815, 0.4515691997584677, 0.39098447819759474, 0.7211313330141353, 0.0, 0.0, 0.0, 0.5253261616370222, 0.5207378938481693, 0.4228801154215445, 0.5678297976536879, 0.0, 0.0, 0.0, 0.0, 0.5032201685003022, 0.4206665941248495, 0.018278947059898132, 0.0, 0.0, 1.0, 0.0, 
0.563497166068443, 0.09612163635071258, 0.04990535052693937, 0.029135026221024884, 0.0, 0.014782783354304043, 0.35419642117433453, 0.4509848442998833, 0.3920882890282853, 0.6676188841914605, 0.0, 0.0, 0.0, 0.425782583596496, 0.512399822102512, 0.42715438546990125, 0.4623905526194455, 0.0, 0.0, 0.0, 0.0, 0.4944633842622383, 0.42082832855950614, 0.014623157647918505, 0.0, 0.0, 1.0, 0.0, 
0.5417665869576447, 0.183579413520051, 0.042000702962011735, 0.026662620118843187, 0.0, 0.011087087515728032, 0.26564731588075086, 0.45040048884129885, 0.39319209985897585, 0.6141064353687857, 0.0, 0.0, 0.0, 0.32623900555596985, 0.5040617503568549, 0.431428655518258, 0.35695130758520305, 0.0, 0.0, 0.0, 0.0, 0.4857066000241744, 0.4209900629941628, 0.01096736823593888, 0.0, 0.0, 1.0, 0.0, 
0.5200360078468464, 0.27103719068938936, 0.0340960553970841, 0.024190214016661493, 0.0, 0.007391391677152023, 0.17709821058716724, 0.44981613338271437, 0.39429591068966635, 0.5605939865461109, 0.0, 0.0, 0.0, 0.22669542751544364, 0.4957236786111976, 0.4357029255666147, 0.2515120625509606, 0.0, 0.0, 0.0, 0.0, 0.4769498157861105, 0.4211517974288194, 0.007311578823959254, 0.0, 0.0, 0.9999999999999999, 0.0, 
0.49830542873604816, 0.3584949678587278, 0.026191407832156476, 0.021717807914479796, 0.0, 0.0036956958385760113, 0.08854910529358362, 0.44923177792412994, 0.3953997215203569, 0.5070815377234361, 0.0, 0.0, 0.0, 0.12715184947491748, 0.48738560686554033, 0.43997719561497145, 0.1460728175167182, 0.0, 0.0, 0.0, 0.0, 0.4681930315480466, 0.4213135318634761, 0.003655789411979627, 0.0, 0.0, 0.9999999999999999, 0.0, 
0.4765748496252499, 0.44595274502806626, 0.01828676026722884, 0.019245401812298103, 0.0, 0.0, 0.0, 0.4486474224655455, 0.39650353235104746, 0.4535690889007613, 0.0, 0.0, 0.0, 0.02760827143439134, 0.4790475351198831, 0.4442514656633282, 0.040633572482475795, 0.0, 0.0, 0.0, 0.0, 0.4594362473099827, 0.4214752662981327, 0.0, 0.0, 0.0, 0.9999999999999999, 0.0, 
0.4845988491900345, 0.4459711491610026, 0.014629408213783071, 0.015396321449838482, 0.0, 0.0, 0.0, 0.44704763983165535, 0.317202825880838, 0.3693581737277418, 0.0, 0.0, 0.0, 0.02301200965330922, 0.4755600036373837, 0.4868775369407651, 0.04586900507269865, 0.0, 0.0, 0.0, 0.0, 0.4580840648831694, 0.4145703214013615, 0.0, 0.0, 0.0, 0.9999999999999999, 0.0, 
0.49262284875481904, 0.44598955329393897, 0.010972056160337303, 0.01154724108737886, 0.0, 0.0, 0.0, 0.4454478571977652, 0.23790211941062847, 0.28514725855472234, 0.0, 0.0, 0.0, 0.018415747872227096, 0.4720724721548843, 0.529503608218202, 0.05110443766292151, 0.0, 0.0, 0.0, 0.0, 0.45673188245635604, 0.40766537650459034, 0.0, 0.0, 0.0, 0.9999999999999999, 0.0, 
0.5006468483196036, 0.4460079574268753, 0.0073147041068915356, 0.007698160724919242, 0.0, 0.0, 0.0, 0.4438480745638751, 0.15860141294041896, 0.2009363433817028, 0.0, 0.0, 0.0, 0.013819486091144974, 0.4685849406723849, 0.5721296794956389, 0.05633987025314437, 0.0, 0.0, 0.0, 0.0, 0.45537970002954264, 0.4007604316078191, 0.0, 0.0, 0.0, 0.9999999999999999, 0.0, 
0.5086708478843882, 0.4460263615598117, 0.0036573520534457678, 0.003849080362459621, 0.0, 0.0, 0.0, 0.44224829192998494, 0.07930070647020948, 0.11672542820868331, 0.0, 0.0, 0.0, 0.009223224310062852, 0.46509740918988546, 0.6147557507730758, 0.06157530284336722, 0.0, 0.0, 0.0, 0.0, 0.4540275176027293, 0.3938554867110479, 0.0, 0.0, 0.0, 0.9999999999999999, 0.0, 
0.5166948474491728, 0.44604476569274804, 0.0, 0.0, 0.0, 0.0, 0.0, 0.4406485092960948, 0.0, 0.032514513035663814, 0.0, 0.0, 0.0, 0.004626962528980728, 0.46160987770738604, 0.6573818220505127, 0.06681073543359008, 0.0, 0.0, 0.0, 0.0, 0.45267533517591596, 0.38695054181427674, 0.0, 0.0, 0.0, 0.9999999999999999, 0.0, 
0.5491970351942627, 0.35683581255419844, 0.0031460812846862223, 0.12813219027440445, 0.0, 0.0, 0.0, 0.4671140453345275, 0.0064637467074872765, 0.11125611382349053, 0.0036526502557371436, 0.0, 0.0, 0.011418021815176106, 0.47395567225684077, 0.700143603165069, 0.1814066058298821, 0.0, 0.0, 0.0, 0.0, 0.46656096960554266, 0.3969688996376795, 0.0, 0.0, 0.0, 0.9999999999999999, 0.0, 
0.5816992229393525, 0.2676268594156488, 0.006292162569372445, 0.2562643805488089, 0.0, 0.0, 0.0, 0.49357958137296026, 0.012927493414974553, 0.18999771461131726, 0.007305300511474287, 0.0, 0.0, 0.018209081101371483, 0.48630146680629555, 0.7429053842796252, 0.29600247622617415, 0.0, 0.0, 0.0, 0.0, 0.48044660403516937, 0.40698725746108233, 0.0, 0.0, 0.0, 0.9999999999999999, 0.0, 
0.6142014106844422, 0.1784179062770992, 0.009438243854058666, 0.3843965708232133, 0.0, 0.0, 0.0, 0.5200451174113929, 0.01939124012246183, 0.268739315399144, 0.01095795076721143, 0.0, 0.0, 0.02500014038756686, 0.49864726135575027, 0.7856671653941815, 0.4105983466224662, 0.0, 0.0, 0.0, 0.0, 0.4943322384647961, 0.4170056152844851, 0.0, 0.0, 0.0, 1.0, 0.0, 
0.6467035984295321, 0.0892089531385496, 0.01258432513874489, 0.5125287610976178, 0.0, 0.0, 0.0, 0.5465106534498257, 0.025854986829949106, 0.3474809161869707, 0.014610601022948574, 0.0, 0.0, 0.03179119967376224, 0.510993055905205, 0.8284289465087378, 0.5251942170187582, 0.0, 0.0, 0.0, 0.0, 0.5082178728944228, 0.4270239731078879, 0.0, 0.0, 0.0, 1.0, 0.0, 
0.6792057861746219, 0.0, 0.015730406423431112, 0.6406609513720223, 0.0, 0.0, 0.0, 0.5729761894882585, 0.03231873353743638, 0.4262225169747974, 0.018263251278685718, 0.0, 0.0, 0.038582258959957615, 0.5233388504546598, 0.871190727623294, 0.6397900874150503, 0.0, 0.0, 0.0, 0.0, 0.5221035073240495, 0.4370423309312907, 0.0, 0.0, 0.0, 1.0, 0.0, 
0.65965222353299, 0.0, 0.013463531022216778, 0.6211984210309015, 0.0, 0.0, 0.0, 0.5732980293549078, 0.027992510504107275, 0.35423021916297565, 0.015497927157514383, 0.0, 0.0, 0.03086580716796609, 0.5164700891666081, 0.8969525820986352, 0.6085004378943873, 0.0, 0.0, 0.0, 0.0, 0.525881626948016, 0.4320308849840476, 0.0, 0.0, 0.0, 0.9705307747957465, 0.0, 
0.6400986608913581, 0.0, 0.011196655621002444, 0.6017358906897806, 0.0, 0.0, 0.0, 0.5736198692215573, 0.023666287470778168, 0.2822379213511539, 0.012732603036343049, 0.0, 0.0, 0.023149355375974567, 0.5096013278785564, 0.9227144365739763, 0.5772107883737243, 0.0, 0.0, 0.0, 0.0, 0.5296597465719823, 0.42701943903680456, 0.0, 0.0, 0.0, 0.9410615495914929, 0.0, 
0.6205450982497264, 0.0, 0.008929780219788108, 0.5822733603486598, 0.0, 0.0, 0.0, 0.5739417090882066, 0.019340064437449064, 0.21024562353933207, 0.009967278915171712, 0.0, 0.0, 0.015432903583983047, 0.5027325665905047, 0.9484762910493176, 0.5459211388530614, 0.0, 0.0, 0.0, 0.0, 0.5334378661959488, 0.42200799308956144, 0.0, 0.0, 0.0, 0.9115923243872394, 0.0, 
0.6009915356080945, 0.0, 0.006662904818573774, 0.562810830007539, 0.0, 0.0, 0.0, 0.5742635489548561, 0.015013841404119956, 0.1382533257275103, 0.007201954794000378, 0.0, 0.0, 0.007716451791991524, 0.49586380530245294, 0.9742381455246588, 0.5146314893323984, 0.0, 0.0, 0.0, 0.0, 0.5372159858199151, 0.4169965471423184, 0.0, 0.0, 0.0, 0.8821230991829858, 0.0, 
0.5814379729664626, 0.0, 0.00439602941735944, 0.5433482996664182, 0.0, 0.0, 0.0, 0.5745853888215054, 0.010687618370790849, 0.06626102791568855, 0.004436630672829042, 0.0, 0.0, 0.0, 0.48899504401440125, 1.0, 0.48334183981173545, 0.0, 0.0, 0.0, 0.0, 0.5409941054438816, 0.4119851011950753, 0.0, 0.0, 0.0, 0.8526538739787323, 0.0, 
0.5415521876265964, 0.0, 0.010339485629797047, 0.5624024412487394, 0.0, 0.0, 0.0, 0.5732418769533283, 0.012353176577520771, 0.1923171725647767, 0.00622959351543405, 0.0, 0.0, 0.0009302445640179083, 0.47942943652818365, 0.9845859085094596, 0.48913103405942226, 0.0, 0.0, 0.0, 0.0, 0.537618148626313, 0.40514477720527803, 0.0, 0.0, 0.0, 0.7106420115051468, 0.0, 
0.5016664022867303, 0.0, 0.016282941842234652, 0.5814565828310606, 0.0, 0.0, 0.0, 0.5718983650851512, 0.014018734784250694, 0.31837331721386486, 0.008022556358039057, 0.0, 0.0, 0.0018604891280358167, 0.46986382904196605, 0.9691718170189192, 0.4949202283071091, 0.0, 0.0, 0.0, 0.0, 0.5342421918087444, 0.39830445321548075, 0.0, 0.0, 0.0, 0.5686301490315613, 0.0, 
0.4617806169468641, 0.0, 0.02222639805467226, 0.6005107244133818, 0.0, 0.0, 0.0, 0.5705548532169741, 0.015684292990980616, 0.444429461862953, 0.009815519200644066, 0.0, 0.0, 0.002790733692053725, 0.4602982215557485, 0.9537577255283787, 0.5007094225547959, 0.0, 0.0, 0.0, 0.0, 0.5308662349911758, 0.3914641292256834, 0.0, 0.0, 0.0, 0.4266182865579758, 0.0, 
0.4218948316069979, 0.0, 0.02816985426710987, 0.619564865995703, 0.0, 0.0, 0.0, 0.569211341348797, 0.01734985119771054, 0.5704856065120412, 0.01160848204324907, 0.0, 0.0, 0.0037209782560716333, 0.4507326140695309, 0.9383436340378383, 0.5064986168024828, 0.0, 0.0, 0.0, 0.0, 0.5274902781736073, 0.38462380523588613, 0.0, 0.0, 0.0, 0.2846064240843903, 0.0, 
0.3820090462671318, 0.0, 0.03411331047954748, 0.6386190075780243, 0.0, 0.0, 0.0, 0.5678678294806199, 0.01901540940444046, 0.6965417511611293, 0.013401444885854078, 0.0, 0.0, 0.004651222820089541, 0.4411670065833133, 0.9229295425472979, 0.5122878110501695, 0.0, 0.0, 0.0, 0.0, 0.5241143213560386, 0.37778348124608885, 0.0, 0.0, 0.0, 0.1425945616108048, 0.0, 
0.38808301358297065, 0.0017663254829768707, 0.029344926332698654, 0.5184176288219732, 0.0, 0.0, 0.0, 0.5389177966415859, 0.02229508094177472, 0.6691313495945931, 0.016511727673444318, 0.0, 0.0, 0.012714938110575832, 0.4440188666090373, 0.914623451469594, 0.5274226683731588, 0.0, 0.0, 0.0, 0.0, 0.5210103118804258, 0.3781275384689844, 0.0, 0.0, 0.0, 0.13917247564551227, 0.0, 
0.3941569808988095, 0.0035326509659537415, 0.024576542185849832, 0.39821625006592204, 0.0, 0.0, 0.0, 0.509967763802552, 0.025574752479108974, 0.6417209480280569, 0.01962201046103456, 0.0, 0.0, 0.020778653401062122, 0.4468707266347613, 0.9063173603918901, 0.542557525696148, 0.0, 0.0, 0.0, 0.0, 0.517906302404813, 0.37847159569187994, 0.0, 0.0, 0.0, 0.13575038968021977, 0.0, 
0.40023094821464844, 0.005298976448930612, 0.01980815803900101, 0.2780148713098709, 0.0, 0.0, 0.0, 0.4810177309635181, 0.028854424016443232, 0.6143105464615208, 0.022732293248624802, 0.0, 0.0, 0.028842368691548412, 0.44972258666048526, 0.8980112693141864, 0.5576923830191373, 0.0, 0.0, 0.0, 0.0, 0.5148022929292, 0.3788156529147755, 0.0, 0.0, 0.0, 0.13232830371492724, 0.0, 
0.4063049155304873, 0.007065301931907483, 0.015039773892152185, 0.15781349255381982, 0.0, 0.0, 0.0, 0.4520676981244841, 0.03213409555377749, 0.5869001448949847, 0.025842576036215044, 0.0, 0.0, 0.0369060839820347, 0.4525744466862093, 0.8897051782364825, 0.5728272403421265, 0.0, 0.0, 0.0, 0.0, 0.5116982834535871, 0.379159710137671, 0.0, 0.0, 0.0, 0.12890621774963473, 0.0, 
0.4123788828463262, 0.008831627414884354, 0.010271389745303358, 0.037612113797768694, 0.0, 0.0, 0.0, 0.4231176652854502, 0.03541376709111175, 0.5594897433284485, 0.028952858823805282, 0.0, 0.0, 0.04496979927252099, 0.45542630671193324, 0.8813990871587787, 0.5879620976651158, 0.0, 0.0, 0.0, 0.0, 0.5085942739779743, 0.37950376736056657, 0.0, 0.0, 0.0, 0.1254841317843422, 0.0, 
0.41761541209601977, 0.007065301931907483, 0.008217111796242686, 0.037652230141120444, 0.0, 0.0, 0.0, 0.42602439514753354, 0.03551995852868986, 0.4475917946627588, 0.023162287059044225, 0.0, 0.0, 0.039781746100545023, 0.4594647830361847, 0.8863487101249687, 0.5958620215951427, 0.0, 0.0, 0.0, 0.0031144128547667235, 0.5117966333405309, 0.30360301388845323, 0.0, 0.0, 0.0, 0.1251391162930885, 0.0, 
0.4228519413457134, 0.005298976448930613, 0.006162833847182015, 0.03769234648447219, 0.0, 0.0, 0.0, 0.4289311250096169, 0.03562614996626797, 0.3356938459970691, 0.01737171529428317, 0.0, 0.0, 0.03459369292856905, 0.4635032593604362, 0.8912983330911588, 0.6037619455251696, 0.0, 0.0, 0.0, 0.006228825709533447, 0.5149989927030876, 0.22770226041633995, 0.0, 0.0, 0.0, 0.1247941008018348, 0.0, 
0.428088470595407, 0.0035326509659537424, 0.004108555898121344, 0.03773246282782394, 0.0, 0.0, 0.0, 0.4318378548717002, 0.03573234140384609, 0.2237958973313794, 0.011581143529522112, 0.0, 0.0, 0.029405639756593084, 0.46754173568468765, 0.8962479560573489, 0.6116618694551964, 0.0, 0.0, 0.0, 0.009343238564300171, 0.5182013520656443, 0.15180150694422664, 0.0, 0.0, 0.0, 0.12444908531058109, 0.0, 
0.43332499984510064, 0.0017663254829768712, 0.0020542779490606723, 0.03777257917117569, 0.0, 0.0, 0.0, 0.4347445847337835, 0.0358385328414242, 0.1118979486656897, 0.005790571764761058, 0.0, 0.0, 0.024217586584617114, 0.4715802120089391, 0.9011975790235389, 0.6195617933852233, 0.0, 0.0, 0.0, 0.012457651419066894, 0.521403711428201, 0.07590075347211334, 0.0, 0.0, 0.0, 0.1241040698193274, 0.0, 
0.43856152909479423, 0.0, 0.0, 0.03781269551452744, 0.0, 0.0, 0.0, 0.43765131459586687, 0.03594472427900231, 0.0, 0.0, 0.0, 0.0, 0.019029533412641145, 0.4756186883331906, 0.906147201989729, 0.6274617173152502, 0.0, 0.0, 0.0, 0.015572064273833617, 0.5246060707907576, 0.0, 0.0, 0.0, 0.0, 0.12375905432807369, 0.0, 
0.35812095166920005, 0.08336478332204254, 0.10960384825415517, 0.1896173663613982, 0.0, 0.0, 0.0, 0.43424436685164214, 0.1336096186583538, 0.09849689463371644, 0.003016962247234442, 0.0, 0.0, 0.12439019415028782, 0.4752600070298918, 0.9249177615917832, 0.6364976483388491, 0.0, 0.0, 0.0, 0.017689837185179757, 0.5382662048291698, 0.003552210266454323, 0.0, 0.0, 0.0, 0.12239058581850752, 0.0, 
0.2776803742436059, 0.1667295666440851, 0.21920769650831035, 0.34142203720826897, 0.0, 0.0, 0.0, 0.4308374191074174, 0.23127451303770527, 0.19699378926743288, 0.006033924494468884, 0.0, 0.0, 0.2297508548879345, 0.47490132572659294, 0.9436883211938374, 0.645533579362448, 0.0, 0.0, 0.0, 0.019807610096525895, 0.5519263388675818, 0.007104420532908646, 0.0, 0.0, 0.0, 0.12102211730894134, 0.0, 
0.19723979681801174, 0.2500943499661276, 0.32881154476246555, 0.49322670805513974, 0.0, 0.0, 0.0, 0.4274304713631927, 0.32893940741705674, 0.2954906839011493, 0.009050886741703325, 0.0, 0.0, 0.33511151562558117, 0.47454264442329414, 0.9624588807958916, 0.654569510386047, 0.0, 0.0, 0.0, 0.021925383007872033, 0.565586472905994, 0.010656630799362968, 0.0, 0.0, 0.0, 0.11965364879937518, 0.0, 
0.11679921939241755, 0.3334591332881702, 0.4384153930166207, 0.6450313789020106, 0.0, 0.0, 0.0, 0.42402352361896795, 0.42660430179640824, 0.39398757853486577, 0.012067848988937768, 0.0, 0.0, 0.44047217636322783, 0.4741839631199953, 0.9812294403979458, 0.663605441409646, 0.0, 0.0, 0.0, 0.02404315591921817, 0.579246606944406, 0.014208841065817292, 0.0, 0.0, 0.0, 0.118285180289809, 0.0, 
0.03635864196682337, 0.41682391661021273, 0.5480192412707758, 0.7968360497488813, 0.0, 0.0, 0.0, 0.4206165758747432, 0.5242691961757597, 0.4924844731685822, 0.015084811236172209, 0.0, 0.0, 0.5458328371008745, 0.4738252818166965, 1.0, 0.6726413724332448, 0.0, 0.0, 0.0, 0.02616092883056431, 0.5929067409828181, 0.017761051332271616, 0.0, 0.0, 0.0, 0.11691671178024284, 0.0, 
0.029086913573458696, 0.34344231462451447, 0.5536024146361576, 0.6403487623719746, 0.0, 0.0, 0.0, 0.33649326069979457, 0.42610142661807704, 0.39398757853486577, 0.012067848988937768, 0.0, 0.0, 0.44470404380331685, 0.4794477406311987, 1.0, 0.5400307808315417, 0.0, 0.0, 0.0, 0.02092874306445145, 0.5601983443313376, 0.014208841065817292, 0.0, 0.0, 0.0, 0.10264883834135441, 0.0, 
0.02181518518009402, 0.27006071263881615, 0.5591855880015393, 0.48386147499506776, 0.0, 0.0, 0.0, 0.25236994552484593, 0.3279336570603944, 0.2954906839011493, 0.009050886741703325, 0.0, 0.0, 0.3435752505057592, 0.48507019944570096, 1.0, 0.4074201892298384, 0.0, 0.0, 0.0, 0.015696557298338586, 0.527489947679857, 0.01065663079936297, 0.0, 0.0, 0.0, 0.08838096490246597, 0.0, 
0.014543456786729345, 0.19667911065311786, 0.564768761366921, 0.32737418761816095, 0.0, 0.0, 0.0, 0.16824663034989729, 0.22976588750271176, 0.19699378926743288, 0.006033924494468884, 0.0, 0.0, 0.24244645720820157, 0.49069265826020325, 0.9999999999999999, 0.27480959762813517, 0.0, 0.0, 0.0, 0.010464371532225722, 0.4947815510283765, 0.007104420532908648, 0.0, 0.0, 0.0, 0.07411309146357754, 0.0, 
0.007271728393364672, 0.12329750866741956, 0.5703519347323027, 0.1708869002412542, 0.0, 0.0, 0.0, 0.08412331517494864, 0.13159811794502907, 0.09849689463371641, 0.003016962247234441, 0.0, 0.0, 0.14131766391064393, 0.4963151170747055, 0.9999999999999999, 0.14219900602643198, 0.0, 0.0, 0.0, 0.005232185766112861, 0.46207315437689594, 0.003552210266454324, 0.0, 0.0, 0.0, 0.05984521802468912, 0.0, 
0.0, 0.049915906681721245, 0.5759351080976844, 0.014399612864347459, 0.0, 0.0, 0.0, 0.0, 0.03343034838734637, 0.0, 0.0, 0.0, 0.0, 0.04018887061308629, 0.5019375758892077, 0.9999999999999999, 0.009588414424728766, 0.0, 0.0, 0.0, 0.0, 0.4293647577254154, 0.0, 0.0, 0.0, 0.0, 0.04557734458580069, 0.0, 
0.09239703889453331, 0.13678028387212945, 0.47289488650938966, 0.17615501380558093, 0.0009921102045891794, 0.0, 0.008363738372241303, 0.08735001456263022, 0.1252026670548111, 0.10406550265973094, 0.0018300988767291203, 0.0, 0.00205541953677533, 0.15844964796139166, 0.5066774210073248, 0.9999999999999999, 0.012998354754136025, 0.0, 0.0, 0.0, 0.0, 0.4531478040492535, 0.0061705491473071136, 0.0, 0.0, 0.0, 0.05677774945318167, 0.0, 
0.18479407778906662, 0.22364466106253766, 0.36985466492109487, 0.3379104147468144, 0.001984220409178359, 0.0, 0.016727476744482606, 0.17470002912526045, 0.21697498572227583, 0.20813100531946188, 0.0036601977534582407, 0.0, 0.00411083907355066, 0.27671042530969703, 0.5114172661254419, 0.9999999999999999, 0.016408295083543283, 0.0, 0.0, 0.0, 0.0, 0.4769308503730916, 0.012341098294614227, 0.0, 0.0, 0.0, 0.06797815432056264, 0.0, 
0.2771911166835999, 0.3105090382529459, 0.2668144433328, 0.49966581568804785, 0.0029763306137675382, 0.0, 0.02509121511672391, 0.26205004368789064, 0.3087473043897406, 0.31219650797919285, 0.005490296630187361, 0.0, 0.00616625861032599, 0.39497120265800234, 0.5161571112435589, 1.0, 0.019818235412950542, 0.0, 0.0, 0.0, 0.0, 0.5007138966969297, 0.01851164744192134, 0.0, 0.0, 0.0, 0.07917855918794361, 0.0, 
0.36958815557813324, 0.3973734154433541, 0.16377422174450523, 0.6614212166292813, 0.003968440818356718, 0.0, 0.03345495348896521, 0.3494000582505209, 0.4005196230572053, 0.41626201063892376, 0.007320395506916481, 0.0, 0.00822167814710132, 0.5132319800063077, 0.520896956361676, 1.0, 0.0232281757423578, 0.0, 0.0, 0.0, 0.0, 0.5244969430207678, 0.024682196589228454, 0.0, 0.0, 0.0, 0.09037896405532458, 0.0, 
0.46198519447266656, 0.48423779263376227, 0.060734000156210395, 0.8231766175705147, 0.004960551022945897, 0.0, 0.041818691861206514, 0.43675007281315115, 0.49229194172467, 0.5203275132986547, 0.009150494383645602, 0.0, 0.01027709768387665, 0.6314927573546131, 0.5256368014797931, 1.0, 0.02663811607176506, 0.0, 0.0, 0.0, 0.0, 0.5482799893446059, 0.03085274573653557, 0.0, 0.0, 0.0, 0.10157936892270557, 0.0, 
0.4449857554225013, 0.4832626397740845, 0.16266772729913445, 0.8170241756174498, 0.007906153371688747, 0.004691706962754787, 0.11356779617863728, 0.44355866679449296, 0.5017775666807432, 0.5076852421297486, 0.007320395506916481, 0.0, 0.00822167814710132, 0.6185442669190326, 0.531956947831335, 1.0, 0.03497464737407113, 0.0, 0.0, 0.0, 0.0, 0.5626803522377497, 0.024682196589228454, 0.0, 0.0, 0.0, 0.09179330759060712, 0.0, 
0.427986316372336, 0.48228748691440676, 0.2646014544420585, 0.8108717336643849, 0.010851755720431597, 0.009383413925509574, 0.18531690049606805, 0.4503672607758347, 0.5112631916368164, 0.49504297096084265, 0.005490296630187361, 0.0, 0.00616625861032599, 0.6055957764834522, 0.5382770941828768, 1.0, 0.04331117867637721, 0.0, 0.0, 0.0, 0.0, 0.5770807151308937, 0.018511647441921342, 0.0, 0.0, 0.0, 0.08200724625850868, 0.0, 
0.4109868773221707, 0.48131233405472906, 0.3665351815849826, 0.80471929171132, 0.013797358069174447, 0.014075120888264361, 0.25706600481349884, 0.45717585475717654, 0.5207488165928896, 0.48240069979193667, 0.0036601977534582407, 0.0, 0.00411083907355066, 0.5926472860478716, 0.5445972405344186, 1.0, 0.05164770997868328, 0.0, 0.0, 0.0, 0.0, 0.5914810780240375, 0.01234109829461423, 0.0, 0.0, 0.0, 0.07222118492641022, 0.0, 
0.39398743827200544, 0.4803371811950513, 0.46846890872790664, 0.7985668497582551, 0.016742960417917296, 0.018766827851019147, 0.3288151091309296, 0.4639844487385183, 0.5302344415489628, 0.46975842862303063, 0.0018300988767291203, 0.0, 0.00205541953677533, 0.5796987956122912, 0.5509173868859605, 1.0, 0.05998424128098935, 0.0, 0.0, 0.0, 0.0, 0.6058814409171814, 0.006170549147307115, 0.0, 0.0, 0.0, 0.06243512359431178, 0.0, 
0.3769879992218401, 0.47936202833537356, 0.5704026358708307, 0.7924144078051901, 0.019688562766660145, 0.023458534813773933, 0.40056421344836035, 0.4707930427198601, 0.539720066505036, 0.45711615745412465, 0.0, 0.0, 0.0, 0.5667503051767108, 0.5572375332375024, 1.0, 0.06832077258329543, 0.0, 0.0, 0.0, 0.0, 0.6202818038103253, 0.0, 0.0, 0.0, 0.0, 0.05264906226221334, 0.0, 
0.404417456449888, 0.5621089964774326, 0.565398562428668, 0.8015214144931891, 0.017834487479569484, 0.018766827851019147, 0.3964124027459729, 0.4647563088770836, 0.5421973473145859, 0.37777372172882595, 0.000886474300287707, 0.0, 0.0018477858944766488, 0.565228952971429, 0.563621961923125, 1.0, 0.062247627883260215, 0.0, 0.0, 0.0, 0.0, 0.5984134390593456, 0.0, 0.0, 0.0, 0.0, 0.05092581620407336, 0.0, 
0.4318469136779359, 0.6448559646194917, 0.5603944889865052, 0.8106284211811882, 0.015980412192478824, 0.01407512088826436, 0.3922605920435854, 0.45871957503430705, 0.5446746281241359, 0.2984312860035272, 0.001772948600575414, 0.0, 0.0036955717889532976, 0.5637076007661473, 0.5700063906087475, 1.0, 0.056174483183225, 0.0, 0.0, 0.0, 0.0, 0.576545074308366, 0.0, 0.0, 0.0, 0.0, 0.04920257014593339, 0.0, 
0.4592763709059838, 0.7276029327615507, 0.5553904155443425, 0.8197354278691872, 0.014126336905388162, 0.009383413925509572, 0.3881087813411979, 0.45268284119153046, 0.5471519089336858, 0.21908885027822847, 0.002659422900863121, 0.0, 0.005543357683429947, 0.5621862485608656, 0.5763908192943701, 1.0000000000000002, 0.05010133848318978, 0.0, 0.0, 0.0, 0.0, 0.5546767095573863, 0.0, 0.0, 0.0, 0.0, 0.047479324087793415, 0.0, 
0.4867058281340316, 0.8103499009036098, 0.5503863421021797, 0.8288424345571862, 0.0122722616182975, 0.004691706962754786, 0.3839569706388104, 0.44664610734875393, 0.5496291897432358, 0.13974641455292974, 0.003545897201150828, 0.0, 0.007391143577906595, 0.5606648963555839, 0.5827752479799926, 1.0000000000000002, 0.04402819378315457, 0.0, 0.0, 0.0, 0.0, 0.5328083448064068, 0.0, 0.0, 0.0, 0.0, 0.045756078029653445, 0.0, 
0.5141352853620795, 0.8930968690456689, 0.545382268660017, 0.8379494412451852, 0.01041818633120684, 0.0, 0.37980515993642294, 0.4406093735059774, 0.5521064705527857, 0.060403978827631016, 0.004432371501438535, 0.0, 0.009238929472383244, 0.5591435441503022, 0.5891596766656152, 1.0000000000000002, 0.037955049083119356, 0.0, 0.0, 0.0, 0.0, 0.5109399800554272, 0.0, 0.0, 0.0, 0.0, 0.04403283197151347, 0.0, 
0.4974494568716006, 0.850420437595178, 0.5280084141375414, 0.8703595529961482, 0.0157805277493984, 0.0, 0.30384412794913834, 0.4418449602863511, 0.5434371751059519, 0.1434587697821203, 0.005591273640608681, 0.0, 0.007391143577906595, 0.4539343116050226, 0.5854395220544274, 0.9377948891165281, 0.13577360040338135, 0.0, 0.0, 0.0, 0.0, 0.5062482865833591, 0.0869666102803816, 0.0, 0.0, 0.0, 0.03522626557721077, 0.0, 
0.48076362838112163, 0.8077440061446872, 0.5106345596150658, 0.9027696647471111, 0.021142869167589964, 0.0, 0.22788309596185377, 0.44308054706672484, 0.534767879659118, 0.22651356073660955, 0.006750175779778827, 0.0, 0.005543357683429946, 0.34872507905974304, 0.5817193674432395, 0.875589778233056, 0.23359215172364334, 0.0, 0.0, 0.0, 0.0, 0.501556593111291, 0.1739332205607632, 0.0, 0.0, 0.0, 0.026419699182908082, 0.0, 
0.4640777998906427, 0.7650675746941964, 0.4932607050925902, 0.935179776498074, 0.026505210585781525, 0.0, 0.1519220639745692, 0.44431613384709856, 0.5260985842122842, 0.30956835169109886, 0.007909077918948973, 0.0, 0.0036955717889532967, 0.24351584651446345, 0.5779992128320517, 0.8133846673495837, 0.33141070304390535, 0.0, 0.0, 0.0, 0.0, 0.4968648996392228, 0.2608998308411448, 0.0, 0.0, 0.0, 0.01761313278860539, 0.0, 
0.4473919714001637, 0.7223911432437057, 0.4758868505701146, 0.967589888249037, 0.03186755200397309, 0.0, 0.0759610319872846, 0.4455517206274723, 0.5174292887654502, 0.39262314264558806, 0.009067980058119119, 0.0, 0.0018477858944766484, 0.13830661396918387, 0.5742790582208638, 0.7511795564661116, 0.4292292543641673, 0.0, 0.0, 0.0, 0.0, 0.4921732061671547, 0.3478664411215264, 0.0, 0.0, 0.0, 0.008806566394302696, 0.0, 
0.43070614290968473, 0.6797147117932149, 0.45851299604763895, 0.9999999999999999, 0.03722989342216465, 0.0, 0.0, 0.446787307407846, 0.5087599933186164, 0.4756779336000773, 0.010226882197289264, 0.0, 0.0, 0.03309738142390429, 0.570558903609676, 0.6889744455826394, 0.5270478056844293, 0.0, 0.0, 0.0, 0.0, 0.4874815126950866, 0.43483305140190803, 0.0, 0.0, 0.0, 0.0, 0.0, 
0.3500209633043947, 0.6866700268678823, 0.3668103968381112, 0.965929229497257, 0.035921289276918206, 0.0, 0.0, 0.35835816506074697, 0.41984587625207576, 0.38054234688006183, 0.011035505391018689, 0.0, 0.0, 0.03018613566934195, 0.5732216870494397, 0.7511795564661116, 0.42163824454754345, 0.0, 0.0, 0.0, 0.0, 0.4889077424185459, 0.35339639596220085, 0.0, 0.0, 0.0, 0.0039363887061973045, 0.0, 
0.2693357836991046, 0.6936253419425497, 0.2751077976285834, 0.9318584589945141, 0.03461268513167177, 0.0, 0.0, 0.26992902271364794, 0.3309317591855351, 0.2854067601600464, 0.011844128584748113, 0.0, 0.0, 0.02727488991477961, 0.5758844704892033, 0.8133846673495837, 0.3162286834106576, 0.0, 0.0, 0.0, 0.0, 0.4903339721420052, 0.2719597405224936, 0.0, 0.0, 0.0, 0.007872777412394609, 0.0, 
0.18865060409381454, 0.7005806570172172, 0.18340519841905556, 0.8977876884917713, 0.03330408098642533, 0.0, 0.0, 0.18149988036654896, 0.2420176421189944, 0.19027117344003092, 0.01265275177847754, 0.0, 0.0, 0.02436364416021727, 0.5785472539289671, 0.8755897782330557, 0.21081912227377175, 0.0, 0.0, 0.0, 0.0, 0.49176020186546454, 0.19052308508278643, 0.0, 0.0, 0.0, 0.011809166118591913, 0.0, 
0.10796542448852448, 0.7075359720918846, 0.09170259920952778, 0.8637169179890283, 0.031995476841178885, 0.0, 0.0, 0.09307073801944993, 0.15310352505245373, 0.09513558672001549, 0.013461374972206964, 0.0, 0.0, 0.02145239840565493, 0.5812100373687308, 0.9377948891165279, 0.10540956113688588, 0.0, 0.0, 0.0, 0.0, 0.49318643158892383, 0.10908642964307924, 0.0, 0.0, 0.0, 0.015745554824789218, 0.0, 
0.0272802448832344, 0.714491287166552, 0.0, 0.8296461474862854, 0.030686872695932444, 0.0, 0.0, 0.004641595672350877, 0.06418940798591305, 0.0, 0.014269998165936389, 0.0, 0.0, 0.01854115265109259, 0.5838728208084945, 1.0, 0.0, 0.0, 0.0, 0.0, 0.0, 0.49461266131238313, 0.027649774203372043, 0.0, 0.0, 0.0, 0.019681943530986522, 0.0, 
0.1252575984856372, 0.7102489587291168, 0.006622578751718957, 0.8579821517039129, 0.1557016481911898, 0.0, 0.000873003374593163, 0.0933990835398541, 0.1989936737531376, 0.14172255067066936, 0.02421847444856628, 0.0, 0.0008772182115628193, 0.13019575727958627, 0.6580699798751746, 0.9871353392126334, 0.01106356449754466, 0.0, 0.0, 0.0, 0.0, 0.5200095880624945, 0.10618808386296041, 0.0, 0.0, 0.0, 0.020793880184515126, 0.0, 
0.22323495208804, 0.7060066302916814, 0.013245157503437913, 0.8863181559215403, 0.28071642368644717, 0.0, 0.001746006749186326, 0.1821565714073573, 0.33379793952036213, 0.2834451013413387, 0.034166950731196175, 0.0, 0.0017544364231256385, 0.24185036190807993, 0.7322671389418547, 0.9742706784252668, 0.02212712899508932, 0.0, 0.0, 0.0, 0.0, 0.5454065148126058, 0.18472639352254877, 0.0, 0.0, 0.0, 0.021905816838043726, 0.0, 
0.3212123056904428, 0.7017643018542462, 0.019867736255156872, 0.9146541601391678, 0.4057311991817045, 0.0, 0.002619010123779489, 0.27091405927486056, 0.46860220528758667, 0.42516765201200807, 0.044115427013826064, 0.0, 0.002631654634688458, 0.3535049665365736, 0.8064642980085348, 0.9614060176379003, 0.03319069349263398, 0.0, 0.0, 0.0, 0.0, 0.5708034415627172, 0.2632647031821372, 0.0, 0.0, 0.0, 0.02301775349157233, 0.0, 
0.4191896592928456, 0.6975219734168109, 0.026490315006875827, 0.9429901643567952, 0.5307459746769618, 0.0, 0.003492013498372652, 0.35967154714236377, 0.6034064710548113, 0.5668902026826774, 0.05406390329645596, 0.0, 0.003508872846251277, 0.46515957116506723, 0.8806614570752149, 0.9485413568505338, 0.04425425799017864, 0.0, 0.0, 0.0, 0.0, 0.5962003683128285, 0.34180301284172554, 0.0, 0.0, 0.0, 0.024129690145100934, 0.0, 
0.5171670128952484, 0.6932796449793757, 0.03311289375859478, 0.9713261685744227, 0.6557607501722192, 0.0, 0.004365016872965815, 0.44842903500986697, 0.7382107368220359, 0.7086127533533467, 0.06401237957908586, 0.0, 0.004386091057814096, 0.5768141757935609, 0.954858616141895, 0.9356766960631672, 0.055317822487723295, 0.0, 0.0, 0.0, 0.0, 0.6215972950629399, 0.4203413225013139, 0.0, 0.0, 0.0, 0.025241626798629534, 0.0, 
0.5896838171026673, 0.5690605535704194, 0.026490315006875827, 0.921540057258814, 0.6508479924524302, 0.0, 0.003492013498372652, 0.46971169192385315, 0.6000120075469373, 0.5668902026826774, 0.0531450311079639, 0.0, 0.003508872846251277, 0.5533690987126132, 0.9475879865679884, 0.9485413568505338, 0.04425425799017864, 0.0, 0.0, 0.0, 0.0, 0.6086691946582333, 0.3362730580010511, 0.0, 0.0, 0.0, 0.020193301438903626, 0.0, 
0.6622006213100863, 0.4448414621614632, 0.01986773625515687, 0.8717539459432054, 0.6459352347326411, 0.0, 0.002619010123779489, 0.4909943488378393, 0.4618132782718388, 0.425167652012008, 0.04227768263684194, 0.0, 0.002631654634688458, 0.5299240216316654, 0.9403173569940818, 0.9614060176379003, 0.033190693492633976, 0.0, 0.0, 0.0, 0.0, 0.5957410942535267, 0.25220479350078834, 0.0, 0.0, 0.0, 0.015144976079177721, 0.0, 
0.7347174255175052, 0.320622370752507, 0.01324515750343791, 0.8219678346275967, 0.641022477012852, 0.0, 0.0017460067491863263, 0.5122770057518256, 0.3236145489967403, 0.28344510134133866, 0.03141033416571998, 0.0, 0.0017544364231256385, 0.5064789445507177, 0.9330467274201751, 0.9742706784252668, 0.022127128995089312, 0.0, 0.0, 0.0, 0.0, 0.5828129938488201, 0.16813652900052556, 0.0, 0.0, 0.0, 0.010096650719451815, 0.0, 
0.8072342297249242, 0.19640327934355073, 0.006622578751718955, 0.7721817233119881, 0.6361097192930629, 0.0, 0.0008730033745931631, 0.5335596626658117, 0.18541581972164178, 0.1417225506706693, 0.020542985694598018, 0.0, 0.0008772182115628193, 0.48303386746977006, 0.9257760978462686, 0.9871353392126334, 0.011063564497544656, 0.0, 0.0, 0.0, 0.0, 0.5698848934441135, 0.08406826450026278, 0.0, 0.0, 0.0, 0.005048325359725908, 0.0, 
0.8797510339323431, 0.07218418793459451, 0.0, 0.7223956119963795, 0.6311969615732739, 0.0, 0.0, 0.5548423195797979, 0.04721709044654331, 0.0, 0.009675637223476061, 0.0, 0.0, 0.45958879038882233, 0.9185054682723619, 1.0, 0.0, 0.0, 0.0, 0.0, 0.0, 0.5569567930394069, 0.0, 0.0, 0.0, 0.0, 0.0, 0.0, 
0.8872894455455834, 0.07843716503163939, 0.0, 0.7322243965084447, 0.6352681809629875, 0.0, 0.0, 0.44484018187665186, 0.04418078904719463, 0.0, 0.007740509778780849, 0.0, 0.0, 0.3764310119381557, 0.9010846298074723, 0.9898552077649763, 0.0, 0.0, 0.0, 0.0, 0.0, 0.5490695172306965, 0.0, 0.0, 0.0, 0.0, 0.0, 0.0, 
0.8948278571588237, 0.08469014212868427, 0.0, 0.74205318102051, 0.6393394003527013, 0.0, 0.0, 0.33483804417350577, 0.04114448764784594, 0.0, 0.005805382334085637, 0.0, 0.0, 0.293273233487489, 0.8836637913425828, 0.9797104155299526, 0.0, 0.0, 0.0, 0.0, 0.0, 0.5411822414219862, 0.0, 0.0, 0.0, 0.0, 0.0, 0.0, 
0.9023662687720639, 0.09094311922572915, 0.0, 0.7518819655325751, 0.643410619742415, 0.0, 0.0, 0.22483590647035967, 0.03810818624849725, 0.0, 0.003870254889390424, 0.0, 0.0, 0.21011545503682239, 0.8662429528776932, 0.9695656232949289, 0.0, 0.0, 0.0, 0.0, 0.0, 0.5332949656132758, 0.0, 0.0, 0.0, 0.0, 0.0, 0.0, 
0.9099046803853043, 0.09719609632277403, 0.0, 0.7617107500446404, 0.6474818391321288, 0.0, 0.0, 0.11483376876721363, 0.03507188484914857, 0.0, 0.001935127444695212, 0.0, 0.0, 0.12695767658615575, 0.8488221144128036, 0.9594208310599053, 0.0, 0.0, 0.0, 0.0, 0.0, 0.5254076898045655, 0.0, 0.0, 0.0, 0.0, 0.0, 0.0, 
0.9174430919985446, 0.1034490734198189, 0.0, 0.7715395345567057, 0.6515530585218424, 0.0, 0.0, 0.00483163106406754, 0.03203558344979988, 0.0, 0.0, 0.0, 0.0, 0.0437998981354891, 0.831401275947914, 0.9492760388248815, 0.0, 0.0, 0.0, 0.0, 0.0, 0.5175204139958551, 0.0, 0.0, 0.0, 0.0, 0.0, 0.0, 
0.9339544735988357, 0.20490880704630557, 0.0, 0.7927253075320875, 0.7192410516531457, 0.011875675486742161, 0.015172851888035488, 0.0038653048512540316, 0.028394058721586273, 0.0, 0.0, 0.0, 0.01530112037328657, 0.18063274760410078, 0.8402269141046087, 0.9292741490880149, 0.0, 0.0, 0.0, 0.0, 0.0, 0.41683203374951006, 0.0, 0.0, 0.0, 0.0, 0.005663432520796612, 0.16901567338909856, 
0.9504658551991267, 0.30636854067279223, 0.0, 0.8139110805074692, 0.786929044784449, 0.023751350973484322, 0.030345703776070976, 0.002898978638440524, 0.02475253399337267, 0.0, 0.0, 0.0, 0.03060224074657314, 0.3174655970727125, 0.8490525522613034, 0.9092722593511482, 0.0, 0.0, 0.0, 0.0, 0.0, 0.316143653503165, 0.0, 0.0, 0.0, 0.0, 0.011326865041593224, 0.33803134677819713, 
0.9669772367994178, 0.4078282742992789, 0.0, 0.835096853482851, 0.8546170379157523, 0.03562702646022648, 0.045518555664106466, 0.0019326524256270163, 0.02111100926515906, 0.0, 0.0, 0.0, 0.04590336111985971, 0.4542984465413242, 0.8578781904179981, 0.8892703696142816, 0.0, 0.0, 0.0, 0.0, 0.0, 0.2154552732568199, 0.0, 0.0, 0.0, 0.0, 0.016990297562389838, 0.5070470201672956, 
0.9834886183997089, 0.5092880079257656, 0.0, 0.8562826264582327, 0.9223050310470555, 0.047502701946968644, 0.06069140755214195, 0.0009663262128135081, 0.017469484536945457, 0.0, 0.0, 0.0, 0.06120448149314628, 0.5911312960099359, 0.8667038285746927, 0.869268479877415, 0.0, 0.0, 0.0, 0.0, 0.0, 0.11476689301047482, 0.0, 0.0, 0.0, 0.0, 0.022653730083186448, 0.6760626935563943, 
1.0, 0.6107477415522522, 0.0, 0.8774683994336145, 0.9899930241783588, 0.059378377433710806, 0.07586425944017744, 0.0, 0.013827959808731851, 0.0, 0.0, 0.0, 0.07650560186643285, 0.7279641454785475, 0.8755294667313874, 0.8492665901405483, 0.0, 0.0, 0.0, 0.0, 0.0, 0.014078512764129759, 0.0, 0.0, 0.0, 0.0, 0.02831716260398306, 0.8450783669454928, 
1.0, 0.48859819324180176, 0.0, 0.8167325427890876, 0.9270454324938293, 0.047502701946968644, 0.06069140755214195, 0.0044699331466032536, 0.013802461458206197, 0.0, 0.0, 0.0, 0.06120448149314628, 0.582371316382838, 0.818407303678986, 0.7958888518331596, 0.0, 0.0, 0.0, 0.0, 0.0, 0.011262810211303808, 0.0, 0.0, 0.0, 0.0, 0.022653730083186448, 0.6820496997351484, 
1.0, 0.3664486449313513, 0.0, 0.7559966861445606, 0.8640978408093, 0.03562702646022649, 0.045518555664106466, 0.008939866293206507, 0.013776963107680545, 0.0, 0.0, 0.0, 0.04590336111985971, 0.4367784872871285, 0.7612851406265846, 0.7425111135257708, 0.0, 0.0, 0.0, 0.0, 0.0, 0.008447107658477854, 0.0, 0.0, 0.0, 0.0, 0.016990297562389838, 0.5190210325248041, 
1.0, 0.24429909662090088, 0.0, 0.6952608295000338, 0.8011502491247705, 0.023751350973484325, 0.030345703776070973, 0.013409799439809762, 0.01375146475715489, 0.0, 0.0, 0.0, 0.03060224074657314, 0.29118565819141895, 0.7041629775741831, 0.6891333752183821, 0.0, 0.0, 0.0, 0.0, 0.0, 0.005631405105651903, 0.0, 0.0, 0.0, 0.0, 0.011326865041593224, 0.35599236531445977, 
1.0, 0.12214954831045044, 0.0, 0.6345249728555068, 0.7382026574402412, 0.011875675486742163, 0.015172851888035487, 0.017879732586413014, 0.013725966406629238, 0.0, 0.0, 0.0, 0.01530112037328657, 0.14559282909570948, 0.6470408145217816, 0.6357556369109933, 0.0, 0.0, 0.0, 0.0, 0.0, 0.0028157025528259515, 0.0, 0.0, 0.0, 0.0, 0.005663432520796614, 0.1929636981041154, 
1.0, 0.0, 0.0, 0.5737891162109798, 0.6752550657557117, 0.0, 0.0, 0.022349665733016267, 0.013700468056103584, 0.0, 0.0, 0.0, 0.0, 0.0, 0.5899186514693803, 0.5823778986036047, 0.0, 0.0, 0.0, 0.0, 0.0, 0.0, 0.0, 0.0, 0.0, 0.0, 0.0, 0.02993503089377103, 
1.0, 0.004716289860757633, 0.0, 0.4638392257444263, 0.5503855736963965, 0.0, 0.0, 0.019666569119825943, 0.010960374444882867, 0.0, 0.0, 0.0, 0.0, 0.0, 0.5775192850817005, 0.4723261893084336, 0.0, 0.0, 0.0, 0.0, 0.0, 0.0, 0.0, 0.0, 0.0, 0.0, 0.0, 0.023948024715016825, 
1.0, 0.009432579721515266, 0.0, 0.3538893352778728, 0.42551608163708127, 0.0, 0.0, 0.016983472506635615, 0.00822028083366215, 0.0, 0.0, 0.0, 0.0, 0.0, 0.5651199186940208, 0.3622744800132626, 0.0, 0.0, 0.0, 0.0, 0.0, 0.0, 0.0, 0.0, 0.0, 0.0, 0.0, 0.01796101853626262, 
1.0, 0.014148869582272898, 0.0, 0.24393944481131924, 0.300646589577766, 0.0, 0.0, 0.01430037589344529, 0.005480187222441434, 0.0, 0.0, 0.0, 0.0, 0.0, 0.552720552306341, 0.2522227707180916, 0.0, 0.0, 0.0, 0.0, 0.0, 0.0, 0.0, 0.0, 0.0, 0.0, 0.0, 0.011974012357508411, 
1.0, 0.018865159443030532, 0.0, 0.13398955434476573, 0.17577709751845083, 0.0, 0.0, 0.011617279280254965, 0.002740093611220717, 0.0, 0.0, 0.0, 0.0, 0.0, 0.5403211859186613, 0.14217106142292057, 0.0, 0.0, 0.0, 0.0, 0.0, 0.0, 0.0, 0.0, 0.0, 0.0, 0.0, 0.0059870061787542055, 
1.0, 0.023581449303788166, 0.0, 0.024039663878212245, 0.05090760545913569, 0.0, 0.0, 0.008934182667064638, 0.0, 0.0, 0.0, 0.0, 0.0, 0.0, 0.5279218195309815, 0.03211935212774947, 0.0, 0.0, 0.0, 0.0, 0.0, 0.0, 0.0, 0.0, 0.0, 0.0, 0.0, 0.0, 
0.8253036447955212, 0.018865159443030532, 0.0, 0.023898949307291365, 0.1885129289208497, 0.07719881594145209, 0.0761298442154451, 0.007147346133651711, 0.0, 0.0, 0.0, 0.0, 0.07629033540458169, 0.07608328872894826, 0.4271015125932674, 0.025695481702199575, 0.0, 0.0, 0.0, 0.0, 0.005244621199988539, 0.0, 0.0, 0.0, 0.0, 0.0, 0.0, 0.08482125997494146, 
0.6506072895910424, 0.0141488695822729, 0.0, 0.023758234736370485, 0.3261182523825637, 0.15439763188290417, 0.1522596884308902, 0.0053605096002387834, 0.0, 0.0, 0.0, 0.0, 0.15258067080916338, 0.15216657745789652, 0.3262812056555533, 0.01927161127664968, 0.0, 0.0, 0.0, 0.0, 0.010489242399977079, 0.0, 0.0, 0.0, 0.0, 0.0, 0.0, 0.16964251994988291, 
0.4759109343865635, 0.009432579721515268, 0.0, 0.023617520165449605, 0.4637235758442777, 0.23159644782435626, 0.22838953264633527, 0.003573673066825855, 0.0, 0.0, 0.0, 0.0, 0.22887100621374507, 0.22824986618684479, 0.22546089871783925, 0.012847740851099784, 0.0, 0.0, 0.0, 0.0, 0.01573386359996562, 0.0, 0.0, 0.0, 0.0, 0.0, 0.0, 0.2544637799248244, 
0.3012145791820847, 0.004716289860757634, 0.0, 0.023476805594528725, 0.6013288993059916, 0.30879526376580835, 0.3045193768617804, 0.0017868365334129275, 0.0, 0.0, 0.0, 0.0, 0.30516134161832675, 0.30433315491579305, 0.12464059178012515, 0.006423870425549892, 0.0, 0.0, 0.0, 0.0, 0.020978484799954157, 0.0, 0.0, 0.0, 0.0, 0.0, 0.0, 0.33928503989976583, 
0.12651822397760593, 0.0, 0.0, 0.023336091023607845, 0.7389342227677056, 0.38599407970726046, 0.3806492210772255, 0.0, 0.0, 0.0, 0.0, 0.0, 0.38145167702290844, 0.3804164436447413, 0.023820284842411086, 0.0, 0.0, 0.0, 0.0, 0.0, 0.026223105999942695, 0.0, 0.0, 0.0, 0.0, 0.0, 0.0, 0.42410629987470727, 
0.1183194759516842, 0.0, 0.0, 0.018668872818886274, 0.7367918516279227, 0.3888609345111188, 0.3855576643798524, 0.0, 0.0, 0.0, 0.0, 0.0, 0.31137535325795723, 0.3839415592604192, 0.01905622787392887, 0.0, 0.0, 0.0, 0.0, 0.0, 0.027161585376404576, 0.0, 0.0, 0.0, 0.0, 0.0, 0.0, 0.33928503989976583, 
0.11012072792576247, 0.0, 0.0, 0.014001654614164707, 0.7346494804881399, 0.3917277893149771, 0.3904661076824793, 0.0, 0.0, 0.0, 0.0, 0.0, 0.24129902949300602, 0.3874666748760971, 0.014292170905446652, 0.0, 0.0, 0.0, 0.0, 0.0, 0.028100064752866454, 0.0, 0.0, 0.0, 0.0, 0.0, 0.0, 0.2544637799248244, 
0.10192197989984073, 0.0, 0.0, 0.009334436409443139, 0.732507109348357, 0.39459464411883544, 0.3953745509851062, 0.0, 0.0, 0.0, 0.0, 0.0, 0.1712227057280548, 0.39099179049177496, 0.009528113936964434, 0.0, 0.0, 0.0, 0.0, 0.0, 0.029038544129328336, 0.0, 0.0, 0.0, 0.0, 0.0, 0.0, 0.1696425199498829, 
0.093723231873919, 0.0, 0.0, 0.00466721820472157, 0.7303647382085743, 0.3974614989226937, 0.4002829942877331, 0.0, 0.0, 0.0, 0.0, 0.0, 0.1011463819631036, 0.3945169061074529, 0.004764056968482217, 0.0, 0.0, 0.0, 0.0, 0.0, 0.029977023505790214, 0.0, 0.0, 0.0, 0.0, 0.0, 0.0, 0.08482125997494144, 
0.08552448384799727, 0.0, 0.0, 0.0, 0.7282223670687914, 0.40032835372655207, 0.40519143759036, 0.0, 0.0, 0.0, 0.0, 0.0, 0.03107005819815239, 0.39804202172313075, 0.0, 0.0, 0.0, 0.0, 0.0, 0.0, 0.030915502882252095, 0.0, 0.0, 0.0, 0.0, 0.0, 0.0, 0.0, 
