0.0, 0.0, 0.0, 0.015666209254431764, 0.0, 0.004693155521974536, 0.04697336557418788, 0.0, 0.5911246327620724, 0.601865569310802, 0.9359730863461331, 1.0, 0.0792105776268803, 0.5743943918233049, 0.0, 0.7273231776837584, 0.7637657923878605, 0.5175998265225562, 0.5482323292616585, 0.058298771870833405, 0.0, 0.0, 0.0, 0.0, 0.0, 0.0, 0.0, 0.0, 
0.0, 0.0, 0.0, 0.01771009275664556, 0.2, 0.019166026317644844, 0.0393602094221125, 0.0, 0.5671624859777759, 0.5882836068987883, 0.8632561389961417, 0.9768752676429977, 0.1786207827035592, 0.6065164447278397, 0.0, 0.6980833637157335, 0.759751959733036, 0.42047850273459997, 0.5731606676795902, 0.16835606374658402, 0.0, 0.0, 0.0, 0.0, 0.0, 0.0, 0.0, 0.0, 
0.0, 0.0, 0.0, 0.01975397625885935, 0.4, 0.03363889711331516, 0.03174705327003711, 0.0, 0.5432003391934794, 0.5747016444867746, 0.7905391916461504, 0.9537505352859955, 0.2780309877802381, 0.6386384976323747, 0.0, 0.6688435497477087, 0.7557381270782116, 0.32335717894664373, 0.5980890060975217, 0.2784133556223346, 0.0, 0.0, 0.0, 0.0, 0.0, 0.0, 0.0, 0.0, 
0.0, 0.0, 0.0, 0.021797859761073145, 0.6000000000000001, 0.04811176790898547, 0.024133897117961725, 0.0, 0.5192381924091829, 0.5611196820747609, 0.7178222442961592, 0.9306258029289932, 0.377441192856917, 0.6707605505369095, 0.0, 0.6396037357796838, 0.7517242944233872, 0.22623585515868744, 0.6230173445154533, 0.38847064749808524, 0.0, 0.0, 0.0, 0.0, 0.0, 0.0, 0.0, 0.0, 
0.0, 0.0, 0.0, 0.02384174326328694, 0.8, 0.06258463870465578, 0.01652074096588634, 0.0, 0.4952760456248864, 0.5475377196627472, 0.6451052969461678, 0.907501070571991, 0.4768513979335959, 0.7028826034414444, 0.0, 0.6103639218116588, 0.7477104617685628, 0.1291145313707312, 0.6479456829333848, 0.49852793937383577, 0.0, 0.0, 0.0, 0.0, 0.0, 0.0, 0.0, 0.0, 
0.0, 0.0, 0.0, 0.025885626765500734, 1.0, 0.07705750950032608, 0.008907584813810954, 0.0, 0.47131389884058994, 0.5339557572507335, 0.5723883495961765, 0.8843763382149887, 0.5762616030102748, 0.7350046563459793, 0.0, 0.5811241078436339, 0.7436966291137384, 0.031993207582774984, 0.6728740213513165, 0.6085852312495864, 0.0, 0.0, 0.0, 0.0, 0.0, 0.0, 0.0, 0.0, 
0.0, 0.0, 0.13777054395219146, 0.17073052325810295, 0.8044737114555877, 0.061646007600260865, 0.007126067851048763, 0.0, 0.38444269655785446, 0.5712252768519053, 0.6125845681348127, 0.8552419105098578, 0.6005586382953009, 0.5880037250767834, 0.0, 0.46577311758478457, 0.7949573032909907, 0.025594566066219987, 0.6386236257610796, 0.6182443716450556, 0.0, 0.0, 0.0, 0.0, 0.0, 0.0, 0.0, 0.0, 
0.0, 0.0, 0.2755410879043829, 0.31557541975070513, 0.6089474229111753, 0.04623450570019565, 0.005344550888286573, 0.0, 0.29757149427511903, 0.6084947964530771, 0.6527807866734489, 0.8261074828047267, 0.6248556735803268, 0.4410027938075876, 0.0, 0.3504221273259352, 0.846217977468243, 0.01919592454966499, 0.6043732301708427, 0.6279035120405249, 0.0, 0.0, 0.0, 0.0, 0.0, 0.0, 0.0, 0.0, 
0.0, 0.0, 0.4133116318565744, 0.4604203162433073, 0.41342113436676287, 0.030823003800130436, 0.0035630339255243813, 0.0, 0.2107002919923836, 0.6457643160542489, 0.6929770052120849, 0.7969730550995957, 0.6491527088653528, 0.2940018625383918, 0.0, 0.23507113706708582, 0.8974786516454953, 0.012797283033109993, 0.5701228345806058, 0.637562652435994, 0.0, 0.0, 0.0, 0.0, 0.0, 0.0, 0.0, 0.0, 
0.0, 0.0, 0.5510821758087658, 0.6052652127359096, 0.21789484582235052, 0.015411501900065218, 0.0017815169627621906, 0.0, 0.12382908970964812, 0.6830338356554206, 0.7331732237507211, 0.7678386273944646, 0.6734497441503787, 0.1470009312691959, 0.0, 0.1197201468082365, 0.9487393258227477, 0.006398641516554997, 0.535872438990369, 0.6472217928314632, 0.0, 0.0, 0.0, 0.0, 0.0, 0.0, 0.0, 0.0, 
0.0, 0.0, 0.6888527197609573, 0.7501101092285118, 0.022368557277938225, 0.0, 0.0, 0.0, 0.0369578874269127, 0.7203033552565925, 0.7733694422893573, 0.7387041996893337, 0.6977467794354048, 0.0, 0.0, 0.004369156549387186, 1.0, 0.0, 0.5016220434001321, 0.6568809332269324, 0.0, 0.0, 0.0, 0.0, 0.0, 0.0, 0.0, 0.0, 
0.003167984908701415, 0.10233238472609976, 0.5510821758087658, 0.6009533688307639, 0.021855409572852393, 0.0, 0.0, 0.11221888231724683, 0.12220062499287832, 0.7032841301867512, 0.7211904097713547, 0.7174599439967929, 0.7581974235483238, 0.0, 0.0, 0.0034953252395097485, 0.9717433000640301, 0.1619164136479254, 0.500061115032433, 0.6564257247442706, 0.0, 0.0, 0.0, 0.0, 0.0, 0.0, 0.0018131256622257754, 0.0, 
0.00633596981740283, 0.20466476945219952, 0.4133116318565744, 0.451796628433016, 0.021342261867766565, 0.0, 0.0, 0.22443776463449366, 0.20744336255884394, 0.6862649051169099, 0.669011377253352, 0.6962156883042523, 0.8186480676612429, 0.0, 0.0, 0.0026214939296323116, 0.9434866001280601, 0.3238328272958508, 0.49850018666473406, 0.6559705162616087, 0.0, 0.0, 0.0, 0.0, 0.0, 0.0, 0.0036262513244515507, 0.0, 
0.009503954726104245, 0.3069971541782993, 0.2755410879043829, 0.3026398880352681, 0.020829114162680733, 0.0, 0.0, 0.33665664695174047, 0.29268610012480956, 0.6692456800470685, 0.6168323447353494, 0.6749714326117116, 0.8790987117741619, 0.0, 0.0, 0.0017476626197548747, 0.9152299001920902, 0.48574924094377614, 0.49693925829703506, 0.655515307778947, 0.0, 0.0, 0.0, 0.0, 0.0, 0.0, 0.005439376986677326, 0.0, 
0.01267193963480566, 0.40932953890439905, 0.13777054395219146, 0.15348314763752013, 0.020315966457594904, 0.0, 0.0, 0.4488755292689873, 0.3779288376907752, 0.6522264549772272, 0.5646533122173467, 0.6537271769191709, 0.9395493558870809, 0.0, 0.0, 0.0008738313098774373, 0.8869732002561201, 0.6476656545917016, 0.49537832992933606, 0.6550600992962851, 0.0, 0.0, 0.0, 0.0, 0.0, 0.0, 0.0072525026489031015, 0.0, 
0.015839924543507074, 0.5116619236304988, 0.0, 0.004326407239772172, 0.019802818752509072, 0.0, 0.0, 0.5610944115862342, 0.4631715752567408, 0.6352072299073859, 0.5124742796993441, 0.6324829212266302, 1.0, 0.0, 0.0, 0.0, 0.8587165003201502, 0.809582068239627, 0.49381740156163706, 0.6546048908136233, 0.0, 0.0, 0.0, 0.0, 0.0, 0.0, 0.009065628311128877, 0.0, 
0.1538161688314026, 0.4190402866896732, 0.0, 0.0034611257918177375, 0.01584225500200726, 0.0, 0.0, 0.6145614660892396, 0.5535337362252473, 0.666632972916919, 0.538757081075171, 0.6535674514017477, 1.0, 0.0, 0.0, 0.0, 0.840592931862842, 0.8045890291059846, 0.509346042439131, 0.6436480261259088, 0.1073121393633436, 0.0, 0.0, 0.0, 0.0, 0.0, 0.0072525026489031015, 0.0, 
0.2917924131192981, 0.32641864974884766, 0.0, 0.002595844343863303, 0.011881691251505443, 0.0, 0.0, 0.6680285205922449, 0.6438958971937536, 0.6980587159264521, 0.5650398824509978, 0.6746519815768651, 1.0, 0.0, 0.0, 0.0, 0.8224693634055337, 0.7995959899723424, 0.5248746833166248, 0.6326911614381943, 0.2146242787266872, 0.0, 0.0, 0.0, 0.0, 0.0, 0.005439376986677326, 0.0, 
0.4297686574071936, 0.23379701280802212, 0.0, 0.0017305628959088685, 0.007921127501003628, 0.0, 0.0, 0.7214955750952503, 0.7342580581622601, 0.7294844589359852, 0.5913226838268246, 0.6957365117519825, 1.0, 0.0, 0.0, 0.0, 0.8043457949482254, 0.7946029508387, 0.5404033241941186, 0.6217342967504796, 0.3219364180900308, 0.0, 0.0, 0.0, 0.0, 0.0, 0.003626251324451551, 0.0, 
0.5677449016950891, 0.14117537586719653, 0.0, 0.0008652814479544343, 0.003960563750501814, 0.0, 0.0, 0.7749626295982556, 0.8246202191307666, 0.7609102019455183, 0.6176054852026515, 0.7168210419271, 1.0, 0.0, 0.0, 0.0, 0.7862222264909171, 0.7896099117050578, 0.5559319650716126, 0.6107774320627651, 0.4292485574533744, 0.0, 0.0, 0.0, 0.0, 0.0, 0.0018131256622257756, 0.0, 
0.7057211459829845, 0.04855373892637097, 0.0, 0.0, 0.0, 0.0, 0.0, 0.8284296841012609, 0.914982380099273, 0.7923359449550514, 0.6438882865784783, 0.7379055721022174, 1.0, 0.0, 0.0, 0.0, 0.7680986580336089, 0.7846168725714154, 0.5714606059491064, 0.5998205673750506, 0.536560696816718, 0.0, 0.0, 0.0, 0.0, 0.0, 0.0, 0.0, 
0.5655832411651454, 0.03884299114109678, 0.0, 0.0, 0.0, 0.0, 0.0, 0.8627437472810088, 0.7319859040794184, 0.7602944071174133, 0.6332327383493424, 0.7490567949182589, 0.979473151745901, 0.0008947847095183046, 0.0, 0.0, 0.7459419294007592, 0.7819144431868609, 0.5765347097454987, 0.5720774805129659, 0.554291312516272, 0.0, 0.0, 0.0, 0.0, 0.0, 0.0, 0.0, 
0.4254453363473063, 0.029132243355822582, 0.0, 0.0, 0.0, 0.0, 0.0, 0.8970578104607566, 0.5489894280595637, 0.7282528692797751, 0.6225771901202064, 0.7602080177343004, 0.9589463034918019, 0.0017895694190366092, 0.0, 0.0, 0.7237852007679095, 0.7792120138023064, 0.5816088135418911, 0.5443343936508813, 0.5720219282158259, 0.0, 0.0, 0.0, 0.0, 0.0, 0.0, 0.0, 
0.2853074315294672, 0.019421495570548387, 0.0, 0.0, 0.0, 0.0, 0.0, 0.9313718736405043, 0.36599295203970916, 0.6962113314421369, 0.6119216418910705, 0.7713592405503419, 0.9384194552377029, 0.002684354128554914, 0.0, 0.0, 0.7016284721350599, 0.7765095844177519, 0.5866829173382834, 0.5165913067887966, 0.5897525439153797, 0.0, 0.0, 0.0, 0.0, 0.0, 0.0, 0.0, 
0.14516952671162808, 0.009710747785274192, 0.0, 0.0, 0.0, 0.0, 0.0, 0.9656859368202522, 0.18299647601985458, 0.6641697936044987, 0.6012660936619345, 0.7825104633663833, 0.9178926069836038, 0.0035791388380732184, 0.0, 0.0, 0.6794717435022102, 0.7738071550331974, 0.5917570211346758, 0.48884821992671196, 0.6074831596149336, 0.0, 0.0, 0.0, 0.0, 0.0, 0.0, 0.0, 
0.005031621893789076, 0.0, 0.0, 0.0, 0.0, 0.0, 0.0, 1.0, 0.0, 0.6321282557668605, 0.5906105454327986, 0.7936616861824248, 0.8973657587295047, 0.004473923547591523, 0.0, 0.0, 0.6573150148693605, 0.7711047256486429, 0.596831124931068, 0.4611051330646273, 0.6252137753144875, 0.0, 0.0, 0.0, 0.0, 0.0, 0.0, 0.0, 
0.00402529751503126, 0.0, 0.0, 0.0, 0.0, 0.0, 0.0, 0.8, 0.0, 0.5179760973946752, 0.6532046384012826, 0.800721590114586, 0.8706726622741786, 0.00945346624788948, 0.0, 0.0, 0.5362211558361093, 0.8168837805189143, 0.6388954218750981, 0.5117813347329301, 0.6432037095522009, 0.0, 0.0, 0.0, 0.0, 0.0029577483084900335, 0.0, 0.0, 
0.0030189731362734455, 0.0, 0.0, 0.0, 0.0, 0.0, 0.0, 0.6, 0.0, 0.40382393902249003, 0.7157987313697667, 0.8077814940467472, 0.8439795658188525, 0.014433008948187439, 0.0, 0.0, 0.4151272968028582, 0.8626628353891858, 0.6809597188191282, 0.5624575364012329, 0.6611936437899141, 0.0, 0.0, 0.0, 0.0, 0.005915496616980067, 0.0, 0.0, 
0.0020126487575156306, 0.0, 0.0, 0.0, 0.0, 0.0, 0.0, 0.3999999999999999, 0.0, 0.28967178065030474, 0.7783928243382506, 0.8148413979789083, 0.8172864693635264, 0.019412551648485394, 0.0, 0.0, 0.294033437769607, 0.9084418902594571, 0.7230240157631582, 0.6131337380695356, 0.6791835780276274, 0.0, 0.0, 0.0, 0.0, 0.0088732449254701, 0.0, 0.0, 
0.0010063243787578153, 0.0, 0.0, 0.0, 0.0, 0.0, 0.0, 0.19999999999999996, 0.0, 0.1755196222781195, 0.8409869173067347, 0.8219013019110695, 0.7905933729082003, 0.024392094348783352, 0.0, 0.0, 0.17293957873635585, 0.9542209451297285, 0.7650883127071884, 0.6638099397378383, 0.6971735122653406, 0.0, 0.0, 0.0, 0.0, 0.011830993233960134, 0.0, 0.0, 
0.0, 0.0, 0.0, 0.0, 0.0, 0.0, 0.0, 0.0, 0.0, 0.06136746390593429, 0.9035810102752188, 0.8289612058432306, 0.7639002764528742, 0.02937163704908131, 0.0, 0.0, 0.05184571970310465, 1.0, 0.8071526096512184, 0.7144861414061411, 0.715163446503054, 0.0, 0.0, 0.0, 0.0, 0.014788741542450167, 0.0, 0.0, 
0.0, 0.0048315917947879304, 0.0, 0.011230115952302031, 0.10358397341213976, 0.00480566567885983, 0.0969326988137721, 0.0, 0.0, 0.049093971124747435, 0.922864808220175, 0.8122391895415251, 0.7610874619725907, 0.02721570728059347, 0.0, 0.0, 0.04773854880541622, 0.9537459159683954, 0.8336183898084745, 0.7453819888608373, 0.745988370576283, 0.0, 0.0, 0.0, 0.0, 0.013916030157358431, 0.0, 0.0, 
0.0, 0.009663183589575861, 0.0, 0.022460231904604062, 0.20716794682427953, 0.00961133135771966, 0.1938653976275442, 0.0, 0.0, 0.03682047834356057, 0.9421486061651313, 0.7955171732398195, 0.7582746474923072, 0.025059777512105634, 0.0, 0.0, 0.04363137790772778, 0.9074918319367908, 0.8600841699657306, 0.7762778363155335, 0.7768132946495119, 0.0, 0.0, 0.0, 0.0, 0.013043318772266695, 0.0, 0.0, 
0.0, 0.014494775384363792, 0.0, 0.0336903478569061, 0.3107519202364193, 0.01441699703657949, 0.2907980964413163, 0.0, 0.0, 0.024546985562373717, 0.9614324041100875, 0.778795156938114, 0.7554618330120237, 0.022903847743617794, 0.0, 0.0, 0.03952420701003935, 0.8612377479051863, 0.8865499501229867, 0.8071736837702297, 0.8076382187227409, 0.0, 0.0, 0.0, 0.0, 0.012170607387174959, 0.0, 0.0, 
0.0, 0.019326367179151722, 0.0, 0.044920463809208125, 0.41433589364855905, 0.01922266271543932, 0.3877307952550884, 0.0, 0.0, 0.012273492781186855, 0.9807162020550437, 0.7620731406364084, 0.7526490185317403, 0.020747917975129954, 0.0, 0.0, 0.03541703611235092, 0.8149836638735816, 0.9130157302802427, 0.8380695312249258, 0.8384631427959698, 0.0, 0.0, 0.0, 0.0, 0.011297896002083222, 0.0, 0.0, 
0.0, 0.02415795897393965, 0.0, 0.05615057976151016, 0.5179198670606988, 0.02402832839429915, 0.4846634940688605, 0.0, 0.0, 0.0, 1.0, 0.7453511243347029, 0.7498362040514568, 0.018591988206642113, 0.0, 0.0, 0.03130986521466248, 0.768729579841977, 0.9394815104374988, 0.868965378679622, 0.8692880668691988, 0.0, 0.0, 0.0, 0.0, 0.010425184616991486, 0.0, 0.0, 
0.12439951925180662, 0.10146838090933441, 0.0, 0.049428366473950484, 0.5292335305771262, 0.1264714467546575, 0.39742444801055, 0.0, 0.0, 0.007840238642911909, 0.95714573290942, 0.732217060088773, 0.699668590069847, 0.12516763606999054, 0.0, 0.0, 0.02687461116547008, 0.7405075066159754, 0.951585208349999, 0.8930773073082935, 0.8545953719741146, 0.0, 0.0, 0.0, 0.0, 0.008340147693593189, 0.0, 0.0, 
0.24879903850361323, 0.17877880284472916, 0.0, 0.04270615318639081, 0.5405471940935535, 0.2289145651150158, 0.31018540195223954, 0.0, 0.0, 0.015680477285823818, 0.9142914658188399, 0.7190829958428432, 0.6495009760882374, 0.23174328393333896, 0.0, 0.0, 0.022439357116277685, 0.7122854333899737, 0.9636889062624993, 0.9171892359369651, 0.8399026770790305, 0.0, 0.0, 0.0, 0.0, 0.006255110770194892, 0.0, 0.0, 
0.3731985577554199, 0.2560892247801239, 0.0, 0.035983939898831134, 0.5518608576099808, 0.3313576834753741, 0.22294635589392903, 0.0, 0.0, 0.023520715928735725, 0.8714371987282599, 0.7059489315969133, 0.5993333621066277, 0.33831893179668737, 0.0, 0.0, 0.01800410306708529, 0.6840633601639722, 0.9757926041749996, 0.9413011645656366, 0.8252099821839464, 0.0, 0.0, 0.0, 0.0, 0.0041700738467965945, 0.0, 0.0, 
0.49759807700722647, 0.33339964671551864, 0.0, 0.02926172661127146, 0.5631745211264081, 0.43380080183573244, 0.13570730983561852, 0.0, 0.0, 0.031360954571647635, 0.8285829316376798, 0.6928148673509835, 0.549165748125018, 0.44489457966003576, 0.0, 0.0, 0.01356884901789289, 0.6558412869379705, 0.9878963020874998, 0.9654130931943082, 0.8105172872888623, 0.0, 0.0, 0.0, 0.0, 0.0020850369233982972, 0.0, 0.0, 
0.6219975962590331, 0.41071006865091336, 0.0, 0.02253951332371178, 0.5744881846428355, 0.5362439201960908, 0.048468263777308035, 0.0, 0.0, 0.039201193214559546, 0.7857286645470998, 0.6796808031050536, 0.49899813414340827, 0.5514702275233841, 0.0, 0.0, 0.009133594968700491, 0.6276192137119689, 1.0, 0.9895250218229797, 0.7958245923937781, 0.0, 0.0, 0.0, 0.0, 0.0, 0.0, 0.0, 
0.49759807700722647, 0.3294703320341527, 0.010774397248585987, 0.026813848104344635, 0.4595905477142684, 0.4316940559202941, 0.1331031758212988, 0.0008938002089114121, 0.0038412812022972226, 0.0373427806762885, 0.7923828012256836, 0.7206389383370246, 0.5272256688367878, 0.5928341386673879, 0.0, 0.0, 0.007306875974960393, 0.6569811059598862, 1.0, 0.989376578334772, 0.6375239415971203, 0.0, 0.0, 0.0, 0.0, 0.0, 0.0, 0.0, 
0.3731985577554198, 0.2482305954173921, 0.021548794497171973, 0.031088182884977486, 0.3446929107857013, 0.3271441916444974, 0.21773808786528956, 0.0017876004178228242, 0.007682562404594445, 0.03548436813801746, 0.7990369379042673, 0.7615970735689955, 0.5554532035301674, 0.6341980498113916, 0.0, 0.0, 0.005480156981220295, 0.6863429982078035, 1.0, 0.9892281348465641, 0.47922329080046266, 0.0, 0.0, 0.0, 0.0, 0.0, 0.0, 0.0, 
0.24879903850361318, 0.16699085880063147, 0.032323191745757957, 0.03536251766561034, 0.22979527385713416, 0.22259432736870066, 0.30237299990928035, 0.002681400626734236, 0.011523843606891668, 0.03362595559974642, 0.8056910745828512, 0.8025552088009665, 0.5836807382235469, 0.6755619609553953, 0.0, 0.0, 0.0036534379874801973, 0.7157048904557208, 1.0, 0.9890796913583564, 0.32092264000380494, 0.0, 0.0, 0.0, 0.0, 0.0, 0.0, 0.0, 
0.12439951925180659, 0.08575112218387082, 0.04309758899434395, 0.039636852446243195, 0.11489763692856708, 0.11804446309290395, 0.3870079119532711, 0.0035752008356456483, 0.01536512480918889, 0.031767543061475376, 0.8123452112614349, 0.8435133440329374, 0.6119082729169264, 0.7169258720993991, 0.0, 0.0, 0.0018267189937400986, 0.7450667827036381, 1.0, 0.9889312478701485, 0.1626219892071472, 0.0, 0.0, 0.0, 0.0, 0.0, 0.0, 0.0, 
0.0, 0.004511385567110179, 0.05387198624292994, 0.04391118722687605, 0.0, 0.013494598817107222, 0.4716428239972619, 0.0044690010445570605, 0.019206406011486113, 0.029909130523204333, 0.8189993479400187, 0.8844714792649084, 0.640135807610306, 0.7582897832434028, 0.0, 0.0, 0.0, 0.7744286749515554, 1.0, 0.9887828043819408, 0.004321338410489557, 0.0, 0.0, 0.0, 0.0, 0.0, 0.0, 0.0, 
0.0, 0.01060650602760747, 0.04309758899434395, 0.036007119541982685, 0.002017658574506518, 0.01778142018253316, 0.47568330873843073, 0.0035752008356456483, 0.02010133975077515, 0.023927304418563465, 0.665493191404005, 0.8344435803260256, 0.6115953623510395, 0.7214414575590943, 0.0, 0.0, 0.0, 0.7382164408019073, 0.9265228192889589, 0.9910262435055526, 0.003457070728391646, 0.0, 0.0, 0.0, 0.0, 0.0, 0.0009514531572689796, 0.09790061309552425, 
0.0, 0.016701626488104762, 0.03232319174575796, 0.028103051857089313, 0.004035317149013036, 0.0220682415479591, 0.4797237934795996, 0.002681400626734236, 0.020996273490064186, 0.0179454783139226, 0.5119870348679914, 0.7844156813871429, 0.583054917091773, 0.6845931318747857, 0.0, 0.0, 0.0, 0.7020042066522593, 0.8530456385779178, 0.9932696826291645, 0.0025928030462937343, 0.0, 0.0, 0.0, 0.0, 0.0, 0.0019029063145379593, 0.1958012261910485, 
0.0, 0.02279674694860205, 0.02154879449717198, 0.020198984172195945, 0.0060529757235195545, 0.02635506291338504, 0.48376427822076845, 0.0017876004178228244, 0.021891207229353223, 0.011963652209281736, 0.35848087833197767, 0.7343877824482601, 0.5545144718325066, 0.6477448061904771, 0.0, 0.0, 0.0, 0.6657919725026111, 0.7795684578668767, 0.9955131217527763, 0.0017285353641958226, 0.0, 0.0, 0.0, 0.0, 0.0, 0.002854359471806939, 0.2937018392865728, 
0.0, 0.028891867409099343, 0.01077439724858599, 0.012294916487302576, 0.008070634298026073, 0.03064188427881098, 0.4878047629619373, 0.0008938002089114122, 0.02278614096864226, 0.005981826104640868, 0.204974721795964, 0.6843598835093774, 0.5259740265732401, 0.6108964805061685, 0.0, 0.0, 0.0, 0.6295797383529631, 0.7060912771558356, 0.9977565608763882, 0.0008642676820979113, 0.0, 0.0, 0.0, 0.0, 0.0, 0.0038058126290759185, 0.391602452382097, 
0.0, 0.034986987869596635, 0.0, 0.004390848802409208, 0.010088292872532592, 0.03492870564423692, 0.49184524770310617, 0.0, 0.023681074707931297, 0.0, 0.051468565259950375, 0.6343319845704946, 0.49743358131397364, 0.57404815482186, 0.0, 0.0, 0.0, 0.593367504203315, 0.6326140964447945, 1.0, 0.0, 0.0, 0.0, 0.0, 0.0, 0.0, 0.004757265786344898, 0.48950306547762124, 
0.0, 0.03609993964100329, 0.00451500622958168, 0.0035126790419273664, 0.010890892229852263, 0.03091192682469269, 0.5212539438858448, 0.0056649651838051275, 0.021655834804886684, 0.0, 0.05846479356708469, 0.6044893388754293, 0.49123610290894393, 0.5542837972288064, 0.0, 0.0, 0.0, 0.674694003362652, 0.6551804783294056, 0.9587250945428595, 0.0, 0.0, 0.0, 0.0, 0.0, 0.0, 0.011958223466150563, 0.5561278987105925, 
0.0, 0.037212891412409944, 0.00903001245916336, 0.0026345092814455246, 0.011693491587171933, 0.026895148005148462, 0.5506626400685835, 0.011329930367610255, 0.019630594901842068, 0.0, 0.06546102187421901, 0.5746466931803641, 0.4850386245039143, 0.5345194396357527, 0.0, 0.0, 0.0, 0.756020502521989, 0.6777468602140168, 0.917450189085719, 0.0, 0.0, 0.0, 0.0, 0.0, 0.0, 0.01915918114595623, 0.6227527319435637, 
0.0, 0.03832584318381659, 0.01354501868874504, 0.0017563395209636828, 0.012496090944491604, 0.022878369185604236, 0.580071336251322, 0.01699489555141538, 0.017605354998797455, 0.0, 0.07245725018135332, 0.5448040474852989, 0.47884114609888456, 0.514755082042699, 0.0, 0.0, 0.0, 0.837347001681326, 0.7003132420986278, 0.8761752836285784, 0.0, 0.0, 0.0, 0.0, 0.0, 0.0, 0.026360138825761898, 0.689377565176535, 
0.0, 0.03943879495522325, 0.01806002491832672, 0.0008781697604818414, 0.013298690301811276, 0.018861590366060006, 0.6094800324340606, 0.02265986073522051, 0.015580115095752842, 0.0, 0.07945347848848763, 0.5149614017902336, 0.4726436676938549, 0.4949907244496454, 0.0, 0.0, 0.0, 0.918673500840663, 0.7228796239832389, 0.8349003781714379, 0.0, 0.0, 0.0, 0.0, 0.0, 0.0, 0.03356109650556756, 0.7560023984095063, 
0.0, 0.0405517467266299, 0.022575031147908403, 0.0, 0.014101289659130945, 0.014844811546515777, 0.6388887286167992, 0.028324825919025638, 0.013554875192708229, 0.0, 0.08644970679562196, 0.48511875609516847, 0.4664461892888252, 0.47522636685659175, 0.0, 0.0, 0.0, 1.0, 0.74544600586785, 0.7936254727142974, 0.0, 0.0, 0.0, 0.0, 0.0, 0.0, 0.04076205418537322, 0.8226272316424775, 
0.0008776218818967232, 0.03244139738130392, 0.01806002491832672, 0.0, 0.013976649420711489, 0.015471012145109552, 0.5111109828934394, 0.02265986073522051, 0.010843900154166582, 0.0008655423350461625, 0.07618666521765713, 0.5021995739879622, 0.48961340728524094, 0.3864259975406259, 0.0, 0.0, 0.0, 1.0, 0.7369692773007746, 0.7546226213677117, 0.0, 0.0, 0.0, 0.0, 0.0, 0.0, 0.033482663282512766, 0.8363838297767926, 
0.0017552437637934463, 0.02433104803597794, 0.013545018688745043, 0.0, 0.013852009182292032, 0.016097212743703328, 0.38333323717007955, 0.01699489555141538, 0.008132925115624938, 0.001731084670092325, 0.06592362363969229, 0.519280391880756, 0.5127806252816567, 0.29762562822466004, 0.0, 0.0, 0.0, 1.0, 0.7284925487336991, 0.7156197700211262, 0.0, 0.0, 0.0, 0.0, 0.0, 0.0, 0.026203272379652306, 0.8501404279111077, 
0.0026328656456901696, 0.016220698690651958, 0.009030012459163362, 0.0, 0.013727368943872576, 0.016723413342297107, 0.25555549144671974, 0.011329930367610257, 0.005421950077083293, 0.0025966270051384875, 0.05566058206172746, 0.5363612097735498, 0.5359478432780724, 0.2088252589086942, 0.0, 0.0, 0.0, 1.0, 0.7200158201666237, 0.6766169186745405, 0.0, 0.0, 0.0, 0.0, 0.0, 0.0, 0.018923881476791846, 0.8638970260454226, 
0.0035104875275868926, 0.008110349345325979, 0.004515006229581682, 0.0, 0.01360272870545312, 0.017349613940890882, 0.12777774572335987, 0.005664965183805128, 0.0027109750385416465, 0.00346216934018465, 0.04539754048376263, 0.5534420276663436, 0.5591150612744882, 0.12002488959272833, 0.0, 0.0, 0.0, 1.0, 0.7115390915995482, 0.6376140673279549, 0.0, 0.0, 0.0, 0.0, 0.0, 0.0, 0.011644490573931389, 0.8776536241797377, 
0.004388109409483616, 0.0, 0.0, 0.0, 0.013478088467033663, 0.017975814539484658, 0.0, 0.0, 0.0, 0.004327711675230813, 0.0351344989057978, 0.5705228455591375, 0.5822822792709039, 0.031224520276762462, 0.0, 0.0, 0.0, 1.0, 0.7030623630324727, 0.5986112159813693, 0.0, 0.0, 0.0, 0.0, 0.0, 0.0, 0.004365099671070934, 0.8914102223140528, 
0.0035104875275868926, 0.0, 0.0008818020575159929, 0.12257884101387433, 0.01078247077362693, 0.014380651631587726, 0.0, 0.0, 0.0, 0.008188820401334533, 0.21226891433307427, 0.6541099937725702, 0.6542193958792631, 0.10880352940405973, 0.0, 0.0, 0.0034100039668618167, 0.998276079695475, 0.7624498904259782, 0.623535999475946, 0.0, 0.0, 0.0, 0.0, 0.0, 0.0, 0.004359052104762926, 0.8605818869326187, 
0.0026328656456901696, 0.0, 0.0017636041150319859, 0.24515768202774865, 0.008086853080220197, 0.010785488723690794, 0.0, 0.0, 0.0, 0.012049929127438252, 0.38940332976035075, 0.7376971419860028, 0.7261565124876224, 0.18638253853135697, 0.0, 0.0, 0.0068200079337236335, 0.9965521593909501, 0.8218374178194836, 0.6484607829705227, 0.0, 0.0, 0.0, 0.0, 0.0, 0.0, 0.0043530045384549175, 0.8297535515511847, 
0.001755243763793446, 0.0, 0.002645406172547979, 0.36773652304162296, 0.005391235386813464, 0.007190325815793864, 0.0, 0.0, 0.0, 0.015911037853541973, 0.5665377451876272, 0.8212842901994355, 0.7980936290959815, 0.26396154765865426, 0.0, 0.0, 0.01023001190058545, 0.9948282390864253, 0.8812249452129891, 0.6733855664650993, 0.0, 0.0, 0.0, 0.0, 0.0, 0.0, 0.00434695697214691, 0.7989252161697507, 
0.000877621881896723, 0.0, 0.0035272082300639718, 0.4903153640554973, 0.002695617693406732, 0.003595162907896932, 0.0, 0.0, 0.0, 0.019772146579645693, 0.7436721606149037, 0.9048714384128682, 0.8700307457043407, 0.3415405567859515, 0.0, 0.0, 0.013640015867447267, 0.9931043187819003, 0.9406124726064946, 0.698310349959676, 0.0, 0.0, 0.0, 0.0, 0.0, 0.0, 0.004340909405838901, 0.7680968807883165, 
0.0, 0.0, 0.004409010287579965, 0.6128942050693716, 0.0, 0.0, 0.0, 0.0, 0.0, 0.023633255305749414, 0.9208065760421802, 0.9884585866263009, 0.9419678623126999, 0.4191195659132488, 0.0, 0.0, 0.017050019834309083, 0.9913803984773754, 1.0, 0.7232351334542526, 0.0, 0.0, 0.0, 0.0, 0.0, 0.0, 0.004334861839530893, 0.7372685454068825, 
0.0, 0.0008754961247338965, 0.08050911165471647, 0.4949068492332738, 0.0, 0.0, 0.0, 0.0, 0.0, 0.11554542923853213, 0.889281568045982, 0.9588170074534033, 0.7680785746178217, 0.44465295031416274, 0.0, 0.0, 0.02005982888477404, 0.9931043187819003, 0.8230011633364622, 0.5911599061779226, 0.0, 0.0, 0.0, 0.0, 0.0, 0.0, 0.004362587683679594, 0.7636822176574739, 
0.0, 0.001750992249467793, 0.156609213021853, 0.376919493397176, 0.0, 0.0, 0.0, 0.0, 0.0, 0.20745760317131484, 0.8577565600497838, 0.9291754282805057, 0.5941892869229435, 0.4701863347150767, 0.0, 0.0, 0.023069637935238998, 0.9948282390864253, 0.6460023266729246, 0.4590846789015925, 0.0, 0.0, 0.0, 0.0, 0.0, 0.0, 0.004390313527828295, 0.7900958899080653, 
0.0, 0.0026264883742016893, 0.23270931438898945, 0.25893213756107814, 0.0, 0.0, 0.0, 0.0, 0.0, 0.2993697771040975, 0.8262315520535857, 0.899533849107608, 0.42029999922806516, 0.49571971911599066, 0.0, 0.0, 0.026079446985703955, 0.9965521593909501, 0.4690034900093869, 0.3270094516252624, 0.0, 0.0, 0.0, 0.0, 0.0, 0.0, 0.0044180393719769956, 0.8165095621586567, 
0.0, 0.003501984498935586, 0.30880941575612597, 0.14094478172498032, 0.0, 0.0, 0.0, 0.0, 0.0, 0.39128195103688024, 0.7947065440573875, 0.8698922699347105, 0.24641071153318694, 0.5212531035169046, 0.0, 0.0, 0.029089256036168912, 0.998276079695475, 0.29200465334584913, 0.19493422434893237, 0.0, 0.0, 0.0, 0.0, 0.0, 0.0, 0.004445765216125696, 0.8429232344092481, 
0.0, 0.004377480623669483, 0.3849095171232625, 0.022957425888882447, 0.0, 0.0, 0.0, 0.0, 0.0, 0.48319412496966296, 0.7631815360611893, 0.8402506907618128, 0.07252142383830877, 0.5467864879178186, 0.0, 0.0, 0.03209906508663387, 1.0, 0.1150058166823114, 0.0628589970726023, 0.0, 0.0, 0.0, 0.0, 0.0, 0.0, 0.004473491060274397, 0.8693369066598395, 
0.0, 0.003501984498935586, 0.30792761369861, 0.020221311180327516, 0.0, 0.0, 0.0, 0.0, 0.0008672169999457821, 0.4822349687472549, 0.7319811775155941, 0.7858234468360578, 0.062274254643082366, 0.4470013168683562, 0.0, 0.0, 0.0356717761589804, 1.0, 0.23706021846069342, 0.18307324692437144, 0.0, 0.0, 0.0, 0.0, 0.0, 0.0, 0.0035787928482195175, 0.8421603589065115, 
0.0, 0.0026264883742016898, 0.2309457102739575, 0.017485196471772584, 0.0, 0.0, 0.0, 0.0, 0.0017344339998915641, 0.48127581252484686, 0.7007808189699988, 0.7313962029103028, 0.05202708544785597, 0.3472161458188939, 0.0, 0.0, 0.039244487231326924, 1.0, 0.3591146202390754, 0.30328749677614053, 0.0, 0.0, 0.0, 0.0, 0.0, 0.0, 0.002684094636164638, 0.8149838111531834, 
0.0, 0.0017509922494677935, 0.153963806849305, 0.014749081763217655, 0.0, 0.0, 0.0, 0.0, 0.0026016509998373462, 0.4803166563024388, 0.6695804604244036, 0.6769689589845478, 0.04177991625262957, 0.24743097476943154, 0.0, 0.0, 0.042817198303673455, 0.9999999999999999, 0.4811690220174574, 0.4235017466279097, 0.0, 0.0, 0.0, 0.0, 0.0, 0.0, 0.001789396424109759, 0.7878072633998554, 
0.0, 0.0008754961247338967, 0.0769819034246525, 0.012012967054662723, 0.0, 0.0, 0.0, 0.0, 0.0034688679997831283, 0.47935750008003075, 0.6383801018788082, 0.6225417150587929, 0.031532747057403165, 0.14764580371996916, 0.0, 0.0, 0.046389909376019986, 0.9999999999999999, 0.6032234237958394, 0.5437159964796788, 0.0, 0.0, 0.0, 0.0, 0.0, 0.0, 0.0008946982120548795, 0.7606307156465273, 
0.0, 0.0, 0.0, 0.009276852346107792, 0.0, 0.0, 0.0, 0.0, 0.00433608499972891, 0.4783983438576227, 0.607179743333213, 0.5681144711330378, 0.021285577862176767, 0.0478606326705068, 0.0, 0.0, 0.04996262044836651, 0.9999999999999999, 0.7252778255742214, 0.6639302463314479, 0.0, 0.0, 0.0, 0.0, 0.0, 0.0, 0.0, 0.7334541678931993, 
0.0, 0.0, 0.0, 0.0074214818768862335, 0.0, 0.0, 0.0, 0.0, 0.0034688679997831283, 0.38769832842934626, 0.49455517125492704, 0.46310203314092274, 0.017028462289741413, 0.03828850613640544, 0.0, 0.0, 0.050124373364873444, 0.9412718943930264, 0.780222260459377, 0.5311441970651584, 0.0, 0.0, 0.0, 0.0, 0.0, 0.0, 0.0008662225804603449, 0.7147294152696154, 
0.0, 0.0, 0.0, 0.005566111407664675, 0.0, 0.0, 0.0, 0.0, 0.0026016509998373462, 0.2969983130010698, 0.3819305991766411, 0.35808959514880767, 0.012771346717306061, 0.028716379602304082, 0.0, 0.0, 0.05028612628138038, 0.8825437887860529, 0.8351666953445328, 0.39835814779886874, 0.0, 0.0, 0.0, 0.0, 0.0, 0.0, 0.0017324451609206897, 0.6960046626460317, 
0.0, 0.0, 0.0, 0.003710740938443117, 0.0, 0.0, 0.0, 0.0, 0.0017344339998915641, 0.20629829757279344, 0.26930602709835516, 0.25307715715669254, 0.008514231144870708, 0.01914425306820272, 0.0, 0.0, 0.05044787919788731, 0.8238156831790795, 0.8901111302296885, 0.2655720985325791, 0.0, 0.0, 0.0, 0.0, 0.0, 0.0, 0.0025986677413810345, 0.6772799100224478, 
0.0, 0.0, 0.0, 0.0018553704692215586, 0.0, 0.0, 0.0, 0.0, 0.0008672169999457821, 0.115598282144517, 0.1566814550200692, 0.14806471916457747, 0.004257115572435355, 0.00957212653410136, 0.0, 0.0, 0.050609632114394246, 0.765087577572106, 0.9450555651148442, 0.13278604926628956, 0.0, 0.0, 0.0, 0.0, 0.0, 0.0, 0.0034648903218413795, 0.658555157398864, 
0.0, 0.0, 0.0, 0.0, 0.0, 0.0, 0.0, 0.0, 0.0, 0.024898266716240562, 0.04405688294178326, 0.043052281172462424, 0.0, 0.0, 0.0, 0.0, 0.05077138503090118, 0.7063594719651325, 0.9999999999999999, 0.0, 0.0, 0.0, 0.0, 0.0, 0.0, 0.0, 0.0043311129023017245, 0.6398304047752802, 
0.0018853314762269108, 0.0, 0.0, 0.0, 0.0, 0.0, 0.0, 0.0, 0.0, 0.04042828326562688, 0.18180645748677912, 0.16740310045271994, 0.006837949421078203, 0.008523305511413637, 0.0, 0.0, 0.06184413037543297, 0.765087577572106, 0.9939150046578435, 0.00336464297561965, 0.0, 0.0, 0.0, 0.0, 0.0, 0.0, 0.0034648903218413795, 0.6549362631813441, 
0.0037706629524538217, 0.0, 0.0, 0.0, 0.0, 0.0, 0.0, 0.0, 0.0, 0.055958299815013185, 0.319556032031775, 0.2917539197329775, 0.013675898842156406, 0.017046611022827275, 0.0, 0.0, 0.07291687571996475, 0.8238156831790795, 0.9878300093156872, 0.0067292859512393, 0.0, 0.0, 0.0, 0.0, 0.0, 0.0, 0.0025986677413810345, 0.6700421215874081, 
0.0056559944286807325, 0.0, 0.0, 0.0, 0.0, 0.0, 0.0, 0.0, 0.0, 0.0714883163643995, 0.4573056065767709, 0.41610473901323497, 0.02051384826323461, 0.025569916534240913, 0.0, 0.0, 0.08398962106449653, 0.882543788786053, 0.9817450139735309, 0.01009392892685895, 0.0, 0.0, 0.0, 0.0, 0.0, 0.0, 0.00173244516092069, 0.685147979993472, 
0.007541325904907643, 0.0, 0.0, 0.0, 0.0, 0.0, 0.0, 0.0, 0.0, 0.0870183329137858, 0.5950551811217667, 0.5404555582934926, 0.027351797684312812, 0.03409322204565455, 0.0, 0.0, 0.09506236640902832, 0.9412718943930264, 0.9756600186313745, 0.0134585719024786, 0.0, 0.0, 0.0, 0.0, 0.0, 0.0, 0.000866222580460345, 0.7002538383995359, 
0.009426657381134554, 0.0, 0.0, 0.0, 0.0, 0.0, 0.0, 0.0, 0.0, 0.10254834946317212, 0.7328047556667626, 0.66480637757375, 0.034189747105391015, 0.042616527557068185, 0.0, 0.0, 0.10613511175356011, 0.9999999999999999, 0.9695750232892182, 0.01682321487809825, 0.0, 0.0, 0.0, 0.0, 0.0, 0.0, 0.0, 0.7153596968055999, 
0.009344735722433582, 0.0, 0.0, 0.0, 0.0, 0.0, 0.0, 0.0, 0.0008809195683031083, 0.20882093987368597, 0.7110317100398579, 0.665590233844291, 0.15016379440507813, 0.04580859469976384, 0.0, 0.0, 0.10225650640271182, 0.955657992039547, 0.9756600186313745, 0.018167196804313786, 0.0, 0.0, 0.0, 0.0, 0.0, 0.0, 0.0, 0.7149552292098181, 
0.009262814063732609, 0.0, 0.0, 0.0, 0.0, 0.0, 0.0, 0.0, 0.0017618391366062166, 0.31509353028419984, 0.6892586644129531, 0.666374090114832, 0.26613784170476523, 0.04900066184245949, 0.0, 0.0, 0.09837790105186353, 0.9113159840790941, 0.9817450139735309, 0.01951117873052932, 0.0, 0.0, 0.0, 0.0, 0.0, 0.0, 0.0, 0.7145507616140364, 
0.009180892405031634, 0.0, 0.0, 0.0, 0.0, 0.0, 0.0, 0.0, 0.0026427587049093247, 0.4213661206947137, 0.6674856187860484, 0.6671579463853728, 0.38211188900445237, 0.052192728985155146, 0.0, 0.0, 0.09449929570101526, 0.8669739761186412, 0.9878300093156873, 0.020855160656744857, 0.0, 0.0, 0.0, 0.0, 0.0, 0.0, 0.0, 0.7141462940182547, 
0.009098970746330662, 0.0, 0.0, 0.0, 0.0, 0.0, 0.0, 0.0, 0.0035236782732124333, 0.5276387111052275, 0.6457125731591437, 0.6679418026559139, 0.4980859363041395, 0.055384796127850806, 0.0, 0.0, 0.09062069035016697, 0.8226319681581884, 0.9939150046578437, 0.022199142582960393, 0.0, 0.0, 0.0, 0.0, 0.0, 0.0, 0.0, 0.713741826422473, 
0.00901704908762969, 0.0, 0.0, 0.0, 0.0, 0.0, 0.0, 0.0, 0.004404597841515542, 0.6339113015157414, 0.6239395275322389, 0.6687256589264547, 0.6140599836038266, 0.05857686327054646, 0.0, 0.0, 0.08674208499931868, 0.7782899601977354, 1.0, 0.02354312450917593, 0.0, 0.0, 0.0, 0.0, 0.0, 0.0, 0.0, 0.7133373588266912, 
0.007213639270103751, 0.0, 0.0, 0.0, 0.0, 0.0, 0.0, 0.0008737726754097631, 0.0035236782732124333, 0.5175156682193129, 0.6413510045646549, 0.644844072892957, 0.5843632810915057, 0.1554744257139183, 0.0, 0.0, 0.08221509239528967, 0.6369010337675336, 1.0, 0.022708600501438445, 0.008019159681956187, 0.0, 0.0, 0.0, 0.0, 0.0, 0.0, 0.6954375080038794, 
0.005410229452577814, 0.0, 0.0, 0.0, 0.0, 0.0, 0.0, 0.0017475453508195263, 0.002642758704909325, 0.4011200349228846, 0.658762481597071, 0.6209624868594592, 0.5546665785791848, 0.2523719881572902, 0.0, 0.0, 0.07768809979126066, 0.49551210733733175, 1.0, 0.02187407649370096, 0.016038319363912375, 0.0, 0.0, 0.0, 0.0, 0.0, 0.0, 0.6775376571810675, 
0.0036068196350518764, 0.0, 0.0, 0.0, 0.0, 0.0, 0.0, 0.0026213180262292897, 0.001761839136606217, 0.2847244016264562, 0.6761739586294869, 0.5970809008259614, 0.5249698760668638, 0.349269550600662, 0.0, 0.0, 0.07316110718723165, 0.3541231809071299, 0.9999999999999999, 0.02103955248596348, 0.024057479045868562, 0.0, 0.0, 0.0, 0.0, 0.0, 0.0, 0.6596378063582556, 
0.0018034098175259382, 0.0, 0.0, 0.0, 0.0, 0.0, 0.0, 0.0034950907016390526, 0.0008809195683031085, 0.1683287683300278, 0.693585435661903, 0.5731993147924637, 0.495273173554543, 0.4461671130440339, 0.0, 0.0, 0.06863411458320265, 0.21273425447692806, 0.9999999999999999, 0.020205028478225997, 0.03207663872782475, 0.0, 0.0, 0.0, 0.0, 0.0, 0.0, 0.6417379555354438, 
0.0, 0.0, 0.0, 0.0, 0.0, 0.0, 0.0, 0.0043688633770488155, 0.0, 0.051933135033599385, 0.710996912694319, 0.5493177287589659, 0.46557647104222205, 0.5430646754874058, 0.0, 0.0, 0.06410712197917363, 0.0713453280467262, 0.9999999999999999, 0.019370504470488513, 0.04009579840978093, 0.0, 0.0, 0.0, 0.0, 0.0, 0.0, 0.6238381047126319, 
0.0017472206901991024, 0.0, 0.0, 0.0018764817453627853, 0.0009772090878993657, 0.0, 0.0763525350614343, 0.13083813578452583, 0.0974512577463917, 0.06527470183413311, 0.7274519737172143, 0.6311455623588038, 0.558688845234672, 0.5525948613484912, 0.0, 0.0, 0.24752532042947728, 0.24146517463557754, 0.9999999999999999, 0.02544309850397111, 0.12537099567472781, 0.0, 0.0, 0.0, 0.0, 0.0, 0.0, 0.5154143032990132, 
0.0034944413803982047, 0.0, 0.0, 0.0037529634907255706, 0.0019544181757987313, 0.0, 0.1527050701228686, 0.2573074081920029, 0.1949025154927834, 0.07861626863466684, 0.7439070347401096, 0.7129733959586418, 0.6518012194271219, 0.5621250472095767, 0.0, 0.0, 0.43094351887978094, 0.41158502122442886, 0.9999999999999999, 0.031515692537453704, 0.21064619293967468, 0.0, 0.0, 0.0, 0.0, 0.0, 0.0, 0.4069905018853943, 
0.005241662070597307, 0.0, 0.0, 0.005629445236088356, 0.0029316272636980972, 0.0, 0.2290576051843029, 0.3837766805994799, 0.2923537732391751, 0.09195783543520056, 0.7603620957630048, 0.7948012295584798, 0.7449135936195719, 0.5716552330706621, 0.0, 0.0, 0.6143617173300847, 0.5817048678132801, 1.0, 0.037588286570936304, 0.29592139020462155, 0.0, 0.0, 0.0, 0.0, 0.0, 0.0, 0.2985667004717756, 
0.0069888827607964095, 0.0, 0.0, 0.007505926981451141, 0.003908836351597463, 0.0, 0.3054101402457372, 0.5102459530069569, 0.3898050309855668, 0.10529940223573428, 0.7768171567859001, 0.8766290631583178, 0.8380259678120219, 0.5811854189317476, 0.0, 0.0, 0.7977799157803883, 0.7518247144021315, 1.0, 0.0436608806044189, 0.3811965874695684, 0.0, 0.0, 0.0, 0.0, 0.0, 0.0, 0.1901428990581568, 
0.008736103450995512, 0.0, 0.0, 0.009382408726813927, 0.004886045439496828, 0.0, 0.3817626753071715, 0.6367152254144339, 0.4872562887319585, 0.11864096903626799, 0.7932722178087954, 0.9584568967581557, 0.9311383420044718, 0.590715604792833, 0.0, 0.0, 0.981198114230692, 0.9219445609909828, 1.0, 0.049733474637901495, 0.4664717847345153, 0.0, 0.0, 0.0, 0.0, 0.0, 0.0, 0.08171909764453794, 
0.0069888827607964095, 0.0, 0.0, 0.012942368167760804, 0.09535598176517121, 0.0, 0.3054101402457372, 0.5999189383156425, 0.3898050309855668, 0.10379971683131704, 0.7603678301753946, 0.9169941129904828, 0.8776050849499962, 0.5660088805629118, 0.0, 0.0, 0.9513876115403157, 0.8878536772614664, 1.0, 0.043604318505341376, 0.37908622947759346, 0.0, 0.0, 0.0, 0.0, 0.0, 0.0, 0.06537527811563035, 
0.005241662070597307, 0.0, 0.0, 0.016502327608707686, 0.1858259180908456, 0.0, 0.2290576051843029, 0.563122651216851, 0.2923537732391751, 0.08895846462636611, 0.7274634425419938, 0.8755313292228101, 0.8240718278955207, 0.5413021563329905, 0.0, 0.0, 0.9215771088499395, 0.8537627935319501, 1.0, 0.03747516237278126, 0.2917006742206716, 0.0, 0.0, 0.0, 0.0, 0.0, 0.0, 0.04903145858672277, 
0.003494441380398205, 0.0, 0.0, 0.020062287049654563, 0.27629585441652, 0.0, 0.1527050701228686, 0.5263263641180596, 0.19490251549278337, 0.07411721242141517, 0.6945590549085929, 0.8340685454551372, 0.7705385708410452, 0.5165954321030692, 0.0, 0.0, 0.8917666061595632, 0.8196719098024337, 1.0, 0.03134600624022113, 0.20431511896374976, 0.0, 0.0, 0.0, 0.0, 0.0, 0.0, 0.03268763905781518, 
0.0017472206901991026, 0.0, 0.0, 0.02362224649060144, 0.36676579074219434, 0.0, 0.0763525350614343, 0.489530077019268, 0.09745125774639168, 0.05927596021646423, 0.6616546672751922, 0.7926057616874644, 0.7170053137865696, 0.4918887078731481, 0.0, 0.0, 0.8619561034691869, 0.7855810260729172, 1.0, 0.02521685010766101, 0.11692956370682794, 0.0, 0.0, 0.0, 0.0, 0.0, 0.0, 0.016343819528907594, 
0.0, 0.0, 0.0, 0.02718220593154832, 0.45723572706786875, 0.0, 0.0, 0.4527337899204765, 0.0, 0.044434708011513294, 0.6287502796417913, 0.7511429779197916, 0.6634720567320941, 0.46718198364322683, 0.0, 0.0, 0.8321456007788106, 0.751490142343401, 1.0, 0.019087693975100888, 0.029544008449906106, 0.0, 0.0, 0.0, 0.0, 0.0, 0.0, 0.0, 
0.0008815670956091717, 0.0, 0.0, 0.02690948752112687, 0.47341547463765477, 0.0017834095382027655, 0.0, 0.48400601390662934, 0.0, 0.04483231371303801, 0.662156211525515, 0.7631821186258714, 0.6702734328248348, 0.47386211795539657, 0.0, 0.0, 0.8657164806230485, 0.7763951804324452, 0.9974138209100618, 0.11879851939842807, 0.11940754848664879, 0.0034943355439414217, 0.0, 0.0, 0.0, 0.0, 0.0, 0.0, 
0.0017631341912183434, 0.0, 0.0, 0.02663676911070542, 0.48959522220744073, 0.003566819076405531, 0.0, 0.5152782378927822, 0.0, 0.04522991941456272, 0.6955621434092386, 0.7752212593319513, 0.6770748089175754, 0.48054225226756625, 0.0, 0.0, 0.8992873604672864, 0.8013002185214895, 0.9948276418201236, 0.21850934482175524, 0.20927108852339146, 0.0069886710878828435, 0.0, 0.0, 0.0, 0.0, 0.0, 0.0, 
0.002644701286827515, 0.0, 0.0, 0.02636405070028397, 0.5057749697772267, 0.005350228614608297, 0.0, 0.546550461878935, 0.0, 0.04562752511608743, 0.7289680752929624, 0.7872604000380311, 0.6838761850103161, 0.487222386579736, 0.0, 0.0, 0.9328582403115242, 0.8262052566105337, 0.9922414627301854, 0.3182201702450824, 0.2991346285601342, 0.010483006631824266, 0.0, 0.0, 0.0, 0.0, 0.0, 0.0, 
0.003526268382436687, 0.0, 0.0, 0.02609133228986252, 0.5219547173470127, 0.007133638152811062, 0.0, 0.5778226858650878, 0.0, 0.04602513081761214, 0.762374007176686, 0.799299540744111, 0.6906775611030568, 0.49390252089190567, 0.0, 0.0, 0.9664291201557621, 0.851110294699578, 0.9896552836402472, 0.41793099566840963, 0.38899816859687686, 0.013977342175765687, 0.0, 0.0, 0.0, 0.0, 0.0, 0.0, 
0.004407835478045859, 0.0, 0.0, 0.025818613879441073, 0.5381344649167987, 0.008917047691013827, 0.0, 0.6090949098512406, 0.0, 0.04642273651913686, 0.7957799390604097, 0.8113386814501908, 0.6974789371957975, 0.5005826552040754, 0.0, 0.0, 1.0, 0.8760153327886222, 0.987069104550309, 0.5176418210917368, 0.47886170863361954, 0.017471677719707108, 0.0, 0.0, 0.0, 0.0, 0.0, 0.0, 
0.00933417096688855, 0.0, 0.0, 0.02065489110355286, 0.43050757193343897, 0.007133638152811062, 0.0, 0.5907566870462633, 0.1522474065699289, 0.048498200099939624, 0.7756232454992088, 0.7891264942203695, 0.6419918371298982, 0.4067457060693872, 0.0, 0.0, 1.0, 0.8943051953327708, 0.9417688970949739, 0.41873520430420386, 0.46851829767933445, 0.09259861867225946, 0.0, 0.0, 0.0, 0.0, 0.0, 0.0, 
0.01426050645573124, 0.0, 0.0, 0.015491168327664643, 0.3228806789500792, 0.005350228614608296, 0.0, 0.5724184642412861, 0.3044948131398578, 0.05057366368074239, 0.7554665519380078, 0.7669143069905482, 0.5865047370639987, 0.31290875693469894, 0.0, 0.0, 1.0, 0.9125950578769194, 0.8964686896396389, 0.31982858751667087, 0.45817488672504936, 0.16772555962481184, 0.0, 0.0, 0.0, 0.0, 0.0, 0.0, 
0.01918684194457393, 0.0, 0.0, 0.010327445551776428, 0.2152537859667195, 0.00356681907640553, 0.0, 0.5540802414363087, 0.45674221970978673, 0.05264912726154516, 0.735309858376807, 0.7447021197607269, 0.5310176369980995, 0.21907180780001068, 0.0, 0.0, 1.0, 0.930884920421068, 0.8511684821843037, 0.22092197072913794, 0.4478314757707643, 0.2428525005773642, 0.0, 0.0, 0.0, 0.0, 0.0, 0.0, 
0.02411317743341662, 0.0, 0.0, 0.005163722775888214, 0.10762689298335976, 0.001783409538202765, 0.0, 0.5357420186313315, 0.6089896262797156, 0.054724590842347924, 0.715153164815606, 0.7224899325309057, 0.4755305369322001, 0.12523485866532247, 0.0, 0.0, 1.0, 0.9491747829652166, 0.8058682747289687, 0.12201535394160495, 0.4374880648164792, 0.31797944152991653, 0.0, 0.0, 0.0, 0.0, 0.0, 0.0, 
0.02903951292225931, 0.0, 0.0, 0.0, 0.0, 0.0, 0.0, 0.5174037958263542, 0.7612370328496445, 0.05680005442315069, 0.6949964712544051, 0.7002777453010843, 0.42004343686630075, 0.03139790953063427, 0.0, 0.0, 1.0, 0.9674646455093652, 0.7605680672736336, 0.023108737154071975, 0.42714465386219413, 0.3931063824824689, 0.0, 0.0, 0.0, 0.0, 0.0, 0.0, 
0.02323161033780745, 0.0, 0.0, 0.0, 0.0036500336167740524, 0.0, 0.0, 0.4174652374784766, 0.7257667612165597, 0.16837589423621535, 0.6971041017505688, 0.6953379917392963, 0.45108227065008694, 0.16232572821651098, 0.0, 0.0, 1.0, 0.9165923441581213, 0.7508693835534208, 0.03746169092726165, 0.5178898470499461, 0.3189761919883656, 0.0, 0.0, 0.0, 0.0, 0.0, 0.0, 
0.017423707753355586, 0.0, 0.0, 0.0, 0.007300067233548105, 0.0, 0.0, 0.31752667913059895, 0.6902964895834748, 0.27995173404928, 0.6992117322467325, 0.6903982381775083, 0.4821211044338731, 0.2932535469023877, 0.0, 0.0, 1.0, 0.8657200428068774, 0.741170699833208, 0.05181464470045133, 0.6086350402376981, 0.24484600149426225, 0.0, 0.0, 0.0, 0.0, 0.0, 0.0, 
0.011615805168903724, 0.0, 0.0, 0.0, 0.010950100850322157, 0.0, 0.0, 0.21758812078272127, 0.65482621795039, 0.39152757386234466, 0.7013193627428962, 0.6854584846157202, 0.5131599382176593, 0.4241813655882644, 0.0, 0.0, 1.0, 0.8148477414556334, 0.7314720161129953, 0.06616759847364101, 0.6993802334254501, 0.17071581100015892, 0.0, 0.0, 0.0, 0.0, 0.0, 0.0, 
0.005807902584451862, 0.0, 0.0, 0.0, 0.01460013446709621, 0.0, 0.0, 0.11764956243484365, 0.6193559463173051, 0.5031034136754093, 0.7034269932390599, 0.6805187310539322, 0.5441987720014455, 0.5551091842741411, 0.0, 0.0, 1.0, 0.7639754401043896, 0.7217733323927825, 0.08052055224683068, 0.7901254266132021, 0.09658562050605562, 0.0, 0.0, 0.0, 0.0, 0.0, 0.0, 
0.0, 0.0, 0.0, 0.0, 0.018250168083870262, 0.0, 0.0, 0.017711004086966003, 0.5838856746842203, 0.614679253488474, 0.7055346237352236, 0.6755789774921442, 0.5752376057852316, 0.6860370029600178, 0.0, 0.0, 1.0, 0.7131031387531457, 0.7120746486725698, 0.09487350602002034, 0.880870619800954, 0.022455430011952337, 0.0, 0.0, 0.0, 0.0, 0.0, 0.0, 
0.0, 0.0, 0.0, 0.0, 0.01460013446709621, 0.0, 0.0, 0.12774168887566079, 0.6176707850682048, 0.659108520636736, 0.7632857438648514, 0.6763375224897065, 0.566718556413584, 0.7120416712380514, 0.006119557948288125, 0.002707437501088872, 1.0, 0.7697165018694325, 0.7612648566756376, 0.22212706183309724, 0.885114616558089, 0.10141836564445958, 0.0, 0.0, 0.0, 0.0, 0.0, 0.0, 
0.0, 0.0, 0.0, 0.0, 0.010950100850322157, 0.0, 0.0, 0.23777237366435558, 0.6514558954521894, 0.703537787784998, 0.8210368639944792, 0.6770960674872687, 0.5581995070419364, 0.738046339516085, 0.01223911589657625, 0.005414875002177744, 1.0, 0.8263298649857193, 0.8104550646787055, 0.3493806176461741, 0.889358613315224, 0.1803813012769668, 0.0, 0.0, 0.0, 0.0, 0.0, 0.0, 
0.0, 0.0, 0.0, 0.0, 0.007300067233548105, 0.0, 0.0, 0.3478030584530504, 0.685241005836174, 0.74796705493326, 0.8787879841241071, 0.677854612484831, 0.5496804576702888, 0.7640510077941187, 0.018358673844864375, 0.008122312503266615, 1.0, 0.8829432281020061, 0.8596452726817734, 0.4766341734592511, 0.893602610072359, 0.25934423690947406, 0.0, 0.0, 0.0, 0.0, 0.0, 0.0, 
0.0, 0.0, 0.0, 0.0, 0.0036500336167740524, 0.0, 0.0, 0.4578337432417452, 0.7190261162201584, 0.7923963220815221, 0.9365391042537349, 0.6786131574823933, 0.5411614082986412, 0.7900556760721523, 0.0244782317931525, 0.010829750004355487, 1.0, 0.9395565912182928, 0.9088354806848413, 0.6038877292723279, 0.897846606829494, 0.3383071725419813, 0.0, 0.0, 0.0, 0.0, 0.0, 0.0, 
0.0, 0.0, 0.0, 0.0, 0.0, 0.0, 0.0, 0.56786442803044, 0.752811226604143, 0.8368255892297841, 0.9942902243833627, 0.6793717024799555, 0.5326423589269936, 0.8160603443501859, 0.030597789741440628, 0.013537187505444359, 1.0, 0.9961699543345797, 0.9580256886879092, 0.7311412850854049, 0.902090603586629, 0.4172701081744885, 0.0, 0.0, 0.0, 0.0, 0.0, 0.0, 
0.0, 0.0, 0.0, 0.0, 0.0, 0.0, 0.0, 0.5615463114863971, 0.6965489709120142, 0.7887341046075371, 0.9528715198029368, 0.6515179170008693, 0.5439566354310874, 0.7666352525541965, 0.0244782317931525, 0.010829750004355487, 0.9612629439340687, 0.9619919848417898, 0.9664205509503273, 0.6988843268208372, 0.8113058769102618, 0.4098970790308323, 0.0, 0.0, 0.0, 0.0, 0.0, 0.0, 
0.0, 0.0, 0.0, 0.0, 0.0, 0.0, 0.0, 0.5552281949423542, 0.6402867152198852, 0.7406426199852902, 0.9114528152225111, 0.623664131521783, 0.5552709119351812, 0.717210160758207, 0.01835867384486438, 0.008122312503266615, 0.9225258878681375, 0.9278140153489999, 0.9748154132127455, 0.6666273685562696, 0.7205211502338946, 0.40252404988717605, 0.0, 0.0, 0.0, 0.0, 0.0, 0.0, 
0.0, 0.0, 0.0, 0.0, 0.0, 0.0, 0.0, 0.5489100783983114, 0.5840244595277564, 0.6925511353630432, 0.8700341106420852, 0.5958103460426968, 0.5665851884392749, 0.6677850689622176, 0.012239115896576253, 0.005414875002177744, 0.8837888318022062, 0.89363604585621, 0.9832102754751637, 0.6343704102917019, 0.6297364235575273, 0.3951510207435198, 0.0, 0.0, 0.0, 0.0, 0.0, 0.0, 
0.0, 0.0, 0.0, 0.0, 0.0, 0.0, 0.0, 0.5425919618542685, 0.5277622038356276, 0.6444596507407963, 0.8286154060616595, 0.5679565605636105, 0.5778994649433686, 0.618359977166228, 0.006119557948288126, 0.002707437501088872, 0.8450517757362749, 0.8594580763634201, 0.9916051377375819, 0.6021134520271343, 0.5389516968811603, 0.3877779915998636, 0.0, 0.0, 0.0, 0.0, 0.0, 0.0, 
0.0, 0.0, 0.0, 0.0, 0.0, 0.0, 0.0, 0.5362738453102256, 0.47149994814349866, 0.5963681661185494, 0.7871967014812337, 0.5401027750845243, 0.5892137414474624, 0.5689348853702386, 0.0, 0.0, 0.8063147196703436, 0.8252801068706302, 1.0, 0.5698564937625666, 0.44816697020479307, 0.38040496245620736, 0.0, 0.0, 0.0, 0.0, 0.0, 0.0, 
0.0, 0.0, 0.0, 0.0, 0.0, 0.0, 0.0, 0.5315455733954711, 0.3781072820302334, 0.5841257442410145, 0.7770158587842111, 0.4497273055503772, 0.5483865812582382, 0.5646335437825039, 0.002643532508380081, 0.0, 0.8137093374206656, 0.8602240854965042, 0.9807485886355481, 0.5481924526381589, 0.46223613717159023, 0.3069440513667886, 0.0, 0.0, 0.0, 0.0, 0.0, 0.0, 
0.0, 0.0, 0.0, 0.0, 0.0, 0.0, 0.0, 0.5268173014807167, 0.2847146159169681, 0.5718833223634797, 0.7668350160871884, 0.35935183601623005, 0.5075594210690141, 0.5603322021947691, 0.005287065016760162, 0.0, 0.8211039551709876, 0.8951680641223781, 0.9614971772710963, 0.526528411513751, 0.4763053041383874, 0.23348314027736983, 0.0, 0.0, 0.0, 0.0, 0.0, 0.0, 
0.0, 0.0, 0.0, 0.0, 0.0, 0.0, 0.0, 0.5220890295659621, 0.19132194980370287, 0.5596409004859448, 0.7566541733901658, 0.2689763664820829, 0.46673226087979, 0.5560308606070344, 0.007930597525140243, 0.0, 0.8284985729213096, 0.9301120427482521, 0.9422457659066444, 0.5048643703893432, 0.4903744711051846, 0.16002222918795106, 0.0, 0.0, 0.0, 0.0, 0.0, 0.0, 
0.0, 0.0, 0.0, 0.0, 0.0, 0.0, 0.0, 0.5173607576512077, 0.09792928369043763, 0.5473984786084101, 0.7464733306931431, 0.1786008969479358, 0.4259051006905658, 0.5517295190192997, 0.010574130033520325, 0.0, 0.8358931906716315, 0.965056021374126, 0.9229943545421926, 0.4832003292649354, 0.5044436380719818, 0.08656131809853229, 0.0, 0.0, 0.0, 0.0, 0.0, 0.0, 
0.0, 0.0, 0.0, 0.0, 0.0, 0.0, 0.0, 0.5126324857364533, 0.004536617577172389, 0.5351560567308752, 0.7362924879961206, 0.08822542741378864, 0.38507794050134164, 0.5474281774315649, 0.013217662541900406, 0.0, 0.8432878084219535, 1.0, 0.9037429431777407, 0.46153628814052755, 0.518512805038779, 0.013100407009113527, 0.0, 0.0, 0.0, 0.0, 0.0, 0.0, 
0.0, 0.0, 0.0, 0.0, 0.0, 0.0, 0.0, 0.4101059885891626, 0.0036292940617379107, 0.4350154924927428, 0.7100755333809637, 0.07678638367371117, 0.3098257154399565, 0.542369874643466, 0.010574130033520325, 0.0, 0.84616715254674, 0.9855664870675197, 0.9229943545421926, 0.37476420081345596, 0.525080194360047, 0.013134404417130827, 0.0, 0.0, 0.0, 0.0, 0.0, 0.0, 
0.0, 0.0, 0.0, 0.0, 0.0, 0.0, 0.0, 0.30757949144187197, 0.0027219705463034333, 0.3348749282546104, 0.6838585787658069, 0.0653473399336337, 0.23457349037857136, 0.537311571855367, 0.007930597525140245, 0.0, 0.8490464966715265, 0.9711329741350393, 0.9422457659066444, 0.2879921134863843, 0.5316475836813153, 0.013168401825148128, 0.0, 0.0, 0.0, 0.0, 0.0, 0.0, 
0.0, 0.0, 0.0, 0.0, 0.0, 0.0, 0.0, 0.20505299429458135, 0.0018146470308689558, 0.23473436401647807, 0.65764162415065, 0.05390829619355622, 0.1593212653171862, 0.532253269067268, 0.005287065016760163, 0.0, 0.8519258407963132, 0.956699461202559, 0.9614971772710963, 0.20122002615931273, 0.5382149730025834, 0.013202399233165428, 0.0, 0.0, 0.0, 0.0, 0.0, 0.0, 
0.0, 0.0, 0.0, 0.0, 0.0, 0.0, 0.0, 0.10252649714729067, 0.0009073235154344779, 0.13459379977834568, 0.6314246695354931, 0.042469252453478754, 0.08406904025580109, 0.5271949662791691, 0.0026435325083800816, 0.0, 0.8548051849210997, 0.9422659482700786, 0.9807485886355481, 0.11444793883224108, 0.5447823623238516, 0.01323639664118273, 0.0, 0.0, 0.0, 0.0, 0.0, 0.0, 
0.0, 0.0, 0.0, 0.0, 0.0, 0.0, 0.0, 0.0, 0.0, 0.034453235540213234, 0.6052077149203363, 0.03103020871340129, 0.008816815194415937, 0.5221366634910701, 0.0, 0.0, 0.8576845290458862, 0.9278324353375983, 1.0, 0.027675851505169494, 0.5513497516451197, 0.013270394049200029, 0.0, 0.0, 0.0, 0.0, 0.0, 0.0, 
0.0, 0.0, 0.0, 0.0, 0.0, 0.0, 0.0, 0.0, 0.003986454744131857, 0.035403593622502005, 0.6357109886463618, 0.035827239099756186, 0.011547495926768164, 0.507113332005639, 0.0, 0.0, 0.8805658041494365, 0.9337775349536688, 1.0, 0.022140681204135596, 0.44380993096172316, 0.010616315239360023, 0.0, 0.0, 0.0, 0.0, 0.0, 0.0, 
0.0, 0.0, 0.0, 0.0, 0.0, 0.0, 0.0, 0.0, 0.007972909488263714, 0.03635395170479078, 0.6662142623723872, 0.04062426948611108, 0.014278176659120392, 0.49209000052020785, 0.0, 0.0, 0.903447079252987, 0.9397226345697393, 1.0, 0.016605510903101695, 0.3362701102783266, 0.007962236429520018, 0.0, 0.0, 0.0, 0.0, 0.0, 0.0, 
0.0, 0.0, 0.0, 0.0, 0.0, 0.0, 0.0, 0.0, 0.011959364232395572, 0.037304309787079555, 0.6967175360984127, 0.04542129987246597, 0.01700885739147262, 0.4770666690347767, 0.0, 0.0, 0.9263283543565373, 0.9456677341858096, 1.0, 0.011070340602067796, 0.22873028959493003, 0.005308157619680011, 0.0, 0.0, 0.0, 0.0, 0.0, 0.0, 
0.0, 0.0, 0.0, 0.0, 0.0, 0.0, 0.0, 0.0, 0.01594581897652743, 0.038254667869368326, 0.7272208098244382, 0.050218330258820866, 0.019739538123824847, 0.46204333754934557, 0.0, 0.0, 0.9492096294600877, 0.9516128338018801, 1.0, 0.005535170301033898, 0.12119046891153351, 0.0026540788098400065, 0.0, 0.0, 0.0, 0.0, 0.0, 0.0, 
0.0, 0.0, 0.0, 0.0, 0.0, 0.0, 0.0, 0.0, 0.019932273720659286, 0.0392050259516571, 0.7577240835504636, 0.05501536064517576, 0.022470218856177074, 0.4470200060639144, 0.0, 0.0, 0.972090904563638, 0.9575579334179506, 1.0, 0.0, 0.013650648228137047, 0.0, 0.0, 0.0, 0.0, 0.0, 0.0, 0.0, 
0.0, 0.0, 0.0, 0.0, 0.0, 0.0, 0.0, 0.0, 0.01594581897652743, 0.0345370443745848, 0.7239165229224364, 0.047877394115028574, 0.01797617508494166, 0.35761600485113154, 0.0, 0.0, 0.9776727236509104, 0.9217695229269776, 0.9585822720511165, 0.0, 0.010920518582509638, 0.0, 0.0, 0.0, 0.0, 0.0, 0.0, 0.0, 
0.0, 0.0, 0.0, 0.0, 0.0, 0.0, 0.0, 0.0, 0.011959364232395572, 0.029869062797512502, 0.6901089622944092, 0.04073942758488139, 0.013482131313706245, 0.26821200363834863, 0.0, 0.0, 0.9832545427381828, 0.8859811124360045, 0.9171645441022328, 0.0, 0.008190388936882228, 0.0, 0.0, 0.0, 0.0, 0.0, 0.0, 0.0, 
0.0, 0.0, 0.0, 0.0, 0.0, 0.0, 0.0, 0.0, 0.007972909488263714, 0.025201081220440204, 0.656301401666382, 0.0336014610547342, 0.008988087542470831, 0.17880800242556577, 0.0, 0.0, 0.9888363618254552, 0.8501927019450315, 0.8757468161533493, 0.0, 0.005460259291254819, 0.0, 0.0, 0.0, 0.0, 0.0, 0.0, 0.0, 
0.0, 0.0, 0.0, 0.0, 0.0, 0.0, 0.0, 0.0, 0.003986454744131857, 0.020533099643367907, 0.6224938410383547, 0.026463494524587017, 0.0044940437712354155, 0.08940400121278286, 0.0, 0.0, 0.9944181809127276, 0.8144042914540585, 0.8343290882044656, 0.0, 0.0027301296456274087, 0.0, 0.0, 0.0, 0.0, 0.0, 0.0, 0.0, 
0.0, 0.0, 0.0, 0.0, 0.0, 0.0, 0.0, 0.0, 0.0, 0.01586511806629561, 0.5886862804103276, 0.01932552799443983, 0.0, 0.0, 0.0, 0.0, 1.0, 0.7786158809630854, 0.7929113602555821, 0.0, 0.0, 0.0, 0.0, 0.0, 0.0, 0.0, 0.0, 0.0, 
0.0, 0.0, 0.0, 0.0, 0.0, 0.0, 0.0, 0.006970972153141498, 0.0, 0.012692094453036488, 0.5974716555922868, 0.020710394458677894, 0.002764644518874545, 0.0008928886745244024, 0.0, 0.0, 1.0, 0.7921493875329852, 0.802389786455107, 0.0, 0.003620419638438747, 0.0, 0.0, 0.0, 0.0, 0.0, 0.0, 0.0, 
0.0, 0.0, 0.0, 0.0, 0.0, 0.0, 0.0, 0.013941944306282997, 0.0, 0.009519070839777365, 0.6062570307742459, 0.022095260922915957, 0.00552928903774909, 0.0017857773490488047, 0.0, 0.0, 1.0, 0.8056828941028852, 0.8118682126546318, 0.0, 0.007240839276877494, 0.0, 0.0, 0.0, 0.0, 0.0, 0.0, 0.0, 
0.0, 0.0, 0.0, 0.0, 0.0, 0.0, 0.0, 0.020912916459424495, 0.0, 0.006346047226518242, 0.6150424059562051, 0.02348012738715402, 0.008293933556623636, 0.0026786660235732073, 0.0, 0.0, 1.0, 0.819216400672785, 0.8213466388541566, 0.0, 0.010861258915316242, 0.0, 0.0, 0.0, 0.0, 0.0, 0.0, 0.0, 
0.0, 0.0, 0.0, 0.0, 0.0, 0.0, 0.0, 0.027883888612565993, 0.0, 0.003173023613259121, 0.6238277811381642, 0.024864993851392084, 0.01105857807549818, 0.0035715546980976095, 0.0, 0.0, 1.0, 0.8327499072426849, 0.8308250650536815, 0.0, 0.014481678553754988, 0.0, 0.0, 0.0, 0.0, 0.0, 0.0, 0.0, 
0.0, 0.0, 0.0, 0.0, 0.0, 0.0, 0.0, 0.03485486076570749, 0.0, 0.0, 0.6326131563201234, 0.026249860315630147, 0.013823222594372724, 0.004464443372622012, 0.0, 0.0, 1.0, 0.8462834138125848, 0.8403034912532064, 0.0, 0.018102098192193734, 0.0, 0.0, 0.0, 0.0, 0.0, 0.0, 0.0, 
0.0017723993717314857, 0.0, 0.0, 0.0, 0.0, 0.0, 0.0, 0.027883888612565993, 0.0, 0.0009764160646782607, 0.6293395421046974, 0.033175422857795, 0.01105857807549818, 0.0035715546980976095, 0.013479614908976775, 0.0, 1.0, 0.847848683053248, 0.8229652885643124, 0.0, 0.014481678553754988, 0.0020018446226679277, 0.0, 0.0, 0.0, 0.0, 0.0, 0.0, 
0.0035447987434629714, 0.0, 0.0, 0.0, 0.0, 0.0, 0.0, 0.020912916459424495, 0.0, 0.0019528321293565214, 0.6260659278892715, 0.04010098539995984, 0.008293933556623634, 0.002678666023573207, 0.02695922981795355, 0.0, 1.0, 0.8494139522939113, 0.8056270858754185, 0.0, 0.01086125891531624, 0.004003689245335855, 0.0, 0.0, 0.0, 0.0, 0.0, 0.0, 
0.005317198115194457, 0.0, 0.0, 0.0, 0.0, 0.0, 0.0, 0.013941944306282997, 0.0, 0.002929248194034782, 0.6227923136738455, 0.04702654794212469, 0.005529289037749088, 0.0017857773490488043, 0.04043884472693032, 0.0, 1.0, 0.8509792215345745, 0.7882888831865246, 0.0, 0.007240839276877492, 0.006005533868003783, 0.0, 0.0, 0.0, 0.0, 0.0, 0.0, 
0.007089597486925943, 0.0, 0.0, 0.0, 0.0, 0.0, 0.0, 0.006970972153141498, 0.0, 0.003905664258713043, 0.6195186994584195, 0.05395211048428954, 0.002764644518874544, 0.0008928886745244021, 0.0539184596359071, 0.0, 1.0, 0.8525444907752378, 0.7709506804976307, 0.0, 0.003620419638438746, 0.00800737849067171, 0.0, 0.0, 0.0, 0.0, 0.0, 0.0, 
0.008861996858657429, 0.0, 0.0, 0.0, 0.0, 0.0, 0.0, 0.0, 0.0, 0.004882080323391304, 0.6162450852429936, 0.06087767302645439, 0.0, 0.0, 0.06739807454488388, 0.0, 1.0, 0.854109760015901, 0.7536124778087367, 0.0, 0.0, 0.010009223113339637, 0.0, 0.0, 0.0, 0.0, 0.0, 0.0, 
0.007089597486925943, 0.0, 0.0, 0.0, 0.0, 0.0, 0.0, 0.0, 0.0009578304537882229, 0.0092703758819202, 0.5915599128720052, 0.04870213842116351, 0.0, 0.0, 0.2539184596359071, 0.00209941815740321, 0.9226555502859506, 0.8126517751104864, 0.7258938938734248, 0.0, 0.0, 0.013959854338963532, 0.0, 0.0, 0.0, 0.0, 0.0, 0.0, 
0.005317198115194457, 0.0, 0.0, 0.0, 0.0, 0.0, 0.0, 0.0, 0.0019156609075764459, 0.013658671440449095, 0.5668747405010167, 0.03652660381587263, 0.0, 0.0, 0.44043884472693035, 0.00419883631480642, 0.8453111005719013, 0.7711937902050717, 0.6981753099381128, 0.0, 0.0, 0.017910485564587426, 0.0, 0.0, 0.0, 0.0, 0.0, 0.0, 
0.003544798743462972, 0.0, 0.0, 0.0, 0.0, 0.0, 0.0, 0.0, 0.002873491361364669, 0.018046966998977988, 0.5421895681300284, 0.02435106921058175, 0.0, 0.0, 0.6269592298179536, 0.0062982544722096296, 0.7679666508578519, 0.7297358052996571, 0.6704567260028009, 0.0, 0.0, 0.02186111679021132, 0.0, 0.0, 0.0, 0.0, 0.0, 0.0, 
0.001772399371731486, 0.0, 0.0, 0.0, 0.0, 0.0, 0.0, 0.0, 0.0038313218151528917, 0.022435262557506885, 0.51750439575904, 0.012175534605290875, 0.0, 0.0, 0.8134796149089768, 0.00839767262961284, 0.6906222011438026, 0.6882778203942425, 0.6427381420674889, 0.0, 0.0, 0.025811748015835214, 0.0, 0.0, 0.0, 0.0, 0.0, 0.0, 
0.0, 0.0, 0.0, 0.0, 0.0, 0.0, 0.0, 0.0, 0.004789152268941115, 0.02682355811603578, 0.4928192233880515, 0.0, 0.0, 0.0, 1.0, 0.010497090787016048, 0.6132777514297532, 0.6468198354888278, 0.615019558132177, 0.0, 0.0, 0.029762379241459108, 0.0, 0.0, 0.0, 0.0, 0.0, 0.0, 
0.0, 0.0, 0.0, 0.0, 0.0, 0.0, 0.0, 0.0, 0.0038313218151528917, 0.021458846492828622, 0.3979623779885406, 0.0, 0.0, 0.0, 1.0, 0.16567784005611064, 0.6532192944377135, 0.6433048286251514, 0.6285304395460011, 0.0, 0.0, 0.025555021659057733, 0.004741389367968291, 0.0028611503001773134, 0.0009235689923204318, 0.0031374165459088707, 0.0, 0.0, 
0.0, 0.0, 0.0, 0.0, 0.0, 0.0, 0.0, 0.0, 0.002873491361364669, 0.016094134869621468, 0.3031055325890297, 0.0, 0.0, 0.0, 1.0, 0.3208585893252052, 0.693160837445674, 0.6397898217614749, 0.642041320959825, 0.0, 0.0, 0.021347664076656357, 0.009482778735936582, 0.005722300600354627, 0.0018471379846408636, 0.006274833091817741, 0.0, 0.0, 
0.0, 0.0, 0.0, 0.0, 0.0, 0.0, 0.0, 0.0, 0.0019156609075764459, 0.010729423246414311, 0.2082486871895189, 0.0, 0.0, 0.0, 1.0, 0.4760393385942998, 0.7331023804536344, 0.6362748148977985, 0.6555522023736491, 0.0, 0.0, 0.017140306494254978, 0.014224168103904873, 0.00858345090053194, 0.0027707069769612952, 0.009412249637726612, 0.0, 0.0, 
0.0, 0.0, 0.0, 0.0, 0.0, 0.0, 0.0, 0.0, 0.0009578304537882229, 0.005364711623207157, 0.113391841790008, 0.0, 0.0, 0.0, 1.0, 0.6312200878633943, 0.7730439234615949, 0.632759808034122, 0.669063083787473, 0.0, 0.0, 0.012932948911853603, 0.018965557471873163, 0.011444601200709253, 0.0036942759692817273, 0.012549666183635483, 0.0, 0.0, 
0.0, 0.0, 0.0, 0.0, 0.0, 0.0, 0.0, 0.0, 0.0, 0.0, 0.018534996390497098, 0.0, 0.0, 0.0, 1.0, 0.786400837132489, 0.8129854664695553, 0.6292448011704456, 0.6825739652012971, 0.0, 0.0, 0.008725591329452225, 0.023706946839841453, 0.014305751500886567, 0.004617844961602159, 0.015687082729544354, 0.0, 0.0, 
0.0, 0.0, 0.0, 0.0, 0.0, 0.0, 0.0, 0.0, 0.0, 0.0, 0.02447627761951098, 0.0, 0.0, 0.0, 0.9707668366467069, 0.7830210732536764, 0.8503883731756442, 0.6648301172553205, 0.7039289671825488, 0.0, 0.0, 0.09865492767665081, 0.02618495968929419, 0.02571430148592182, 0.012035093167281423, 0.017406056090360805, 0.0, 0.0, 
0.0, 0.0, 0.0, 0.0, 0.0, 0.0, 0.0, 0.0, 0.0, 0.0, 0.03041755884852486, 0.0, 0.0, 0.0, 0.941533673293414, 0.7796413093748639, 0.8877912798817331, 0.7004154333401954, 0.7252839691638004, 0.0, 0.0, 0.1885842640238494, 0.028662972538746924, 0.03712285147095706, 0.019452341372960688, 0.019125029451177254, 0.0, 0.0, 
0.0, 0.0, 0.0, 0.0, 0.0, 0.0, 0.0, 0.0, 0.0, 0.0, 0.036358840077538736, 0.0, 0.0, 0.0, 0.9123005099401209, 0.7762615454960513, 0.9251941865878222, 0.7360007494250704, 0.7466389711450522, 0.0, 0.0, 0.278513600371048, 0.031140985388199663, 0.048531401455992315, 0.02686958957863995, 0.020844002811993705, 0.0, 0.0, 
0.0, 0.0, 0.0, 0.0, 0.0, 0.0, 0.0, 0.0, 0.0, 0.0, 0.04230012130655261, 0.0, 0.0, 0.0, 0.883067346586828, 0.7728817816172388, 0.9625970932939111, 0.7715860655099454, 0.7679939731263038, 0.0, 0.0, 0.36844293671824657, 0.033618998237652395, 0.05993995144102757, 0.034286837784319214, 0.022562976172810154, 0.0, 0.0, 
0.0, 0.0, 0.0, 0.0, 0.0, 0.0, 0.0, 0.0, 0.0, 0.0, 0.0482414025355665, 0.0, 0.0, 0.0, 0.8538341832335349, 0.7695020177384262, 1.0, 0.8071713815948203, 0.7893489751075555, 0.0, 0.0, 0.45837227306544515, 0.036097011087105134, 0.07134850142606282, 0.04170408598999848, 0.024281949533626605, 0.0, 0.0, 
0.0, 0.0, 0.0, 0.0, 0.0, 0.0, 0.0, 0.0, 0.0, 0.006850434155212781, 0.042055987341245354, 0.0, 0.0, 0.0, 0.869086225516613, 0.7205112515028356, 0.9763570918455539, 0.8070070865589837, 0.6365860376431356, 0.0, 0.0, 0.4752244441924131, 0.12711967636066895, 0.061682273776276296, 0.2333632687919988, 0.023654857623282288, 0.0, 0.0, 
0.0, 0.0, 0.0, 0.0, 0.0, 0.0, 0.0, 0.0, 0.0, 0.013700868310425562, 0.03587057214692422, 0.0, 0.0, 0.0, 0.884338267799691, 0.671520485267245, 0.9527141836911078, 0.8068427915231471, 0.48382310017871577, 0.0, 0.0, 0.49207661531938107, 0.21814234163423277, 0.05201604612648977, 0.42502245159399915, 0.02302776571293797, 0.0, 0.0, 
0.0, 0.0, 0.0, 0.0, 0.0, 0.0, 0.0, 0.0, 0.0, 0.02055130246563834, 0.02968515695260308, 0.0, 0.0, 0.0, 0.8995903100827692, 0.6225297190316543, 0.9290712755366617, 0.8066784964873105, 0.3310601627142959, 0.0, 0.0, 0.5089287864463491, 0.3091650069077965, 0.04234981847670325, 0.6166816343959995, 0.022400673802593658, 0.0, 0.0, 
0.0, 0.0, 0.0, 0.0, 0.0, 0.0, 0.0, 0.0, 0.0, 0.027401736620851123, 0.023499741758281942, 0.0, 0.0, 0.0, 0.9148423523658473, 0.5735389527960637, 0.9054283673822157, 0.8065142014514739, 0.178297225249876, 0.0, 0.0, 0.525780957573317, 0.40018767218136037, 0.03268359082691673, 0.8083408171979999, 0.02177358189224934, 0.0, 0.0, 
0.0, 0.0, 0.0, 0.0, 0.0, 0.0, 0.0, 0.0, 0.0, 0.034252170776063906, 0.017314326563960803, 0.0, 0.0, 0.0, 0.9300943946489254, 0.5245481865604731, 0.8817854592277695, 0.8063499064156373, 0.025534287785456158, 0.0, 0.0, 0.542633128700285, 0.49121033745492415, 0.023017363177130205, 1.0000000000000002, 0.021146489981905024, 0.0, 0.0, 
0.0, 0.0, 0.0, 0.0, 0.0, 0.0, 0.0, 0.0, 0.0, 0.16976886694613305, 0.031177118234693088, 0.0, 0.0, 0.0, 0.7605744739302275, 0.6104287019434391, 0.8568933156584081, 0.8450799251325098, 0.025091829572254004, 0.0, 0.0, 0.5703022342622824, 0.5338140074250154, 0.12441330438415812, 0.8233085290685622, 0.016917191985524018, 0.0, 0.0, 
0.0, 0.0, 0.0, 0.0, 0.0, 0.0, 0.0, 0.0, 0.0, 0.3052855631162022, 0.04503990990542538, 0.0, 0.0, 0.0, 0.5910545532115296, 0.6963092173264052, 0.8320011720890467, 0.8838099438493824, 0.02464937135905185, 0.0, 0.0, 0.5979713398242799, 0.5764176773951065, 0.22580924559118606, 0.6466170581371242, 0.012687893989143014, 0.0, 0.0, 
0.0, 0.0, 0.0, 0.0, 0.0, 0.0, 0.0, 0.0, 0.0, 0.44080225928627137, 0.05890270157615765, 0.0, 0.0, 0.0, 0.42153463249283163, 0.7821897327093713, 0.8071090285196851, 0.9225399625662549, 0.024206913145849693, 0.0, 0.0, 0.6256404453862773, 0.6190213473651978, 0.327205186798214, 0.4699255872056862, 0.00845859599276201, 0.0, 0.0, 
0.0, 0.0, 0.0, 0.0, 0.0, 0.0, 0.0, 0.0, 0.0, 0.5763189554563405, 0.07276549324688994, 0.0, 0.0, 0.0, 0.2520147117741337, 0.8680702480923373, 0.7822168849503237, 0.9612699812831275, 0.02376445493264754, 0.0, 0.0, 0.6533095509482747, 0.6616250173352889, 0.4286011280052419, 0.2932341162742482, 0.004229297996381005, 0.0, 0.0, 
0.0, 0.0, 0.0, 0.0, 0.0, 0.0, 0.0, 0.0, 0.0, 0.7118356516264096, 0.08662828491762223, 0.0, 0.0, 0.0, 0.0824947910554358, 0.9539507634753034, 0.7573247413809623, 1.0, 0.023321996719445386, 0.0, 0.0, 0.6809786565102721, 0.7042286873053801, 0.5299970692122699, 0.1165426453428102, 0.0, 0.0, 0.0, 
0.0, 0.0, 0.0, 0.0, 0.0, 0.0, 0.0, 0.0, 0.0, 0.6882103635377026, 0.24200369396274765, 0.0, 0.0, 0.0, 0.06599583284434865, 0.7682502543787807, 0.7006580168062286, 1.0, 0.0317100857812727, 0.0, 0.0, 0.5447829252082177, 0.676454512907217, 0.4277862624023383, 0.09323411627424816, 0.0, 0.0, 0.0, 
0.0, 0.0, 0.0, 0.0, 0.0, 0.0, 0.0, 0.0, 0.0, 0.6645850754489956, 0.39737910300787305, 0.0, 0.0, 0.0, 0.04949687463326148, 0.582549745282258, 0.643991292231495, 1.0, 0.04009817484310001, 0.0, 0.0, 0.40858719390616327, 0.648680338509054, 0.32557545559240675, 0.06992558720568612, 0.0, 0.0, 0.0, 
0.0, 0.0, 0.0, 0.0, 0.0, 0.0, 0.0, 0.0, 0.0, 0.6409597873602886, 0.5527545120529985, 0.0, 0.0, 0.0, 0.03299791642217432, 0.3968492361857353, 0.5873245676567613, 1.0, 0.04848626390492732, 0.0, 0.0, 0.27239146260410885, 0.620906164110891, 0.2233646487824752, 0.04661705813712408, 0.0, 0.0, 0.0, 
0.0, 0.0, 0.0, 0.0, 0.0, 0.0, 0.0, 0.0, 0.0, 0.6173344992715815, 0.7081299210981239, 0.0, 0.0, 0.0, 0.016498958211087156, 0.21114872708921262, 0.5306578430820276, 1.0, 0.05687435296675464, 0.0, 0.0, 0.13619573130205442, 0.593131989712728, 0.12115384197254364, 0.02330852906856204, 0.0, 0.0, 0.0, 
0.0, 0.0, 0.0, 0.0, 0.0, 0.0, 0.0, 0.0, 0.0, 0.5937092111828745, 0.8635053301432494, 0.0, 0.0, 0.0, 0.0, 0.025448217992689877, 0.4739911185072939, 1.0, 0.06526244202858195, 0.0, 0.0, 0.0, 0.5653578153145649, 0.018943035162612122, 0.0, 0.0, 0.0, 0.0, 
0.0, 0.0, 0.002734969863266227, 0.0, 0.0, 0.0, 0.0, 0.0, 0.0, 0.5657224888461426, 0.800967490656603, 0.00702287403552464, 0.0, 0.0, 0.0, 0.020358574394151903, 0.3819102998345585, 1.0, 0.053090433768677545, 0.0, 0.0, 0.0, 0.45228625225165187, 0.13704658438414186, 0.08236126295859279, 0.0, 0.0, 0.0, 
0.0, 0.0, 0.005469939726532454, 0.0, 0.0, 0.0, 0.0, 0.0, 0.0, 0.5377357665094108, 0.7384296511699567, 0.01404574807104928, 0.0, 0.0, 0.0, 0.015268930795613925, 0.289829481161823, 1.0, 0.04091842550877315, 0.0, 0.0, 0.0, 0.3392146891887389, 0.25515013360567157, 0.16472252591718559, 0.0, 0.0, 0.0, 
0.0, 0.0, 0.008204909589798682, 0.0, 0.0, 0.0, 0.0, 0.0, 0.0, 0.509749044172679, 0.6758918116833104, 0.02106862210657392, 0.0, 0.0, 0.0, 0.01017928719707595, 0.1977486624890875, 1.0, 0.028746417248868755, 0.0, 0.0, 0.0, 0.226143126125826, 0.37325368282720134, 0.24708378887577837, 0.0, 0.0, 0.0, 
0.0, 0.0, 0.010939879453064908, 0.0, 0.0, 0.0, 0.0, 0.0, 0.0, 0.4817623218359471, 0.6133539721966641, 0.02809149614209856, 0.0, 0.0, 0.0, 0.005089643598537974, 0.10566784381635208, 1.0, 0.016574408988964354, 0.0, 0.0, 0.0, 0.113071563062913, 0.49135723204873105, 0.32944505183437117, 0.0, 0.0, 0.0, 
0.0, 0.0, 0.013674849316331134, 0.0, 0.0, 0.0, 0.0, 0.0, 0.0, 0.45377559949921525, 0.5508161327100177, 0.0351143701776232, 0.0, 0.0, 0.0, 0.0, 0.013587025143616574, 1.0, 0.0044024007290599555, 0.0, 0.0, 0.0, 0.0, 0.6094607812702607, 0.411806314792964, 0.0, 0.0, 0.0, 
0.0, 0.0, 0.018726629497524863, 0.004789735569259093, 0.0, 0.0, 0.0, 0.0, 0.0, 0.4539018164507846, 0.6406529061680142, 0.02809149614209856, 0.0, 0.0, 0.0, 0.0, 0.01086962011489326, 0.805509875368848, 0.0035219205832479642, 0.0, 0.0, 0.0, 0.0, 0.49145416208142617, 0.43029198946818686, 0.0008658120174895572, 0.005543865471586771, 0.0, 
0.0, 0.0, 0.023778409678718592, 0.009579471138518186, 0.0, 0.0, 0.0, 0.0, 0.0, 0.4540280334023539, 0.7304896796260106, 0.02106862210657392, 0.0, 0.0, 0.0, 0.0, 0.008152215086169944, 0.611019750737696, 0.0026414404374359734, 0.0, 0.0, 0.0, 0.0, 0.37344754289259163, 0.44877766414340975, 0.0017316240349791144, 0.011087730943173542, 0.0, 
0.0, 0.0, 0.02883018985991232, 0.014369206707777278, 0.0, 0.0, 0.0, 0.0, 0.0, 0.45415425035392326, 0.8203264530840071, 0.014045748071049281, 0.0, 0.0, 0.0, 0.0, 0.005434810057446629, 0.41652962610654387, 0.0017609602916239826, 0.0, 0.0, 0.0, 0.0, 0.25544092370375715, 0.4672633388186326, 0.0025974360524686716, 0.01663159641476031, 0.0, 
0.0, 0.0, 0.033881970041106046, 0.01915894227703637, 0.0, 0.0, 0.0, 0.0, 0.0, 0.4542804673054926, 0.9101632265420035, 0.007022874035524641, 0.0, 0.0, 0.0, 0.0, 0.0027174050287233145, 0.22203950147539186, 0.0008804801458119913, 0.0, 0.0, 0.0, 0.0, 0.1374343045149226, 0.48574901349385546, 0.003463248069958229, 0.022175461886347083, 0.0, 
0.0, 0.0, 0.03893375022229978, 0.023948677846295466, 0.0, 0.0, 0.0, 0.0, 0.0, 0.45440668425706193, 1.0, 0.0, 0.0, 0.0, 0.0, 0.0, 0.0, 0.027549376844239897, 0.0, 0.0, 0.0, 0.0, 0.0, 0.019427685326088077, 0.5042346881690783, 0.004329060087447786, 0.027719327357933855, 0.0, 
0.0, 0.0, 0.13152892788068113, 0.1288558149599494, 0.0, 0.0, 0.0, 0.0, 0.0, 0.5084190747905017, 0.9197379900651811, 0.10503172660919088, 0.0, 0.0, 0.0, 0.0, 0.0, 0.022039501475391916, 0.0, 0.0, 0.0, 0.0, 0.0, 0.015542148260870461, 0.6033877505352627, 0.20140292419616637, 0.13412120329608945, 0.005305416344518504, 
0.0, 0.0, 0.22412410553906248, 0.23376295207360337, 0.0, 0.0, 0.0, 0.0, 0.0, 0.5624314653239415, 0.8394759801303622, 0.21006345321838177, 0.0, 0.0, 0.0, 0.0, 0.0, 0.01652962610654394, 0.0, 0.0, 0.0, 0.0, 0.0, 0.011656611195652845, 0.702540812901447, 0.3984767883048849, 0.24052307923424507, 0.010610832689037009, 
0.0, 0.0, 0.31671928319744386, 0.33867008918725733, 0.0, 0.0, 0.0, 0.0, 0.0, 0.6164438558573814, 0.7592139701955434, 0.3150951798275726, 0.0, 0.0, 0.0, 0.0, 0.0, 0.011019750737695958, 0.0, 0.0, 0.0, 0.0, 0.0, 0.007771074130435231, 0.8016938752676314, 0.5955506524136035, 0.3469249551724007, 0.015916249033555513, 
0.0, 0.0, 0.4093144608558252, 0.4435772263009113, 0.0, 0.0, 0.0, 0.0, 0.0, 0.6704562463908212, 0.6789519602607245, 0.42012690643676354, 0.0, 0.0, 0.0, 0.0, 0.0, 0.005509875368847981, 0.0, 0.0, 0.0, 0.0, 0.0, 0.0038855370652176157, 0.9008469376338157, 0.7926245165223221, 0.45332683111055627, 0.021221665378074017, 
0.0, 0.0, 0.5019096385142066, 0.5484843634145653, 0.0, 0.0, 0.0, 0.0, 0.0, 0.724468636924261, 0.5986899503259056, 0.5251586330459544, 0.0, 0.0, 0.0, 0.0, 0.0, 0.0, 0.0, 0.0, 0.0, 0.0, 0.0, 0.0, 1.0, 0.9896983806310407, 0.5597287070487118, 0.02652708172259252, 
0.0, 0.0, 0.511091275825393, 0.5630787764434582, 0.002926941953110165, 0.0, 0.0, 0.0, 0.0, 0.6901017034936778, 0.6789519602607245, 0.5762975313982301, 0.0, 0.0, 0.0, 0.0, 0.0, 0.0, 0.0, 0.0, 0.0, 0.004321622088318234, 0.0, 0.11581053068779223, 0.8028257882576866, 0.9702235674319027, 0.578545932037103, 0.21205500204353514, 
0.0, 0.0, 0.5202729131365796, 0.5776731894723511, 0.00585388390622033, 0.0, 0.0, 0.0, 0.0, 0.6557347700630946, 0.7592139701955434, 0.6274364297505057, 0.0, 0.0, 0.0, 0.0, 0.0, 0.0, 0.0, 0.0, 0.0, 0.008643244176636467, 0.0, 0.23162106137558447, 0.6056515765153732, 0.950748754232765, 0.5973631570254943, 0.3975829223644778, 
0.0, 0.0, 0.5294545504477661, 0.592267602501244, 0.008780825859330495, 0.0, 0.0, 0.0, 0.0, 0.6213678366325114, 0.8394759801303622, 0.6785753281027814, 0.0, 0.0, 0.0, 0.0, 0.0, 0.0, 0.0, 0.0, 0.0, 0.0129648662649547, 0.0, 0.3474315920633767, 0.40847736477305985, 0.931273941033627, 0.6161803820138856, 0.5831108426854205, 
0.0, 0.0, 0.5386361877589527, 0.606862015530137, 0.01170776781244066, 0.0, 0.0, 0.0, 0.0, 0.5870009032019281, 0.9197379900651811, 0.7297142264550571, 0.0, 0.0, 0.0, 0.0, 0.0, 0.0, 0.0, 0.0, 0.0, 0.017286488353272934, 0.0, 0.46324212275116894, 0.21130315303074643, 0.9117991278344892, 0.6349976070022768, 0.768638763006363, 
0.0, 0.0, 0.5478178250701392, 0.6214564285590298, 0.014634709765550827, 0.0, 0.0, 0.0, 0.0, 0.5526339697713449, 1.0, 0.7808531248073327, 0.0, 0.0, 0.0, 0.0, 0.0, 0.0, 0.0, 0.0, 0.0, 0.02160811044159117, 0.0, 0.5790526534389612, 0.014128941288433037, 0.8923243146353513, 0.653814831990668, 0.9541666833273057, 
0.0, 0.0, 0.5320088431430159, 0.5956817451557175, 0.018925778904235357, 0.0, 0.0, 0.0, 0.0, 0.5543226467148705, 0.9725701641274959, 0.7222719898477821, 0.0, 0.0, 0.0, 0.0, 0.0, 0.0, 0.0, 0.0, 0.0, 0.017286488353272934, 0.0, 0.46324212275116894, 0.09705162526634707, 0.8348541690129699, 0.6548011642591072, 0.9529146532632135, 
0.0, 0.0, 0.5161998612158926, 0.5699070617524051, 0.023216848042919885, 0.0, 0.0, 0.0, 0.0, 0.5560113236583961, 0.9451403282549917, 0.6636908548882313, 0.0, 0.0, 0.0, 0.0, 0.0, 0.0, 0.0, 0.0, 0.0, 0.012964866264954703, 0.0, 0.3474315920633767, 0.1799743092442611, 0.7773840233905887, 0.6557874965275463, 0.9516626231991213, 
0.0, 0.0, 0.5003908792887692, 0.5441323783490928, 0.027507917181604412, 0.0, 0.0, 0.0, 0.0, 0.5577000006019218, 0.9177104923824876, 0.6051097199286807, 0.0, 0.0, 0.0, 0.0, 0.0, 0.0, 0.0, 0.0, 0.0, 0.008643244176636469, 0.0, 0.23162106137558447, 0.2628969932221752, 0.7199138777682073, 0.6567738287959854, 0.9504105931350291, 
0.0, 0.0, 0.484581897361646, 0.5183576949457805, 0.03179898632028894, 0.0, 0.0, 0.0, 0.0, 0.5593886775454474, 0.8902806565099834, 0.5465285849691299, 0.0, 0.0, 0.0, 0.0, 0.0, 0.0, 0.0, 0.0, 0.0, 0.004321622088318235, 0.0, 0.11581053068779223, 0.3458196772000892, 0.6624437321458259, 0.6577601610644246, 0.9491585630709369, 
0.0, 0.0, 0.46877291543452265, 0.4925830115424682, 0.03609005545897347, 0.0, 0.0, 0.0, 0.0, 0.561077354488973, 0.8628508206374793, 0.4879474500095793, 0.0, 0.0, 0.0, 0.0, 0.0, 0.0, 0.0, 0.0, 0.0, 0.0, 0.0, 0.0, 0.42874236117800324, 0.6049735865234446, 0.6587464933328637, 0.9479065330068447, 
0.0, 0.0, 0.38095827223071677, 0.49831011890422905, 0.03349025817446782, 0.0, 0.0019659078160621053, 0.0018275772809726904, 0.0, 0.5819562632970934, 0.8537405768196303, 0.5640428517006868, 0.000875394951865919, 0.0, 0.0, 0.0, 0.0, 0.0, 0.0, 0.0, 0.0, 0.003612983774990612, 0.0, 0.0, 0.34299388894240257, 0.5896025328848054, 0.726997194666291, 0.9295257056847419, 
0.0, 0.0, 0.29314362902691093, 0.5040372262659899, 0.030890460889962165, 0.0, 0.003931815632124211, 0.0036551545619453807, 0.0, 0.6028351721052138, 0.8446303330017813, 0.6401382533917943, 0.001750789903731838, 0.0, 0.0, 0.0, 0.0, 0.0, 0.0, 0.0, 0.0, 0.007225967549981224, 0.0, 0.0, 0.25724541670680195, 0.5742314792461661, 0.7952478959997182, 0.9111448783626391, 
0.0, 0.0, 0.20532898582310505, 0.5097643336277509, 0.028290663605456512, 0.0, 0.005897723448186316, 0.0054827318429180715, 0.0, 0.6237140809133341, 0.8355200891839323, 0.7162336550829018, 0.002626184855597757, 0.0, 0.0, 0.0, 0.0, 0.0, 0.0, 0.0, 0.0, 0.010838951324971837, 0.0, 0.0, 0.17149694447120134, 0.558860425607527, 0.8634985973331455, 0.8927640510405364, 
0.0, 0.0, 0.11751434261929916, 0.5154914409895117, 0.025690866320950856, 0.0, 0.007863631264248421, 0.0073103091238907614, 0.0, 0.6445929897214545, 0.8264098453660832, 0.7923290567740093, 0.003501579807463676, 0.0, 0.0, 0.0, 0.0, 0.0, 0.0, 0.0, 0.0, 0.014451935099962449, 0.0, 0.0, 0.08574847223560067, 0.5434893719688878, 0.9317492986665727, 0.8743832237184336, 
0.0, 0.0, 0.029699699415493292, 0.5212185483512726, 0.023091069036445203, 0.0, 0.009829539080310527, 0.009137886404863451, 0.0, 0.6654718985295749, 0.8172996015482342, 0.8684244584651168, 0.004376974759329595, 0.0, 0.0, 0.0, 0.0, 0.0, 0.0, 0.0, 0.0, 0.01806491887495306, 0.0, 0.0, 0.0, 0.5281183183302486, 1.0, 0.8560023963963308, 
0.0, 0.0, 0.02472865954540759, 0.4225966352961444, 0.021304878558608163, 0.0, 0.007863631264248421, 0.0073103091238907614, 0.0, 0.6921971963903423, 0.7901323931182359, 0.8258220548665174, 0.003501579807463676, 0.0, 0.0, 0.0, 0.0, 0.0, 0.0, 0.0, 0.0, 0.014451935099962449, 0.0, 0.0, 0.0, 0.4224946546641989, 0.8017775160565421, 0.8848019171170647, 
0.0, 0.0, 0.019757619675321886, 0.3239747222410162, 0.019518688080771125, 0.0, 0.005897723448186317, 0.005482731842918071, 0.0, 0.7189224942511098, 0.7629651846882375, 0.7832196512679179, 0.0026261848555977573, 0.0, 0.0, 0.0, 0.0, 0.0, 0.0, 0.0, 0.0, 0.010838951324971837, 0.0, 0.0, 0.0, 0.31687099099814914, 0.6035550321130843, 0.9136014378377985, 
0.0, 0.0, 0.014786579805236184, 0.22535280918588796, 0.017732497602934084, 0.0, 0.0039318156321242114, 0.00365515456194538, 0.0, 0.7456477921118772, 0.7357979762582392, 0.7406172476693185, 0.0017507899037318385, 0.0, 0.0, 0.0, 0.0, 0.0, 0.0, 0.0, 0.0, 0.0072259675499812236, 0.0, 0.0, 0.0, 0.2112473273320994, 0.4053325481696265, 0.9424009585585323, 
0.0, 0.0, 0.009815539935150483, 0.12673089613075977, 0.015946307125097044, 0.0, 0.001965907816062106, 0.00182757728097269, 0.0, 0.7723730899726446, 0.7086307678282407, 0.6980148440707191, 0.0008753949518659192, 0.0, 0.0, 0.0, 0.0, 0.0, 0.0, 0.0, 0.0, 0.0036129837749906118, 0.0, 0.0, 0.0, 0.1056236636660497, 0.20711006422616862, 0.9712004792792661, 
0.0, 0.0, 0.004844500065064782, 0.028108983075631578, 0.014160116647260005, 0.0, 0.0, 0.0, 0.0, 0.799098387833412, 0.6814635593982424, 0.6554124404721197, 0.0, 0.0, 0.0, 0.0, 0.0, 0.0, 0.0, 0.0, 0.0, 0.0, 0.0, 0.0, 0.0, 0.0, 0.008887580282710696, 1.0, 
0.0, 0.0, 0.003875600052051826, 0.02248718646050526, 0.011328093317808003, 0.0, 0.0, 0.0, 0.0, 0.7590878395541565, 0.7316816662979524, 0.6730203795052816, 0.0, 0.0, 0.0, 0.0, 0.12249222863155511, 0.004038634033573732, 0.003612089465590481, 0.0, 0.0, 0.0, 0.0, 0.0, 0.0, 0.0, 0.007110064226168557, 0.8174755303635584, 
0.0, 0.0, 0.0029067000390388693, 0.01686538984537895, 0.008496069988356003, 0.0, 0.0, 0.0, 0.0, 0.719077291274901, 0.7818997731976625, 0.6906283185384434, 0.0, 0.0, 0.0, 0.0, 0.24498445726311022, 0.008077268067147463, 0.007224178931180962, 0.0, 0.0, 0.0, 0.0, 0.0, 0.0, 0.0, 0.005332548169626417, 0.6349510607271167, 
0.0, 0.0, 0.0019378000260259131, 0.011243593230252633, 0.0056640466589040015, 0.0, 0.0, 0.0, 0.0, 0.6790667429956455, 0.8321178800973724, 0.7082362575716054, 0.0, 0.0, 0.0, 0.0, 0.3674766858946653, 0.012115902100721195, 0.010836268396771442, 0.0, 0.0, 0.0, 0.0, 0.0, 0.0, 0.0, 0.0035550321130842777, 0.45242659109067507, 
0.0, 0.0, 0.0009689000130129566, 0.005621796615126316, 0.0028320233294520016, 0.0, 0.0, 0.0, 0.0, 0.63905619471639, 0.8823359869970824, 0.7258441966047672, 0.0, 0.0, 0.0, 0.0, 0.48996891452622043, 0.016154536134294926, 0.014448357862361923, 0.0, 0.0, 0.0, 0.0, 0.0, 0.0, 0.0, 0.0017775160565421388, 0.2699021214542334, 
0.0, 0.0, 0.0, 0.0, 0.0, 0.0, 0.0, 0.0, 0.0, 0.5990456464371345, 0.9325540938967924, 0.7434521356379291, 0.0, 0.0, 0.0, 0.0, 0.6124611431577756, 0.02019317016786866, 0.018060447327952405, 0.0, 0.0, 0.0, 0.0, 0.0, 0.0, 0.0, 0.0, 0.08737765181779175, 
0.0, 0.0, 0.0, 0.0, 0.0, 0.0, 0.0, 0.0, 0.0, 0.49510324007115913, 0.9204902931151527, 0.6091814273583913, 0.0, 0.0, 0.0, 0.0, 0.6010553358111399, 0.21615453613429492, 0.029955917030591132, 0.0, 0.0, 0.0, 0.0, 0.0, 0.0, 0.0, 0.08540814123185636, 0.0699021214542334, 
0.0, 0.0, 0.0, 0.0, 0.0, 0.0, 0.0, 0.0, 0.0, 0.3911608337051838, 0.908426492333513, 0.47491071907885357, 0.0, 0.0, 0.0, 0.0, 0.5896495284645042, 0.4121159021007212, 0.041851386733229856, 0.0, 0.0, 0.0, 0.0, 0.0, 0.0, 0.0, 0.17081628246371272, 0.05242659109067505, 
0.0, 0.0, 0.0, 0.0, 0.0, 0.0, 0.0, 0.0, 0.0, 0.28721842733920844, 0.8963626915518733, 0.34064001079931583, 0.0, 0.0, 0.0, 0.0, 0.5782437211178685, 0.6080772680671475, 0.05374685643586859, 0.0, 0.0, 0.0, 0.0, 0.0, 0.0, 0.0, 0.2562244236955691, 0.034951060727116706, 
0.0, 0.0, 0.0, 0.0, 0.0, 0.0, 0.0, 0.0, 0.0, 0.18327602097323303, 0.8842988907702336, 0.20636930251977803, 0.0, 0.0, 0.0, 0.0, 0.5668379137712328, 0.8040386340335738, 0.0656423261385073, 0.0, 0.0, 0.0, 0.0, 0.0, 0.0, 0.0, 0.34163256492742544, 0.017475530363558353, 
0.0, 0.0, 0.0, 0.0, 0.0, 0.0, 0.0, 0.0, 0.0, 0.07933361460725762, 0.8722350899885939, 0.07209859424024027, 0.0, 0.0, 0.0, 0.0, 0.5554321064245972, 1.0, 0.07753779584114603, 0.0, 0.0, 0.0, 0.0, 0.0, 0.0, 0.0, 0.4270407061592818, 0.0, 
0.0, 0.0, 0.0, 0.0, 0.0, 0.0, 0.0, 0.0, 0.0, 0.06572224597859566, 0.8491850616797738, 0.06156712063353501, 0.0, 0.0, 0.0035189946917158635, 0.0, 0.6215171863334588, 1.0, 0.08114680939943535, 0.0, 0.0, 0.0, 0.0, 0.0009192061184915021, 0.0, 0.0, 0.34354413715213183, 0.11032629950068507, 
0.0, 0.0, 0.0, 0.0, 0.0, 0.0, 0.0, 0.0, 0.0, 0.052110877349933714, 0.8261350333709537, 0.05103564702682975, 0.0, 0.0, 0.007037989383431727, 0.0, 0.6876022662423205, 1.0, 0.08475582295772467, 0.0, 0.0, 0.0, 0.0, 0.0018384122369830042, 0.0, 0.0, 0.2600475681449818, 0.22065259900137013, 
0.0, 0.0, 0.0, 0.0, 0.0, 0.0, 0.0, 0.0, 0.0, 0.038499508721271766, 0.8030850050621337, 0.04050417342012448, 0.0, 0.0, 0.010556984075147591, 0.0, 0.753687346151182, 1.0, 0.08836483651601398, 0.0, 0.0, 0.0, 0.0, 0.0027576183554745065, 0.0, 0.0, 0.1765509991378318, 0.3309788985020552, 
0.0, 0.0, 0.0, 0.0, 0.0, 0.0, 0.0, 0.0, 0.0, 0.024888140092609812, 0.7800349767533136, 0.02997269981341922, 0.0, 0.0, 0.014075978766863454, 0.0, 0.8197724260600436, 1.0, 0.09197385007430331, 0.0, 0.0, 0.0, 0.0, 0.0036768244739660083, 0.0, 0.0, 0.09305443013068182, 0.44130519800274026, 
0.0, 0.0, 0.0, 0.0, 0.0, 0.0, 0.0, 0.0, 0.0, 0.011276771463947855, 0.7569849484444935, 0.019441226206713957, 0.0, 0.0, 0.017594973458579317, 0.0, 0.8858575059689053, 1.0, 0.09558286363259262, 0.0, 0.0, 0.0, 0.0, 0.00459603059245751, 0.0, 0.0, 0.009557861123531875, 0.5516314975034253, 
0.0, 0.0, 0.0, 0.0, 0.000882463073646878, 0.0, 0.008419726025607643, 0.0, 0.0, 0.009021417171158284, 0.6055879587555948, 0.015552980965371166, 0.0, 0.12971535560866657, 0.023389728956890957, 0.10919503330092635, 0.9086860047751243, 0.991576856699998, 0.09199454855145701, 0.09268358379009338, 0.10570930451478402, 0.0, 0.09547375899216295, 0.15135488254237842, 0.005627166769744682, 0.0020674707129734434, 0.016064079710883493, 0.5401991398063442, 
0.0, 0.0, 0.0, 0.0, 0.001764926147293756, 0.0, 0.016839452051215287, 0.0, 0.0, 0.0067660628783687135, 0.4541909690666961, 0.011664735724028374, 0.0, 0.25943071121733313, 0.0291844844552026, 0.2183900666018527, 0.9315145035813432, 0.9831537133999959, 0.08840623347032141, 0.18536716758018676, 0.21141860902956805, 0.0, 0.1909475179843259, 0.29811373449229933, 0.011254333539489365, 0.004134941425946887, 0.02257029829823511, 0.528766782109263, 
0.0, 0.0, 0.0, 0.0, 0.002647389220940634, 0.0, 0.02525917807682293, 0.0, 0.0, 0.004510708585579143, 0.3027939793777974, 0.007776490482685583, 0.0, 0.3891460668259997, 0.03497923995351424, 0.32758509990277906, 0.9543430023875621, 0.974730570099994, 0.08481791838918579, 0.2780507513702801, 0.3171279135443521, 0.0, 0.2864212769764889, 0.4448725864422203, 0.01688150030923405, 0.00620241213892033, 0.029076516885586726, 0.5173344244121817, 
0.0, 0.0, 0.0, 0.0, 0.003529852294587512, 0.0, 0.033678904102430574, 0.0, 0.0, 0.0022553542927895714, 0.1513969896888987, 0.0038882452413427915, 0.0, 0.5188614224346663, 0.04077399545182588, 0.4367801332037054, 0.977171501193781, 0.9663074267999919, 0.08122960330805018, 0.3707343351603735, 0.4228372180591361, 0.0, 0.3818950359686518, 0.5916314383921412, 0.02250866707897873, 0.008269882851893774, 0.035582735472938345, 0.5059020667151005, 
0.0, 0.0, 0.0, 0.0, 0.00441231536823439, 0.0, 0.04209863012803822, 0.0, 0.0, 0.0, 0.0, 0.0, 0.0, 0.6485767780433328, 0.04656875095013752, 0.5459751665046317, 1.0, 0.9578842834999899, 0.07764128822691457, 0.4634179189504669, 0.5285465225739201, 0.0, 0.47736879496081475, 0.738390290342062, 0.02813583384872341, 0.010337353564867216, 0.04208895406028996, 0.49446970901801934, 
0.0, 0.0, 0.0, 0.0, 0.003529852294587512, 0.0781620602426956, 0.1109703789655032, 0.0, 0.0, 0.0, 0.0, 0.0, 0.08471454771759038, 0.6225158840072987, 0.15707397179104227, 0.563436076662791, 0.9564991920016065, 0.9451491278368259, 0.07159627038657553, 0.37705999810336177, 0.4276188306825007, 0.0, 0.48463935484856396, 0.6907756768491178, 0.2225086670789787, 0.012078386230344818, 0.03456982249149739, 0.39557576721441545, 
0.0, 0.0, 0.0, 0.0, 0.002647389220940634, 0.1563241204853912, 0.17984212780296818, 0.0, 0.0, 0.0, 0.0, 0.0, 0.16942909543518075, 0.5964549899712647, 0.267579192631947, 0.5808969868209504, 0.9129983840032131, 0.932413972173662, 0.06555125254623649, 0.29070207725625663, 0.32669113879108125, 0.0, 0.4919099147363132, 0.6431610633561734, 0.41688150030923404, 0.01381941889582242, 0.027050690922704825, 0.2966818254108116, 
0.0, 0.0, 0.0, 0.0, 0.0017649261472937562, 0.2344861807280868, 0.24871387664043315, 0.0, 0.0, 0.0, 0.0, 0.0, 0.25414364315277116, 0.5703940959352305, 0.37808441347285177, 0.5983578969791097, 0.8694975760048196, 0.919678816510498, 0.05950623470589744, 0.2043441564091515, 0.22576344689966177, 0.0, 0.49918047462406245, 0.5955464498632291, 0.6112543335394893, 0.015560451561300023, 0.019531559353912258, 0.19778788360720778, 
0.0, 0.0, 0.0, 0.0, 0.0008824630736468781, 0.3126482409707824, 0.31758562547789815, 0.0, 0.0, 0.0, 0.0, 0.0, 0.3388581908703615, 0.5443332018991964, 0.4885896343137565, 0.615818807137269, 0.8259967680064262, 0.906943660847334, 0.053461216865558395, 0.11798623556204635, 0.12483575500824234, 0.0, 0.5064510345118116, 0.5479318363702848, 0.8056271667697447, 0.017301484226777623, 0.01201242778511969, 0.09889394180360389, 
0.0, 0.0, 0.0, 0.0, 0.0, 0.39081030121347804, 0.38645737431536314, 0.0, 0.0, 0.0, 0.0, 0.0, 0.4235727385879519, 0.5182723078631624, 0.5990948551546613, 0.6332797172954283, 0.7824959600080327, 0.89420850518417, 0.047416199025219354, 0.031628314714941215, 0.023908063116822958, 0.0, 0.5137215943995609, 0.5003172228773405, 1.0, 0.019042516892255227, 0.004493296216327126, 0.0, 
0.0, 0.0, 0.0, 0.0, 0.0, 0.3126482409707824, 0.3091658994522905, 0.0, 0.0, 0.0, 0.0, 0.0, 0.3388581908703615, 0.41637826280509405, 0.48292662920402774, 0.5151570783867132, 0.7626357810542522, 0.9153668041473361, 0.12828434187272075, 0.025302651771952973, 0.019126450493458368, 0.0, 0.4109772755196487, 0.40025377830187236, 0.806258750244641, 0.01523401351380418, 0.003594636973061701, 0.0, 
0.0, 0.0, 0.0, 0.0, 0.0, 0.23448618072808683, 0.2318744245892179, 0.0, 0.0, 0.0, 0.0, 0.0, 0.25414364315277116, 0.31448421774702573, 0.36675840325339415, 0.3970344394779981, 0.7427756021004718, 0.9365251031105021, 0.20915248472022216, 0.01897698882896473, 0.014344837870093774, 0.0, 0.30823295663973654, 0.3001903337264043, 0.612517500489282, 0.011425510135353137, 0.002695977729796276, 0.0, 
0.0, 0.0, 0.0, 0.0, 0.0, 0.15632412048539124, 0.15458294972614528, 0.0, 0.0, 0.0, 0.0, 0.0, 0.16942909543518075, 0.2125901726889574, 0.25059017730276056, 0.278911800569283, 0.7229154231466912, 0.957683402073668, 0.29002062756772357, 0.012651325885976485, 0.009563225246729182, 0.0, 0.2054886377598244, 0.20012688915093624, 0.418776250733923, 0.007617006756902092, 0.0017973184865308503, 0.0, 
0.0, 0.0, 0.0, 0.0, 0.0, 0.07816206024269562, 0.07729147486307264, 0.0, 0.0, 0.0, 0.0, 0.0, 0.0847145477175904, 0.1106961276308891, 0.13442195135212698, 0.1607891616605679, 0.7030552441929108, 0.978841701036834, 0.370888770415225, 0.006325662942988242, 0.00478161262336459, 0.0, 0.1027443188799122, 0.10006344457546812, 0.225035000978564, 0.003808503378451046, 0.0008986592432654252, 0.0, 
0.0, 0.0, 0.0, 0.0, 0.0, 0.0, 0.0, 0.0, 0.0, 0.0, 0.0, 0.0, 0.0, 0.008802082572820747, 0.01825372540149335, 0.042666522751852794, 0.6831950652391303, 1.0, 0.45175691326272643, 0.0, 0.0, 0.0, 0.0, 0.0, 0.031293751223204935, 0.0, 0.0, 0.0, 
0.0, 0.0, 0.0, 0.0, 0.0, 0.0, 0.0008902702375155056, 0.0, 0.0, 0.0034238438722601966, 0.004989276200647803, 0.0, 0.0, 0.007041666058256598, 0.016518609821272883, 0.04003171197132471, 0.7047754644413735, 1.0, 0.4498915238904053, 0.0, 0.0809531278936028, 0.0, 0.0, 0.0, 0.025035000978563947, 0.0, 0.0, 0.0, 
0.0, 0.0, 0.0, 0.0, 0.0, 0.0, 0.0017805404750310112, 0.0, 0.0, 0.006847687744520393, 0.009978552401295606, 0.0, 0.0, 0.005281249543692448, 0.014783494241052414, 0.03739690119079663, 0.7263558636436167, 1.0, 0.4480261345180842, 0.0, 0.1619062557872056, 0.0, 0.0, 0.0, 0.018776250733922962, 0.0, 0.0, 0.0, 
0.0, 0.0, 0.0, 0.0, 0.0, 0.0, 0.0026708107125465166, 0.0, 0.0, 0.010271531616780589, 0.014967828601943409, 0.0, 0.0, 0.003520833029128298, 0.013048378660831946, 0.03476209041026855, 0.7479362628458599, 1.0, 0.44616074514576304, 0.0, 0.2428593836808084, 0.0, 0.0, 0.0, 0.012517500489281977, 0.0, 0.0, 0.0, 
0.0, 0.0, 0.0, 0.0, 0.0, 0.0, 0.0035610809500620224, 0.0, 0.0, 0.013695375489040786, 0.019957104802591212, 0.0, 0.0, 0.001760416514564149, 0.011313263080611476, 0.03212727962974046, 0.7695166620481031, 1.0, 0.4442953557734419, 0.0, 0.3238125115744112, 0.0, 0.0, 0.0, 0.0062587502446409884, 0.0, 0.0, 0.0, 
0.0, 0.0, 0.0, 0.0, 0.0, 0.0, 0.004451351187577528, 0.0, 0.0, 0.017119219361300984, 0.024946381003239017, 0.0, 0.0, 0.0, 0.009578147500391009, 0.029492468849212382, 0.7910970612503463, 1.0, 0.4424299664011208, 0.0, 0.404765639468014, 0.0, 0.0, 0.0, 0.0, 0.0, 0.0, 0.0, 
0.0, 0.0, 0.0, 0.0, 0.0, 0.0, 0.0035610809500620224, 0.0, 0.0, 0.020682453619363474, 0.15691217616989891, 0.0021304371280657397, 0.0, 0.0, 0.007662518000312807, 0.023593975079369906, 0.8092062737699399, 1.0, 0.37219238920266945, 0.0, 0.3238125115744112, 0.0, 0.0, 0.0, 0.0, 0.0, 0.0, 0.0, 
0.0, 0.0, 0.0, 0.0, 0.0, 0.0, 0.002670810712546517, 0.0, 0.0, 0.024245687877425964, 0.28887797133655885, 0.004260874256131479, 0.0, 0.0, 0.005746888500234605, 0.01769548130952743, 0.8273154862895336, 1.0, 0.3019548120042181, 0.0, 0.24285938368080842, 0.0, 0.0, 0.0, 0.0, 0.0, 0.0, 0.0, 
0.0, 0.0, 0.0, 0.0, 0.0, 0.0, 0.0017805404750310116, 0.0, 0.0, 0.027808922135488454, 0.42084376650321875, 0.006391311384197219, 0.0, 0.0, 0.0038312590001564027, 0.011796987539684951, 0.8454246988091273, 1.0, 0.23171723480576673, 0.0, 0.16190625578720563, 0.0, 0.0, 0.0, 0.0, 0.0, 0.0, 0.0, 
0.0, 0.0, 0.0, 0.0, 0.0, 0.0, 0.0008902702375155058, 0.0, 0.0, 0.03137215639355094, 0.5528095616698786, 0.008521748512262959, 0.0, 0.0, 0.0019156295000782014, 0.005898493769842476, 0.8635339113287209, 1.0, 0.16147965760731536, 0.0, 0.08095312789360282, 0.0, 0.0, 0.0, 0.0, 0.0, 0.0, 0.0, 
0.0, 0.0, 0.0, 0.0, 0.0, 0.0, 0.0, 0.0, 0.0, 0.034935390651613434, 0.6847753568365386, 0.010652185640328698, 0.0, 0.0, 0.0, 0.0, 0.8816431238483146, 1.0, 0.09124208040886397, 0.0, 0.0, 0.0, 0.0, 0.0, 0.0, 0.0, 0.0, 0.0, 
0.0, 0.0, 0.0, 0.0, 0.0, 0.0, 0.0, 0.0, 0.0, 0.031879307171980335, 0.7078203942957768, 0.017200357595581466, 0.0, 0.0, 0.11056520166671124, 0.10239257546542875, 0.8955220038523155, 1.0, 0.25699156790156474, 0.07885048241865764, 0.006492955355308935, 0.0, 0.0, 0.0, 0.0, 0.0, 0.0, 0.0, 
0.0, 0.0, 0.0, 0.0, 0.0, 0.0, 0.0, 0.0, 0.0, 0.028823223692347244, 0.7308654317550152, 0.02374852955083423, 0.0, 0.0, 0.2211304033334225, 0.2047851509308575, 0.9094008838563166, 1.0, 0.42274105539426554, 0.15770096483731527, 0.01298591071061787, 0.0, 0.0, 0.0, 0.0, 0.0, 0.0, 0.0, 
0.0, 0.0, 0.0, 0.0, 0.0, 0.0, 0.0, 0.0, 0.0, 0.025767140212714146, 0.7539104692142534, 0.030296701506086997, 0.0, 0.0, 0.33169560500013373, 0.30717772639628627, 0.9232797638603175, 1.0, 0.5884905428869662, 0.2365514472559729, 0.019478866065926803, 0.0, 0.0, 0.0, 0.0, 0.0, 0.0, 0.0, 
0.0, 0.0, 0.0, 0.0, 0.0, 0.0, 0.0, 0.0, 0.0, 0.02271105673308105, 0.7769555066734918, 0.03684487346133976, 0.0, 0.0, 0.442260806666845, 0.409570301861715, 0.9371586438643186, 1.0, 0.754240030379667, 0.31540192967463054, 0.02597182142123574, 0.0, 0.0, 0.0, 0.0, 0.0, 0.0, 0.0, 
0.0, 0.0, 0.0, 0.0, 0.0, 0.0, 0.0, 0.0, 0.0, 0.019654973253447956, 0.80000054413273, 0.04339304541659252, 0.0, 0.0, 0.5528260083335562, 0.5119628773271437, 0.9510375238683195, 1.0, 0.9199895178723678, 0.39425241209328815, 0.032464776776544677, 0.0, 0.0, 0.0, 0.0, 0.0, 0.0, 0.0, 
0.0, 0.0, 0.0, 0.0, 0.0, 0.0, 0.0, 0.0, 0.0, 0.016752702966372473, 0.766683375228475, 0.03880929831239444, 0.0, 0.0, 0.442260806666845, 0.409570301861715, 0.9072461867511206, 1.0, 0.7398719640877705, 0.31540192967463054, 0.02597182142123574, 0.0, 0.0, 0.0, 0.0, 0.0, 0.0, 0.0, 
0.0, 0.0, 0.0, 0.0, 0.0, 0.0, 0.0, 0.0, 0.0, 0.01385043267929699, 0.73336620632422, 0.034225551208196356, 0.0, 0.0, 0.33169560500013373, 0.30717772639628627, 0.8634548496339217, 1.0, 0.5597544103031731, 0.23655144725597288, 0.019478866065926807, 0.0, 0.0, 0.0, 0.0, 0.0, 0.0, 0.0, 
0.0, 0.0, 0.0, 0.0, 0.0, 0.0, 0.0, 0.0, 0.0, 0.010948162392221506, 0.7000490374199649, 0.029641804103998276, 0.0, 0.0, 0.2211304033334225, 0.20478515093085747, 0.8196635125167228, 0.9999999999999999, 0.3796368565185756, 0.15770096483731524, 0.012985910710617873, 0.0, 0.0, 0.0, 0.0, 0.0, 0.0, 0.0, 
0.0, 0.0, 0.0, 0.0, 0.0, 0.0, 0.0, 0.0, 0.0, 0.008045892105146023, 0.66673186851571, 0.025058056999800196, 0.0, 0.0, 0.11056520166671124, 0.10239257546542874, 0.7758721753995239, 0.9999999999999999, 0.19951930273397822, 0.07885048241865761, 0.006492955355308937, 0.0, 0.0, 0.0, 0.0, 0.0, 0.0, 0.0, 
0.0, 0.0, 0.0, 0.0, 0.0, 0.0, 0.0, 0.0, 0.0, 0.0051436218180705385, 0.6334146996114549, 0.020474309895602116, 0.0, 0.0, 0.0, 0.0, 0.732080838282325, 0.9999999999999999, 0.019401748949380845, 0.0, 0.0, 0.0, 0.0, 0.0, 0.0, 0.0, 0.0, 0.0, 
0.0, 0.0, 0.0, 0.0, 0.0, 0.0, 0.0, 0.0, 0.0, 0.004114897454456431, 0.6568993579238882, 0.02224824049658594, 0.0, 0.0, 0.0, 0.0053469243191614476, 0.6042293207834434, 0.9999999999999999, 0.12630140191248745, 0.011262601357323019, 0.0875731771861567, 0.0, 0.0, 0.0, 0.0, 0.005544300356466169, 0.0, 0.0, 
0.0, 0.0, 0.0, 0.0, 0.0, 0.0, 0.0, 0.0, 0.0, 0.003086173090842323, 0.6803840162363215, 0.024022171097569767, 0.0, 0.0, 0.0, 0.010693848638322895, 0.47637780328456186, 0.9999999999999999, 0.2332010548755941, 0.022525202714646038, 0.1751463543723134, 0.0, 0.0, 0.0, 0.0, 0.011088600712932339, 0.0, 0.0, 
0.0, 0.0, 0.0, 0.0, 0.0, 0.0, 0.0, 0.0, 0.0, 0.002057448727228215, 0.7038686745487548, 0.025796101698553592, 0.0, 0.0, 0.0, 0.016040772957484344, 0.34852628578568035, 1.0, 0.3401007078387007, 0.03378780407196906, 0.2627195315584701, 0.0, 0.0, 0.0, 0.0, 0.016632901069398506, 0.0, 0.0, 
0.0, 0.0, 0.0, 0.0, 0.0, 0.0, 0.0, 0.0, 0.0, 0.0010287243636141075, 0.7273533328611881, 0.027570032299537413, 0.0, 0.0, 0.0, 0.02138769727664579, 0.22067476828679877, 1.0, 0.44700036080180733, 0.045050405429292076, 0.3502927087446268, 0.0, 0.0, 0.0, 0.0, 0.022177201425864677, 0.0, 0.0, 
0.0, 0.0, 0.0, 0.0, 0.0, 0.0, 0.0, 0.0, 0.0, 0.0, 0.7508379911736214, 0.02934396290052124, 0.0, 0.0, 0.0, 0.026734621595807237, 0.09282325078791721, 1.0, 0.5539000137649139, 0.05631300678661509, 0.4378658859307835, 0.0, 0.0, 0.0, 0.0, 0.02772150178233085, 0.0, 0.0, 
0.0, 0.0, 0.0, 0.0, 0.0, 0.0, 0.0, 0.0, 0.0, 0.0, 0.604753421240944, 0.02452679502655305, 0.0, 0.0, 0.024909082482622694, 0.02138769727664579, 0.08209707253261692, 1.0, 0.5686590490215832, 0.12302544600308589, 0.4672125365661413, 0.10623264455606025, 0.004788252373859309, 0.0, 0.0, 0.025079595346135172, 0.10348988302205106, 0.0, 
0.0, 0.0, 0.0, 0.0, 0.0, 0.0, 0.0, 0.0, 0.0, 0.0, 0.4586688513082665, 0.019709627152584862, 0.0, 0.0, 0.04981816496524539, 0.016040772957484344, 0.0713708942773166, 1.0, 0.5834180842782524, 0.1897378852195567, 0.4965591872014991, 0.2124652891121205, 0.009576504747718617, 0.0, 0.0, 0.022437688909939496, 0.20697976604410212, 0.0, 
0.0, 0.0, 0.0, 0.0, 0.0, 0.0, 0.0, 0.0, 0.0, 0.0, 0.3125842813755891, 0.014892459278616672, 0.0, 0.0, 0.07472724744786809, 0.010693848638322893, 0.06064471602201631, 1.0, 0.5981771195349216, 0.2564503244360275, 0.525905837836857, 0.3186979336681808, 0.014364757121577927, 0.0, 0.0, 0.01979578247374382, 0.31046964906615315, 0.0, 
0.0, 0.0, 0.0, 0.0, 0.0, 0.0, 0.0, 0.0, 0.0, 0.0, 0.16649971144291165, 0.010075291404648481, 0.0, 0.0, 0.09963632993049078, 0.005346924319161447, 0.04991853776671601, 1.0, 0.6129361547915908, 0.3231627636524983, 0.5552524884722148, 0.424930578224241, 0.019153009495437235, 0.0, 0.0, 0.017153876037548144, 0.41395953208820424, 0.0, 
0.0, 0.0, 0.0, 0.0, 0.0, 0.0, 0.0, 0.0, 0.0, 0.0, 0.020415141510234158, 0.005258123530680293, 0.0, 0.0, 0.12454541241311347, 0.0, 0.039192359511415704, 1.0, 0.62769519004826, 0.3898752028689691, 0.5845991391075726, 0.5311632227803013, 0.023941261869296543, 0.0, 0.0, 0.014511969601352466, 0.5174494151102553, 0.0, 
0.0, 0.0, 0.0, 0.0, 0.0, 0.0, 0.0, 0.0, 0.0, 0.0008662103993226759, 0.020486721777695806, 0.011983950659498342, 0.006699094696859656, 0.0, 0.2996363299304908, 0.0018103624599956334, 0.0347247169911066, 0.9335983199172473, 0.6123504809293745, 0.41720189227828325, 0.46767931128605805, 0.4270157477130763, 0.019153009495437235, 0.0, 0.0, 0.011609575681081973, 0.49014148563222554, 0.0, 
0.0, 0.0, 0.0, 0.0, 0.0, 0.0, 0.0, 0.0, 0.0, 0.0017324207986453518, 0.020558302045157458, 0.018709777788316388, 0.013398189393719312, 0.0, 0.4747272474478681, 0.003620724919991267, 0.030257074470797497, 0.8671966398344946, 0.5970057718104889, 0.4445285816875974, 0.35075948346454355, 0.3228682726458514, 0.014364757121577925, 0.0, 0.0, 0.00870718176081148, 0.4628335561541958, 0.0, 
0.0, 0.0, 0.0, 0.0, 0.0, 0.0, 0.0, 0.0, 0.0, 0.002598631197968028, 0.020629882312619106, 0.02543560491713444, 0.020097284090578968, 0.0, 0.6498181649652454, 0.005431087379986901, 0.02578943195048839, 0.8007949597517419, 0.5816610626916033, 0.4718552710969116, 0.233839655643029, 0.2187207975786264, 0.009576504747718616, 0.0, 0.0, 0.005804787840540986, 0.435525626676166, 0.0, 
0.0, 0.0, 0.0, 0.0, 0.0, 0.0, 0.0, 0.0, 0.0, 0.0034648415972907036, 0.020701462580080758, 0.03216143204595249, 0.026796378787438624, 0.0, 0.8249090824826227, 0.007241449839982534, 0.02132178943017929, 0.7343932796689892, 0.5663163535727177, 0.49918196050622576, 0.1169198278215145, 0.11457332251140145, 0.004788252373859308, 0.0, 0.0, 0.002902393920270493, 0.4082176971981363, 0.0, 
0.0, 0.0, 0.0, 0.0, 0.0, 0.0, 0.0, 0.0, 0.0, 0.004331051996613379, 0.020773042847542406, 0.03888725917477054, 0.03349547348429828, 0.0, 1.0, 0.009051812299978167, 0.016854146909870187, 0.6679915995862364, 0.5509716444538322, 0.5265086499155399, 0.0, 0.010425847444176507, 0.0, 0.0, 0.0, 0.0, 0.3809097677201065, 0.0, 
0.0, 0.0, 0.0, 0.0, 0.0017745269158092182, 0.0, 0.0, 0.0030042811765099583, 0.0, 0.0034648415972907036, 0.11504953464023022, 0.12688362386235882, 0.03561824788247244, 0.009268235241240947, 0.9768722667008136, 0.010371159638507443, 0.09974680275373438, 0.7343932796689892, 0.5625388962844168, 0.5642504784921046, 0.1087362534471485, 0.011084945464248753, 0.004533907898500783, 0.0, 0.0, 0.0018345572219477916, 0.42020076973841514, 0.112531113452461, 
0.0, 0.0, 0.0, 0.0, 0.0035490538316184364, 0.0, 0.0, 0.0060085623530199165, 0.0, 0.0025986311979680275, 0.20932602643291806, 0.2148799885499471, 0.0377410222806466, 0.018536470482481894, 0.9537445334016273, 0.011690506977036717, 0.1826394585975986, 0.8007949597517419, 0.5741061481150014, 0.6019923070686694, 0.217472506894297, 0.011744043484320997, 0.009067815797001565, 0.0, 0.0, 0.0036691144438955833, 0.45949177175672373, 0.225062226904922, 
0.0, 0.0, 0.0, 0.0, 0.005323580747427654, 0.0, 0.0, 0.009012843529529874, 0.0, 0.0017324207986453514, 0.30360251822560586, 0.30287635323753537, 0.039863796678820757, 0.02780470572372284, 0.930616800102441, 0.013009854315565993, 0.2655321144414628, 0.8671966398344945, 0.585673399945586, 0.639734135645234, 0.3262087603414455, 0.012403141504393244, 0.013601723695502348, 0.0, 0.0, 0.005503671665843375, 0.4987827737750324, 0.337593340357383, 
0.0, 0.0, 0.0, 0.0, 0.007098107663236873, 0.0, 0.0, 0.012017124706039833, 0.0, 0.0008662103993226757, 0.3978790100182937, 0.3908727179251237, 0.04198657107699492, 0.03707294096496379, 0.9074890668032547, 0.014329201654095267, 0.348424770285327, 0.9335983199172472, 0.5972406517761706, 0.6774759642217987, 0.434945013788594, 0.013062239524465488, 0.01813563159400313, 0.0, 0.0, 0.0073382288877911666, 0.538073775793341, 0.450124453809844, 
0.0, 0.0, 0.0, 0.0, 0.008872634579046091, 0.0, 0.0, 0.015021405882549792, 0.0, 0.0, 0.4921555018109815, 0.478869082612712, 0.04410934547516908, 0.04634117620620473, 0.8843613335040683, 0.015648548992624543, 0.43131742612919116, 0.9999999999999999, 0.6088079036067552, 0.7152177927983634, 0.5436812672357425, 0.013721337544537734, 0.022669539492503915, 0.0, 0.0, 0.009172786109738958, 0.5773647778116496, 0.562655567262305, 
0.0, 0.0, 0.0, 0.0, 0.007098107663236873, 0.0071249273175736354, 0.08023423965685797, 0.01689563268782399, 0.0, 0.0, 0.39790992273990217, 0.3857732743796667, 0.038508830266665045, 0.04904223021747603, 0.9072433892344146, 0.21251883919409964, 0.34968965947674946, 0.9084189236490804, 0.578858657314384, 0.7185713585374146, 0.5823569796854919, 0.013664352894873647, 0.0976567786882879, 0.0, 0.0, 0.0073382288877911666, 0.46565295430645953, 0.4599199817908638, 
0.0, 0.0, 0.0, 0.0, 0.005323580747427655, 0.014249854635147271, 0.16046847931371594, 0.018769859493098187, 0.0, 0.0, 0.3036643436688228, 0.29267746614662143, 0.032908315058161004, 0.05174328422874733, 0.930125444964761, 0.4093891293955747, 0.2680618928243078, 0.8168378472981609, 0.548909411022013, 0.7219249242764659, 0.6210326921352415, 0.01360736824520956, 0.17264401788407188, 0.0, 0.0, 0.005503671665843375, 0.35394113080126943, 0.3571843963194226, 
0.0, 0.0, 0.0, 0.0, 0.0035490538316184372, 0.021374781952720905, 0.2407027189705739, 0.02064408629837238, 0.0, 0.0, 0.20941876459774345, 0.19958165791357618, 0.02730779984965697, 0.054444338240018625, 0.9530075006951073, 0.6062594195970499, 0.18643412617186614, 0.7252567709472414, 0.5189601647296418, 0.7252784900155171, 0.6597084045849909, 0.013550383595545473, 0.24763125707985587, 0.0, 0.0, 0.003669114443895583, 0.2422293072960794, 0.25444881084798143, 
0.0, 0.0, 0.0, 0.0, 0.0017745269158092186, 0.028499709270294542, 0.3209369586274319, 0.02251831310364658, 0.0, 0.0, 0.11517318552666411, 0.10648584968053088, 0.021707284641152933, 0.05714539225128993, 0.9758895564254537, 0.8031297097985249, 0.10480635951942446, 0.6336756945963219, 0.4890109184372706, 0.7286320557545685, 0.6983841170347405, 0.013493398945881386, 0.3226184962756399, 0.0, 0.0, 0.0018345572219477914, 0.1305174837908893, 0.1517132253765402, 
0.0, 0.0, 0.0, 0.0, 0.0, 0.03562463658786818, 0.4011711982842898, 0.024392539908920777, 0.0, 0.0, 0.02092760645558476, 0.013390041447485608, 0.016106769432648896, 0.05984644626256123, 0.9987716121558, 1.0, 0.023178592866982782, 0.5420946182454024, 0.4590616721448995, 0.7319856214936197, 0.7370598294844899, 0.013436414296217298, 0.3976057354714238, 0.0, 0.0, 0.0, 0.018805660285699195, 0.04897763990509891, 
0.0, 0.0, 0.0, 0.0, 0.0, 0.028499709270294542, 0.41771073851494767, 0.021306863880891563, 0.0, 0.0, 0.018507143779988012, 0.012500160851596378, 0.012885415546119116, 0.17765063874735917, 0.99901728972464, 0.9949664234414112, 0.18429957019492155, 0.5707055884223575, 0.4691670417817251, 0.5948165335245849, 0.769575338474755, 0.010749131436973838, 0.31808458837713904, 0.0, 0.0, 0.0, 0.01591759423887061, 0.18476959104914623, 
0.0, 0.0, 0.0, 0.0, 0.0, 0.021374781952720908, 0.4342502787456055, 0.01822118785286235, 0.0, 0.0, 0.016086681104391265, 0.01161028025570715, 0.009664061659589338, 0.2954548312321571, 0.99926296729348, 0.9899328468828223, 0.3454205475228603, 0.5993165585993127, 0.4792724114185506, 0.4576474455555501, 0.8020908474650201, 0.008061848577730379, 0.23856344128285428, 0.0, 0.0, 0.0, 0.013029528192042027, 0.32056154219319355, 
0.0, 0.0, 0.0, 0.0, 0.0, 0.014249854635147274, 0.45078981897626336, 0.015135511824833133, 0.0, 0.0, 0.01366621842879452, 0.010720399659817921, 0.00644270777305956, 0.41325902371695505, 0.9995086448623199, 0.9848992703242334, 0.5065415248507991, 0.6279275287762678, 0.48937778105537616, 0.32047835758651533, 0.8346063564552852, 0.0053745657184869206, 0.15904229418856952, 0.0, 0.0, 0.0, 0.010141462145213442, 0.4563534933372409, 
0.0, 0.0, 0.0, 0.0, 0.0, 0.007124927317573637, 0.46732935920692115, 0.01204983579680392, 0.0, 0.0, 0.011245755753197773, 0.009830519063928692, 0.00322135388652978, 0.531063216201753, 0.9997543224311599, 0.9798656937656446, 0.6676625021787378, 0.656538498953223, 0.49948315069220167, 0.1833092696174805, 0.8671218654455503, 0.0026872828592434603, 0.07952114709428476, 0.0, 0.0, 0.0, 0.007253396098384858, 0.5921454444812883, 
0.0, 0.0, 0.0, 0.0, 0.0, 0.0, 0.483868899437579, 0.008964159768774705, 0.0, 0.0, 0.008825293077601026, 0.008940638468039464, 0.0, 0.6488674086865509, 0.9999999999999999, 0.9748321172070558, 0.8287834795066765, 0.6851494691301782, 0.5095885203290272, 0.04614018164844564, 0.8996373744358154, 0.0, 0.0, 0.0, 0.0, 0.0, 0.004365330051556274, 0.7279373956253355, 
0.0, 0.0, 0.0, 0.0, 0.0, 0.0, 0.46332288655688225, 0.007171327815019763, 0.0, 0.0, 0.016552614386129094, 0.010375608101497768, 0.0, 0.5199613971187024, 0.9999999999999999, 0.9789919825033699, 0.6831207677919099, 0.7154756303781717, 0.42293111580120757, 0.036912145318756515, 0.7214774827859849, 0.10634909092937701, 0.0017771274927715999, 0.0, 0.0, 0.0, 0.003492264041245019, 0.5823499165002685, 
0.0, 0.0, 0.0, 0.0, 0.0, 0.0, 0.4427768736761855, 0.005378495861264823, 0.0, 0.0, 0.02427993569465716, 0.011810577734956071, 0.0, 0.39105538555085384, 0.9999999999999999, 0.9831518477996841, 0.5374580560771434, 0.7458017916261652, 0.33627371127338795, 0.027684108989067382, 0.5433175911361543, 0.21269818185875403, 0.0035542549855431997, 0.0, 0.0, 0.0, 0.0026191980309337643, 0.4367624373752013, 
0.0, 0.0, 0.0, 0.0, 0.0, 0.0, 0.42223086079548877, 0.0035856639075098826, 0.0, 0.0, 0.03200725700318523, 0.013245547368414375, 0.0, 0.2621493739830053, 1.0, 0.9873117130959984, 0.39179534436237673, 0.7761279528741588, 0.24961630674556834, 0.018456072659378254, 0.3651576994863238, 0.31904727278813105, 0.0053313824783148, 0.0, 0.0, 0.0, 0.0017461320206225098, 0.2911749582501342, 
0.0, 0.0, 0.0, 0.0, 0.0, 0.0, 0.40168484791479203, 0.0017928319537549413, 0.0, 0.0, 0.039734578311713294, 0.01468051700187268, 0.0, 0.13324336241515677, 1.0, 0.9914715783923126, 0.2461326326476101, 0.8064541141221523, 0.16295890221774867, 0.009228036329689125, 0.18699780783649322, 0.42539636371750805, 0.0071085099710863995, 0.0, 0.0, 0.0, 0.0008730660103112549, 0.1455874791250671, 
0.0, 0.0, 0.0, 0.0, 0.0, 0.0, 0.3811388350340953, 0.0, 0.0, 0.0, 0.04746189962024136, 0.016115486635330984, 0.0, 0.004337350847308222, 1.0, 0.9956314436886268, 0.10046992093284346, 0.8367802753701459, 0.07630149768992907, 0.0, 0.008837916186662737, 0.531745454646885, 0.008885637463857999, 0.0, 0.0, 0.0, 0.0, 0.0, 
0.0, 0.0, 0.0, 0.0, 0.0, 0.0, 0.30491106802727624, 0.0, 0.0, 0.0, 0.1507182979547885, 0.01523752738412127, 0.0, 0.0034698806778465778, 0.9258930630046133, 0.994401758557338, 0.28037593674627476, 0.8165986251222824, 0.07085143679953379, 0.0018738151921216533, 0.008841164332774838, 0.42746494096399484, 0.0071085099710863995, 0.0, 0.0, 0.0, 0.0, 0.0, 
0.0, 0.0, 0.0, 0.0, 0.0, 0.0, 0.22868330102045717, 0.0, 0.0, 0.0, 0.25397469628933567, 0.014359568132911556, 0.0, 0.0026024105083849334, 0.8517861260092267, 0.9931720734260493, 0.46028195255970605, 0.7964169748744189, 0.0654013759091385, 0.0037476303842433065, 0.008844412478886938, 0.32318442728110464, 0.005331382478314799, 0.0, 0.0, 0.0, 0.0, 0.0, 
0.0, 0.0, 0.0, 0.0, 0.0, 0.0, 0.1524555340136381, 0.0, 0.0, 0.0, 0.3572310946238828, 0.013481608881701843, 0.0, 0.0017349403389232887, 0.7776791890138399, 0.9919423882947604, 0.6401879683731373, 0.7762353246265554, 0.05995131501874321, 0.00562144557636496, 0.008847660624999039, 0.21890391359821437, 0.003554254985543199, 0.0, 0.0, 0.0, 0.0, 0.0, 
0.0, 0.0, 0.0, 0.0, 0.0, 0.0, 0.07622776700681905, 0.0, 0.0, 0.0, 0.46048749295842994, 0.012603649630492127, 0.0, 0.0008674701694616443, 0.7035722520184533, 0.9907127031634717, 0.8200939841865686, 0.7560536743786919, 0.05450125412834793, 0.007495260768486613, 0.00885090877111114, 0.11462339991532416, 0.0017771274927715994, 0.0, 0.0, 0.0, 0.0, 0.0, 
0.0, 0.0, 0.0, 0.0, 0.0, 0.0, 0.0, 0.0, 0.0, 0.0, 0.5637438912929771, 0.011725690379282413, 0.0, 0.0, 0.6294653150230666, 0.989483018032183, 1.0, 0.7358720241308284, 0.049051193237952644, 0.009369075960608266, 0.00885415691722324, 0.010342886232433908, 0.0, 0.0, 0.0, 0.0, 0.0, 0.0, 
0.0, 0.0, 0.0, 0.0, 0.0, 0.0, 0.0, 0.0, 0.0, 0.0, 0.5754097258859794, 0.011916611101559704, 0.0, 0.0, 0.5890800555321082, 0.9658644385441134, 1.0, 0.7768466248031067, 0.05168351257705656, 0.007495260768486613, 0.007083325533778592, 0.008274308985947127, 0.0, 0.0, 0.0, 0.0, 0.0, 0.0, 
0.0, 0.0, 0.0, 0.0, 0.0, 0.0, 0.0, 0.0, 0.0, 0.0, 0.5870755604789817, 0.012107531823836995, 0.0, 0.0, 0.5486947960411497, 0.9422458590560439, 1.0, 0.817821225475385, 0.05431583191616048, 0.005621445576364959, 0.005312494150333944, 0.0062057317394603444, 0.0, 0.0, 0.0, 0.0, 0.0, 0.0, 
0.0, 0.0, 0.0, 0.0, 0.0, 0.0, 0.0, 0.0, 0.0, 0.0, 0.5987413950719839, 0.012298452546114284, 0.0, 0.0, 0.5083095365501913, 0.9186272795679742, 1.0, 0.8587958261476634, 0.0569481512552644, 0.0037476303842433056, 0.003541662766889296, 0.004137154492973563, 0.0, 0.0, 0.0, 0.0, 0.0, 0.0, 
0.0, 0.0, 0.0, 0.0, 0.0, 0.0, 0.0, 0.0, 0.0, 0.0, 0.6104072296649862, 0.012489373268391574, 0.0, 0.0, 0.4679242770592329, 0.8950087000799046, 1.0, 0.8997704268199417, 0.05958047059436832, 0.0018738151921216528, 0.001770831383444648, 0.002068577246486781, 0.0, 0.0, 0.0, 0.0, 0.0, 0.0, 
0.0, 0.0, 0.0, 0.0, 0.0, 0.0, 0.0, 0.0, 0.0, 0.0, 0.6220730642579885, 0.012680293990668865, 0.0, 0.0, 0.42753901756827445, 0.8713901205918351, 1.0, 0.94074502749222, 0.06221278993347224, 0.0, 0.0, 0.0, 0.0, 0.0, 0.0, 0.0, 0.0, 0.0, 
0.0, 0.0, 0.0, 0.0, 0.0, 0.0, 0.0, 0.0, 0.0, 0.0, 0.6422142796087275, 0.017169938919699628, 0.0, 0.0027314286201658507, 0.4285160544924336, 0.8233523917920288, 1.0, 0.9098912589223459, 0.06477313695572841, 0.0, 0.0, 0.0, 0.0, 0.0, 0.0, 0.0, 0.0, 0.0, 
0.0, 0.0, 0.0, 0.0, 0.0, 0.0, 0.0, 0.0, 0.0, 0.0, 0.6623554949594664, 0.021659583848730388, 0.0, 0.005462857240331701, 0.4294930914165927, 0.7753146629922225, 1.0, 0.8790374903524718, 0.06733348397798458, 0.0, 0.0, 0.0, 0.0, 0.0, 0.0, 0.0, 0.0, 0.0, 
0.0, 0.0, 0.0, 0.0, 0.0, 0.0, 0.0, 0.0, 0.0, 0.0, 0.6824967103102055, 0.02614922877776115, 0.0, 0.008194285860497552, 0.4304701283407518, 0.7272769341924162, 1.0, 0.8481837217825976, 0.06989383100024076, 0.0, 0.0, 0.0, 0.0, 0.0, 0.0, 0.0, 0.0, 0.0, 
0.0, 0.0, 0.0, 0.0, 0.0, 0.0, 0.0, 0.0, 0.0, 0.0, 0.7026379256609445, 0.030638873706791914, 0.0, 0.010925714480663403, 0.43144716526491095, 0.67923920539261, 1.0, 0.8173299532127235, 0.07245417802249693, 0.0, 0.0, 0.0, 0.0, 0.0, 0.0, 0.0, 0.0, 0.0, 
0.0, 0.0, 0.0, 0.0, 0.0, 0.0, 0.0, 0.0, 0.0, 0.0, 0.7227791410116835, 0.03512851863582268, 0.0, 0.013657143100829253, 0.4324242021890701, 0.6312014765928037, 1.0, 0.7864761846428494, 0.0750145250447531, 0.0, 0.0, 0.0, 0.0, 0.0, 0.0, 0.0, 0.0, 0.0, 
0.0, 0.0, 0.0, 0.0, 0.0046226699208276115, 0.0, 0.0, 0.006602982482239052, 0.0, 0.0008740097975080161, 0.7665224543375962, 0.029099111945945336, 0.0, 0.010925714480663403, 0.4559865850915883, 0.6224202362200305, 1.0, 0.7819654641933964, 0.07329852944103969, 0.0, 0.0, 0.09554627061407657, 0.0, 0.0, 0.0, 0.0, 0.0, 0.0, 
0.0, 0.0, 0.0, 0.0, 0.009245339841655223, 0.0, 0.0, 0.013205964964478104, 0.0, 0.0017480195950160323, 0.810265767663509, 0.023069705256067996, 0.0, 0.00819428586049755, 0.47954896799410646, 0.6136389958472572, 1.0, 0.7774547437439434, 0.07158253383732628, 0.0, 0.0, 0.19109254122815314, 0.0, 0.0, 0.0, 0.0, 0.0, 0.0, 
0.0, 0.0, 0.0, 0.0, 0.013868009762482834, 0.0, 0.0, 0.019808947446717157, 0.0, 0.0026220293925240485, 0.8540090809894216, 0.01704029856619066, 0.0, 0.0054628572403317005, 0.5031113508966247, 0.6048577554744841, 1.0, 0.7729440232944903, 0.06986653823361286, 0.0, 0.0, 0.2866388118422297, 0.0, 0.0, 0.0, 0.0, 0.0, 0.0, 
0.0, 0.0, 0.0, 0.0, 0.018490679683310446, 0.0, 0.0, 0.026411929928956208, 0.0, 0.0034960391900320646, 0.8977523943153344, 0.011010891876313319, 0.0, 0.0027314286201658503, 0.5266737337991428, 0.5960765151017108, 1.0, 0.7684333028450373, 0.06815054262989945, 0.0, 0.0, 0.3821850824563063, 0.0, 0.0, 0.0, 0.0, 0.0, 0.0, 
0.0, 0.0, 0.0, 0.0, 0.023113349604138057, 0.0, 0.0, 0.03301491241119526, 0.0, 0.004370048987540081, 0.9414957076412471, 0.004981485186435978, 0.0, 0.0, 0.5502361167016611, 0.5872952747289376, 1.0, 0.7639225823955843, 0.06643454702618604, 0.0, 0.0, 0.47773135307038284, 0.0, 0.0, 0.0, 0.0, 0.0, 0.0, 
0.0, 0.0, 0.0, 0.0, 0.019361056215058566, 0.0, 0.0, 0.026411929928956208, 0.0, 0.008231819834512363, 0.916164261345909, 0.01148412655824271, 0.0017919965618488742, 0.00983617482096854, 0.441100115407529, 0.569293414937625, 0.9761335520299282, 0.8111380659164674, 0.06249285360916652, 0.0, 0.0, 0.4736133042301944, 0.0, 0.0, 0.0, 0.0, 0.0, 0.0, 
0.0, 0.0, 0.0, 0.0, 0.015608762825979073, 0.0, 0.0, 0.019808947446717157, 0.0, 0.012093590681484644, 0.8908328150505709, 0.017986767930049444, 0.0035839931236977484, 0.01967234964193708, 0.331964114113397, 0.5512915551463125, 0.9522671040598566, 0.8583535494373505, 0.058551160192147, 0.0, 0.0, 0.46949525539000597, 0.0, 0.0, 0.0, 0.0, 0.0, 0.0, 
0.0, 0.0, 0.0, 0.0, 0.01185646943689958, 0.0, 0.0, 0.013205964964478102, 0.0, 0.015955361528456925, 0.8655013687552329, 0.024489409301856176, 0.005375989685546622, 0.029508524462905618, 0.22282811281926496, 0.5332896953549998, 0.9284006560897848, 0.9055690329582338, 0.054609466775127485, 0.0, 0.0, 0.4653772065498175, 0.0, 0.0, 0.0, 0.0, 0.0, 0.0, 
0.0, 0.0, 0.0, 0.0, 0.00810417604782009, 0.0, 0.0, 0.006602982482239051, 0.0, 0.01981713237542921, 0.8401699224598947, 0.03099205067366291, 0.007167986247395497, 0.03934469928387416, 0.11369211152513292, 0.5152878355636873, 0.9045342081197132, 0.9527845164791169, 0.050667773358107966, 0.0, 0.0, 0.4612591577096291, 0.0, 0.0, 0.0, 0.0, 0.0, 0.0, 
0.0, 0.0, 0.0, 0.0, 0.0043518826587406, 0.0, 0.0, 0.0, 0.0, 0.023678903222401487, 0.8148384761645566, 0.037494692045469645, 0.008959982809244371, 0.049180874104842696, 0.004556110231000833, 0.49728597577237466, 0.8806677601496414, 1.0, 0.04672607994108845, 0.0, 0.0, 0.45714110886944065, 0.0, 0.0, 0.0, 0.0, 0.0, 0.0, 
0.0, 0.0, 0.0, 0.0, 0.00348150612699248, 0.0, 0.0, 0.005502454013956091, 0.0, 0.14362062209480675, 0.758168849240867, 0.04496265104152061, 0.013283268247687522, 0.04819927275204747, 0.11120329243588244, 0.49864282477790955, 0.8312092900799573, 1.0, 0.05624664839858394, 0.0, 0.0037755197818095977, 0.37315437728727996, 0.0, 0.0, 0.0, 0.0, 0.0, 0.0, 
0.0, 0.0, 0.0, 0.0, 0.00261112959524436, 0.0, 0.0, 0.011004908027912182, 0.0, 0.263562340967212, 0.7014992223171774, 0.05243061003757159, 0.017606553686130674, 0.04721767139925224, 0.21785047464076404, 0.4999996737834445, 0.7817508200102732, 1.0, 0.06576721685607943, 0.0, 0.007551039563619195, 0.2891676457051192, 0.0, 0.0, 0.0, 0.0, 0.0, 0.0, 
0.0, 0.0, 0.0, 0.0, 0.0017407530634962398, 0.0, 0.0, 0.016507362041868274, 0.0, 0.38350405983961733, 0.6448295953934879, 0.059898569033622555, 0.021929839124573823, 0.046236070046457, 0.32449765684564563, 0.5013565227889795, 0.732292349940589, 1.0, 0.07528778531357493, 0.0, 0.011326559345428793, 0.20518091412295852, 0.0, 0.0, 0.0, 0.0, 0.0, 0.0, 
0.0, 0.0, 0.0, 0.0, 0.0008703765317481199, 0.0, 0.0, 0.022009816055824364, 0.0, 0.5034457787120226, 0.5881599684697983, 0.06736652802967352, 0.026253124563016976, 0.04525446869366177, 0.43114483905052725, 0.5027133717945144, 0.6828338798709048, 1.0, 0.08480835377107042, 0.0, 0.01510207912723839, 0.12119418254079778, 0.0, 0.0, 0.0, 0.0, 0.0, 0.0, 
0.0, 0.0, 0.0, 0.0, 0.0, 0.0, 0.0, 0.027512270069780454, 0.0, 0.6233874975844278, 0.5314903415461087, 0.0748344870257245, 0.030576410001460125, 0.044272867340866544, 0.5377920212554089, 0.5040702208000493, 0.6333754098012208, 1.0, 0.09432892222856591, 0.0, 0.01887759890904799, 0.03720745095863706, 0.0, 0.0, 0.0, 0.0, 0.0, 0.0, 
0.0, 0.0, 0.10494479785815018, 0.10701451262472281, 0.09445796158033318, 0.09834702094816494, 0.09607712124045355, 0.14889271904378976, 0.11879905981353452, 0.6307673135005424, 0.5432805931988681, 0.07742815693729305, 0.0244611280011681, 0.1835842340266361, 0.5630276511116875, 0.4919922687226036, 0.644561641508076, 1.0, 0.09575220755138611, 0.0, 0.02174690313141735, 0.13070125189334947, 0.0, 0.0, 0.0, 0.0, 0.0, 0.0, 
0.0, 0.0, 0.20988959571630036, 0.21402902524944561, 0.18891592316066635, 0.19669404189632989, 0.1921542424809071, 0.27027316801779905, 0.23759811962706903, 0.6381471294166571, 0.5550708448516276, 0.0800218268488616, 0.018345846000876076, 0.32289560071240564, 0.5882632809679662, 0.47991431664515793, 0.6557478732149312, 1.0, 0.09717549287420629, 0.0, 0.024616207353786716, 0.2241950528280619, 0.0, 0.0, 0.0, 0.0, 0.0, 0.0, 
0.0, 0.0, 0.31483439357445053, 0.3210435378741684, 0.28337388474099956, 0.29504106284449483, 0.28823136372136066, 0.3916536169918084, 0.35639717944060356, 0.6455269453327717, 0.566861096504387, 0.08261549676043015, 0.01223056400058405, 0.4622069673981752, 0.6134989108242448, 0.46783636456771227, 0.6669341049217865, 0.9999999999999999, 0.09859877819702649, 0.0, 0.02748551157615608, 0.31768885376277434, 0.0, 0.0, 0.0, 0.0, 0.0, 0.0, 
0.0, 0.0, 0.41977919143260073, 0.42805805049889123, 0.3778318463213327, 0.39338808379265977, 0.3843084849618142, 0.5130340659658177, 0.47519623925413806, 0.6529067612488864, 0.5786513481571465, 0.0852091666719987, 0.0061152820002920265, 0.6015183340839447, 0.6387345406805235, 0.4557584124902666, 0.6781203366286417, 0.9999999999999999, 0.10002206351984667, 0.0, 0.03035481579852544, 0.4111826546974867, 0.0, 0.0, 0.0, 0.0, 0.0, 0.0, 
0.0, 0.0, 0.5247239892907509, 0.5350725631236141, 0.4722898079016659, 0.4917351047408247, 0.4803856062022677, 0.6344145149398269, 0.5939952990676726, 0.6602865771650009, 0.5904415998099058, 0.08780283658356725, 0.0, 0.7408297007697142, 0.6639701705368021, 0.44368046041282094, 0.689306568335497, 0.9999999999999999, 0.10144534884266687, 0.0, 0.0332241200208948, 0.5046764556321992, 0.0, 0.0, 0.0, 0.0, 0.0, 0.0, 
0.0, 0.0, 0.4289468793274172, 0.5299361175986826, 0.3778318463213327, 0.39338808379265977, 0.38707049546902517, 0.5882408582382196, 0.5952729181533544, 0.6140707665401461, 0.562856294855423, 0.07110878395740708, 0.0, 0.5974444385028235, 0.667275822073419, 0.4789733518508298, 0.673965095032785, 0.9955396628890096, 0.2811562790741335, 0.0, 0.026579296016715843, 0.5015130672766527, 0.007913814411528006, 0.0, 0.0, 0.0, 0.0, 0.0, 
0.0, 0.0, 0.3331697693640835, 0.5247996720737512, 0.28337388474099956, 0.29504106284449483, 0.29375538473578267, 0.5420672015366123, 0.5965505372390362, 0.5678549559152912, 0.5352709899009401, 0.0544147313312469, 0.0, 0.45405917623593284, 0.6705814736100357, 0.5142662432888386, 0.658623621730073, 0.9910793257780194, 0.4608672093056001, 0.0, 0.019934472012536883, 0.49834967892110604, 0.015827628823056012, 0.0, 0.0, 0.0, 0.0, 0.0, 
0.0, 0.0, 0.23739265940074983, 0.5196632265488199, 0.18891592316066635, 0.19669404189632989, 0.2004402740025401, 0.4958935448350049, 0.5978281563247179, 0.5216391452904364, 0.5076856849464573, 0.037720678705086726, 0.0, 0.31067391396904215, 0.6738871251466526, 0.5495591347268474, 0.6432821484273612, 0.9866189886670291, 0.6405781395370668, 0.0, 0.01328964800835792, 0.4951862905655595, 0.02374144323458402, 0.0, 0.0, 0.0, 0.0, 0.0, 
0.0, 0.0, 0.1416155494374161, 0.5145267810238885, 0.0944579615803332, 0.09834702094816494, 0.10712516326929761, 0.4497198881333976, 0.5991057754103997, 0.47542333466558157, 0.4801003799919745, 0.021026626078926552, 0.0, 0.16728865170215146, 0.6771927766832694, 0.5848520261648562, 0.6279406751246492, 0.9821586515560389, 0.8202890697685333, 0.0, 0.00664482400417896, 0.49202290221001294, 0.031655257646112024, 0.0, 0.0, 0.0, 0.0, 0.0, 
0.0, 0.0, 0.045838439474082386, 0.5093903354989571, 0.0, 0.0, 0.013810052536055033, 0.40354623143179025, 0.6003833944960815, 0.4292075240407267, 0.45251507503749167, 0.004332573452766389, 0.0, 0.023903389435260852, 0.6804984282198863, 0.620144917602865, 0.6125992018219373, 0.9776983144450486, 0.9999999999999999, 0.0, 0.0, 0.48885951385446635, 0.03956907205764003, 0.0, 0.0, 0.0, 0.0, 0.0, 
0.0, 0.0, 0.03667075157926591, 0.503617428302994, 0.0, 0.011118400073350677, 0.011048042028844027, 0.4449186044862011, 0.5987894837276253, 0.35081822754637193, 0.371020629281978, 0.010671314645511569, 0.0, 0.02306582988833525, 0.679133050077051, 0.5963918277464804, 0.6113178136955996, 0.9152445773470426, 0.9999999999999999, 0.0, 0.0, 0.3938942282362264, 0.031655257646112024, 0.0, 0.0, 0.0, 0.0, 0.0, 
0.0, 0.0, 0.027503063684449432, 0.4978445211070311, 0.0, 0.022236800146701353, 0.00828603152163302, 0.4862909775406119, 0.5971955729591691, 0.27242893105201715, 0.28952618352646436, 0.01701005583825675, 0.0, 0.02222827034140964, 0.6777676719342158, 0.5726387378900957, 0.6100364255692619, 0.8527908402490364, 0.9999999999999999, 0.0, 0.0, 0.2989289426179864, 0.023741443234584016, 0.0, 0.0, 0.0, 0.0, 0.0, 
0.0, 0.0, 0.018335375789632957, 0.4920716139110681, 0.0, 0.033355200220052034, 0.005524021014422013, 0.5276633505950227, 0.5956016621907131, 0.19403963455766238, 0.20803173777095071, 0.02334879703100193, 0.0, 0.021390710794484038, 0.6764022937913806, 0.548885648033711, 0.608755037442924, 0.7903371031510303, 1.0, 0.0, 0.0, 0.2039636569997464, 0.01582762882305601, 0.0, 0.0, 0.0, 0.0, 0.0, 
0.0, 0.0, 0.009167687894816479, 0.4862987067151051, 0.0, 0.04447360029340271, 0.0027620105072110063, 0.5690357236494334, 0.5940077514222569, 0.1156503380633076, 0.12653729201543706, 0.02968753822374711, 0.0, 0.02055315124755843, 0.6750369156485454, 0.5251325581773264, 0.6074736493165863, 0.7278833660530242, 1.0, 0.0, 0.0, 0.10899837138150642, 0.007913814411528004, 0.0, 0.0, 0.0, 0.0, 0.0, 
0.0, 0.0, 0.0, 0.4805257995191421, 0.0, 0.05559200036675338, 0.0, 0.6104080967038443, 0.5924138406538008, 0.037261041568952845, 0.045042846259923455, 0.036026279416492286, 0.0, 0.019715591700632827, 0.6736715375057102, 0.5013794683209417, 0.6061922611902486, 0.6654296289550181, 1.0, 0.0, 0.0, 0.014033085763266447, 0.0, 0.0, 0.0, 0.0, 0.0, 0.0, 
0.0, 0.0, 0.0, 0.38817792152124064, 0.0, 0.04447360029340271, 0.0, 0.4944893056482305, 0.6095256258867241, 0.12270498975757083, 0.14915603254362592, 0.0373927547176004, 0.008833760689831058, 0.015772473360506262, 0.6360340331750736, 0.508319580079154, 0.49429740440283465, 0.6791566853166886, 1.0, 0.0, 0.0, 0.011226468610613157, 0.0, 0.0, 0.0, 0.0, 0.0, 0.0, 
0.0, 0.0, 0.0, 0.29583004352333914, 0.0, 0.03335520022005203, 0.0, 0.3785705145926167, 0.6266374111196474, 0.2081489379461888, 0.2532692188273284, 0.03875923001870851, 0.017667521379662116, 0.011829355020379696, 0.5983965288444368, 0.5152596918373664, 0.3824025476154207, 0.692883741678359, 1.0, 0.0, 0.0, 0.008419851457959869, 0.0, 0.0, 0.0, 0.0, 0.0, 0.0, 
0.0, 0.0, 0.0, 0.20348216552543763, 0.0, 0.022236800146701347, 0.0, 0.26265172353700283, 0.6437491963525708, 0.2935928861348067, 0.35738240511103087, 0.04012570531981663, 0.026501282069493176, 0.00788623668025313, 0.5607590245138001, 0.5221998035955787, 0.27050769082800674, 0.7066107980400295, 0.9999999999999999, 0.0, 0.0, 0.00561323430530658, 0.0, 0.0, 0.0, 0.0, 0.0, 0.0, 
0.0, 0.0, 0.0, 0.11113428752753618, 0.0, 0.011118400073350673, 0.0, 0.14673293248138902, 0.6608609815854941, 0.3790368343234247, 0.46149559139473334, 0.04149218062092474, 0.03533504275932423, 0.003943118340126565, 0.5231215201831635, 0.5291399153537911, 0.1586128340405928, 0.7203378544016998, 0.9999999999999999, 0.0, 0.0, 0.00280661715265329, 0.0, 0.0, 0.0, 0.0, 0.0, 0.0, 
0.0, 0.0, 0.0, 0.01878640952963469, 0.0, 0.0, 0.0, 0.03081414142577523, 0.6779727668184174, 0.46448078251204267, 0.5656087776784359, 0.042858655922032855, 0.04416880344915529, 0.0, 0.4854840158525268, 0.5360800271120034, 0.046717977253178875, 0.7340649107633703, 0.9999999999999999, 0.0, 0.0, 0.0, 0.0, 0.0, 0.0, 0.0, 0.0, 0.0, 
0.0, 0.0, 0.0, 0.015029127623707752, 0.0, 0.0, 0.0, 0.024651313140620183, 0.6462088672395534, 0.5111293607084344, 0.5535751059419792, 0.04393322992856419, 0.13708480941578477, 0.002771356012283123, 0.3883872126820215, 0.5314314875203893, 0.12197590025055556, 0.6718416248308713, 0.9999999999999999, 0.018747896487704755, 0.0, 0.0, 0.0, 0.07788596558499158, 0.0, 0.0, 0.0, 0.0, 
0.0, 0.0, 0.0, 0.011271845717780815, 0.0, 0.0, 0.0, 0.01848848485546514, 0.6144449676606892, 0.5577779389048262, 0.5415414342055226, 0.04500780393509553, 0.23000081538241424, 0.005542712024566246, 0.2912904095115161, 0.5267829479287751, 0.19723382324793226, 0.6096183388983722, 0.9999999999999999, 0.03749579297540951, 0.0, 0.0, 0.0, 0.15577193116998317, 0.0, 0.0, 0.0, 0.0, 
0.0, 0.0, 0.0, 0.007514563811853878, 0.0, 0.0, 0.0, 0.012325656570310095, 0.5826810680818252, 0.604426517101218, 0.5295077624690661, 0.04608237794162686, 0.32291682134904376, 0.008314068036849368, 0.19419360634101074, 0.5221344083371611, 0.2724917462453089, 0.5473950529658732, 1.0, 0.05624368946311427, 0.0, 0.0, 0.0, 0.23365789675497475, 0.0, 0.0, 0.0, 0.0, 
0.0, 0.0, 0.0, 0.003757281905926939, 0.0, 0.0, 0.0, 0.0061628282851550475, 0.550917168502961, 0.6510750952976097, 0.5174740907326094, 0.0471569519481582, 0.4158328273156732, 0.011085424049132491, 0.09709680317050534, 0.5174858687455469, 0.34774966924268563, 0.48517176703337417, 1.0, 0.07499158595081902, 0.0, 0.0, 0.0, 0.31154386233996634, 0.0, 0.0, 0.0, 0.0, 
0.0, 0.0, 0.0, 0.0, 0.0, 0.0, 0.0, 0.0, 0.519153268924097, 0.6977236734940014, 0.5054404189961528, 0.04823152595468953, 0.5087488332823027, 0.013856780061415615, 0.0, 0.5128373291539328, 0.42300759224006235, 0.42294848110087513, 1.0, 0.09373948243852377, 0.0, 0.0, 0.0, 0.3894298279249579, 0.0, 0.0, 0.0, 0.0, 
0.0, 0.0, 0.0, 0.0, 0.0026407416075374455, 0.0, 0.0, 0.0008679681203526332, 0.5383803953543893, 0.6692535319862316, 0.5144808238488513, 0.1439670189036968, 0.5110163270743806, 0.011085424049132491, 0.0008700727707891423, 0.5027387240519408, 0.3456529778300407, 0.4321538673086449, 0.9480358971583932, 0.27499158595081896, 0.0, 0.0, 0.0, 0.31154386233996634, 0.0, 0.0, 0.0, 0.08538283055155643, 
0.0, 0.0, 0.0, 0.0, 0.005281483215074891, 0.0, 0.0, 0.0017359362407052665, 0.5576075217846816, 0.6407833904784618, 0.5235212287015499, 0.23970251185270408, 0.5132838208664585, 0.008314068036849368, 0.0017401455415782846, 0.49264011894994875, 0.268298363420019, 0.4413592535164147, 0.8960717943167864, 0.45624368946311417, 0.0, 0.0, 0.0, 0.23365789675497473, 0.0, 0.0, 0.0, 0.17076566110311286, 
0.0, 0.0, 0.0, 0.0, 0.007922224822612336, 0.0, 0.0, 0.0026039043610578995, 0.5768346482149739, 0.612313248970692, 0.5325616335542485, 0.3354380048017113, 0.5155513146585365, 0.005542712024566247, 0.002610218312367427, 0.4825415138479567, 0.19094374900999733, 0.4505646397241844, 0.8441076914751795, 0.6374957929754095, 0.0, 0.0, 0.0, 0.15577193116998314, 0.0, 0.0, 0.0, 0.2561484916546693, 
0.0, 0.0, 0.0, 0.0, 0.010562966430149782, 0.0, 0.0, 0.003471872481410533, 0.5960617746452662, 0.583843107462922, 0.5416020384069471, 0.4311734977507186, 0.5178188084506145, 0.0027713560122831233, 0.0034802910831565692, 0.4724429087459647, 0.11358913459997566, 0.4597700259319542, 0.7921435886335727, 0.8187478964877046, 0.0, 0.0, 0.0, 0.07788596558499156, 0.0, 0.0, 0.0, 0.34153132220622573, 
0.0, 0.0, 0.0, 0.0, 0.013203708037687228, 0.0, 0.0, 0.004339840601763166, 0.6152889010755586, 0.5553729659551522, 0.5506424432596456, 0.5269089906997259, 0.5200863022426924, 0.0, 0.004350363853945711, 0.46234430364397266, 0.03623452018995401, 0.468975412139724, 0.7401794857919659, 0.9999999999999999, 0.0, 0.0, 0.0, 0.0, 0.0, 0.0, 0.0, 0.42691415275778216, 
0.0, 0.0, 0.0, 0.0, 0.016055682643252557, 0.0, 0.0, 0.003471872481410533, 0.592772291928439, 0.5396496996684119, 0.45205257188605175, 0.5448677344433763, 0.4247312737888294, 0.0009134880263391342, 0.0034802910831565692, 0.37431102332961985, 0.10106341793368226, 0.4750329570540146, 0.6929297169003706, 0.9999999999999999, 0.003320261146145511, 0.0, 0.0, 0.0, 0.0, 0.0, 0.0, 0.42608855629136944, 
0.0, 0.0, 0.0, 0.0, 0.018907657248817884, 0.0, 0.0, 0.0026039043610579, 0.5702556827813197, 0.5239264333816718, 0.3534627005124578, 0.5628264781870268, 0.32937624533496646, 0.0018269760526782683, 0.0026102183123674267, 0.2862777430152671, 0.1658923156774105, 0.4810905019683053, 0.6456799480087754, 0.9999999999999999, 0.006640522292291022, 0.0, 0.0, 0.0, 0.0, 0.0, 0.0, 0.4252629598249567, 
0.0, 0.0, 0.0, 0.0, 0.02175963185438321, 0.0, 0.0, 0.001735936240705267, 0.5477390736342002, 0.5082031670949315, 0.2548728291388639, 0.5807852219306774, 0.23402121688110356, 0.0027404640790174026, 0.0017401455415782842, 0.19824446270091428, 0.23072121342113874, 0.4871480468825959, 0.59843017911718, 1.0, 0.009960783438436534, 0.0, 0.0, 0.0, 0.0, 0.0, 0.0, 0.424437363358544, 
0.0, 0.0, 0.0, 0.0, 0.02461160645994854, 0.0, 0.0, 0.0008679681203526335, 0.5252224644870808, 0.4924799008081913, 0.15628295776527001, 0.5987439656743279, 0.1386661884272406, 0.0036539521053565367, 0.0008700727707891421, 0.11021118238656152, 0.29555011116486696, 0.49320559179688656, 0.5511804102255847, 1.0, 0.013281044584582045, 0.0, 0.0, 0.0, 0.0, 0.0, 0.0, 0.42361176689213126, 
0.0, 0.0, 0.0, 0.0, 0.02746358106551387, 0.0, 0.0, 0.0, 0.5027058553399613, 0.4767566345214511, 0.05769308639167608, 0.6167027094179783, 0.043311159973377665, 0.004567440131695671, 0.0, 0.0221779020722087, 0.3603790089085952, 0.49926313671117717, 0.5039306413339895, 1.0, 0.016601305730727555, 0.0, 0.0, 0.0, 0.0, 0.0, 0.0, 0.42278617042571853, 
0.0, 0.0, 0.0, 0.0, 0.021970864852411096, 0.0, 0.0, 0.0, 0.4165973627270203, 0.5345939636286628, 0.17774489115224829, 0.6178397692150468, 0.14264143285163672, 0.006731632568067957, 0.003660784075234324, 0.12263981478990048, 0.4013759900312266, 0.5166440056209508, 0.5213125893420647, 1.0, 0.16545283833494276, 0.0, 0.0, 0.0, 0.0, 0.0, 0.0, 0.3382289363405748, 
0.0, 0.0, 0.0, 0.0, 0.01647814863930832, 0.0, 0.0, 0.0, 0.3304888701140794, 0.5924312927358747, 0.2977966959128205, 0.6189768290121153, 0.2419717057298958, 0.008895825004440243, 0.007321568150468648, 0.22310172750759227, 0.44237297115385804, 0.5340248745307244, 0.53869453735014, 1.0, 0.314304370939158, 0.0, 0.0, 0.0, 0.0, 0.0, 0.0, 0.2536717022554311, 
0.0, 0.0, 0.0, 0.0, 0.010985432426205546, 0.0, 0.0, 0.0, 0.2443803775011385, 0.6502686218430864, 0.4178485006733927, 0.6201138888091838, 0.3413019786081548, 0.011060017440812529, 0.010982352225702971, 0.32356364022528405, 0.48336995227648943, 0.5514057434404982, 0.5560764853582152, 1.0, 0.46315590354337316, 0.0, 0.0, 0.0, 0.0, 0.0, 0.0, 0.1691144681702874, 
0.0, 0.0, 0.0, 0.0, 0.005492716213102773, 0.0, 0.0, 0.0, 0.15827188488819754, 0.7081059509502983, 0.5379003054339648, 0.6212509486062523, 0.4406322514864139, 0.013224209877184815, 0.014643136300937295, 0.42402555294297584, 0.5243669333991209, 0.5687866123502718, 0.5734584333662904, 1.0, 0.6120074361475885, 0.0, 0.0, 0.0, 0.0, 0.0, 0.0, 0.0845572340851437, 
0.0, 0.0, 0.0, 0.0, 0.0, 0.0, 0.0, 0.0, 0.0721633922752566, 0.76594328005751, 0.657952110194537, 0.6223880084033208, 0.539962524364673, 0.015388402313557101, 0.01830392037617162, 0.5244874656606676, 0.5653639145217523, 0.5861674812600455, 0.5908403813743657, 1.0, 0.7608589687518037, 0.0, 0.0, 0.0, 0.0, 0.0, 0.0, 0.0, 
0.012107449828269964, 0.0, 0.0, 0.0, 0.0, 0.0, 0.0, 0.08935722087364004, 0.07630069368340432, 0.7488844398308063, 0.637098597556121, 0.5016770178434464, 0.4400736754560692, 0.01540692202045159, 0.11908013832111503, 0.5316767127476387, 0.5499603357361404, 0.48023093709083353, 0.47919361717352726, 0.9727803140121339, 0.8086871750014429, 0.0, 0.0, 0.0, 0.0, 0.0, 0.0, 0.0, 
0.024214899656539928, 0.0, 0.0, 0.0, 0.0, 0.0, 0.0, 0.17871444174728007, 0.08043799509155203, 0.7318255996041027, 0.6162450849177049, 0.380966027283572, 0.3401848265474654, 0.015425441727346079, 0.21985635626605843, 0.5388659598346098, 0.5345567569505286, 0.3742943929216216, 0.36754685297268885, 0.945560628024268, 0.8565153812510822, 0.0, 0.0, 0.0, 0.0, 0.0, 0.0, 0.0, 
0.03632234948480989, 0.0, 0.0, 0.0, 0.0, 0.0, 0.0, 0.2680716626209201, 0.08457529649969975, 0.7147667593773989, 0.5953915722792888, 0.26025503672369765, 0.24029597763886157, 0.015443961434240568, 0.32063257421100183, 0.546055206921581, 0.5191531781649168, 0.26835784875240964, 0.25590008877185044, 0.9183409420364019, 0.9043435875007214, 0.0, 0.0, 0.0, 0.0, 0.0, 0.0, 0.0, 
0.048429799313079856, 0.0, 0.0, 0.0, 0.0, 0.0, 0.0, 0.35742888349456015, 0.08871259790784747, 0.6977079191506952, 0.5745380596408727, 0.13954404616382327, 0.1404071287302578, 0.015462481141135057, 0.42140879215594523, 0.5532444540085522, 0.503749599379305, 0.1624213045831977, 0.14425332457101203, 0.891121256048536, 0.9521717937503607, 0.0, 0.0, 0.0, 0.0, 0.0, 0.0, 0.0, 
0.06053724914134982, 0.0, 0.0, 0.0, 0.0, 0.0, 0.0, 0.4467861043682002, 0.09284989931599517, 0.6806490789239915, 0.5536845470024566, 0.01883305560394885, 0.04051827982165401, 0.015481000848029546, 0.5221850101008886, 0.5604337010955233, 0.4883460205936932, 0.05648476041398573, 0.03260656037017357, 0.8639015700606699, 0.9999999999999999, 0.0, 0.0, 0.0, 0.0, 0.0, 0.0, 0.0, 
0.048429799313079856, 0.0, 0.0, 0.0, 0.0, 0.0, 0.0008760565420867937, 0.3644266968469861, 0.07427991945279613, 0.5541256166262941, 0.5545768066136827, 0.018861755476932435, 0.03800046194066822, 0.01513454599808816, 0.5079223490598553, 0.5381940295425178, 0.3951712282076702, 0.06386134357097856, 0.02608524829613886, 0.6929361133198058, 0.9999999999999999, 0.0, 0.0, 0.0, 0.0, 0.0, 0.0, 0.0, 
0.03632234948480989, 0.0, 0.0, 0.0, 0.0, 0.0, 0.0017521130841735874, 0.28206728932577196, 0.05570993958959711, 0.4276021543285967, 0.5554690662249088, 0.01889045534991602, 0.035482644059682426, 0.014788091148146772, 0.4936596880188222, 0.5159543579895125, 0.30199643582164726, 0.07123792672797138, 0.019563936222104145, 0.5219706565789417, 0.9999999999999999, 0.0, 0.0, 0.0, 0.0, 0.0, 0.0, 0.0, 
0.02421489965653993, 0.0, 0.0, 0.0, 0.0, 0.0, 0.002628169626260381, 0.19970788180455779, 0.037139959726398074, 0.3010786920308993, 0.5563613258361347, 0.01891915522289961, 0.032964826178696637, 0.014441636298205386, 0.47939702697778896, 0.49371468643650707, 0.20882164343562426, 0.07861450988496421, 0.013042624148069427, 0.35100519983807754, 1.0, 0.0, 0.0, 0.0, 0.0, 0.0, 0.0, 0.0, 
0.012107449828269966, 0.0, 0.0, 0.0, 0.0, 0.0, 0.003504226168347175, 0.11734847428334366, 0.01856997986319904, 0.17455522973320192, 0.5572535854473608, 0.018947855095883193, 0.030447008297710843, 0.014095181448263999, 0.4651343659367558, 0.4714750148835017, 0.11564685104960126, 0.08599109304195705, 0.006521312074034714, 0.18003974309721338, 1.0, 0.0, 0.0, 0.0, 0.0, 0.0, 0.0, 0.0, 
0.0, 0.0, 0.0, 0.0, 0.0, 0.0, 0.004380282710433969, 0.03498906676212955, 0.0, 0.04803176743550456, 0.5581458450585869, 0.018976554968866778, 0.02792919041672505, 0.013748726598322613, 0.4508717048957226, 0.4492353433304963, 0.022472058663578286, 0.09336767619894988, 0.0, 0.00907428635634919, 1.0, 0.0, 0.0, 0.0, 0.0, 0.0, 0.0, 0.0, 
0.0, 0.0, 0.0, 0.0, 0.0, 0.0, 0.007076361306143083, 0.0351795771351098, 0.00279359341183467, 0.0443194971125484, 0.4465166760468695, 0.016139557628071396, 0.025054951522044393, 0.017227839146734206, 0.4594778266142462, 0.45014435518103707, 0.024522069557371635, 0.07469414095915991, 0.000939898702344044, 0.009145214947800673, 0.9930684929795511, 0.0, 0.0, 0.0, 0.0, 0.0, 0.0, 0.0, 
0.0, 0.0, 0.0, 0.0, 0.0, 0.0, 0.009772439901852196, 0.03537008750809005, 0.00558718682366934, 0.04060722678959224, 0.33488750703515213, 0.013302560287276015, 0.022180712627363736, 0.020706951695145796, 0.4680839483327698, 0.4510533670315778, 0.02657208045116499, 0.056020605719369926, 0.001879797404688088, 0.009216143539252158, 0.9861369859591023, 0.0, 0.0, 0.0, 0.0, 0.0, 0.0, 0.0, 
0.0, 0.0, 0.0, 0.0, 0.0, 0.0, 0.01246851849756131, 0.03556059788107029, 0.00838078023550401, 0.036894956466636084, 0.22325833802343475, 0.010465562946480635, 0.019306473732683082, 0.02418606424355739, 0.4766900700512934, 0.45196237888211854, 0.02862209134495834, 0.03734707047957995, 0.0028196961070321323, 0.009287072130703641, 0.9792054789386534, 0.0, 0.0, 0.0, 0.0, 0.0, 0.0, 0.0, 
0.0, 0.0, 0.0, 0.0, 0.0, 0.0, 0.015164597093270425, 0.03575110825405054, 0.01117437364733868, 0.03318268614367993, 0.11162916901171738, 0.007628565605685252, 0.016432234838002425, 0.027665176791968983, 0.485296191769817, 0.45287139073265925, 0.03067210223875169, 0.01867353523978997, 0.003759594809376176, 0.009358000722155126, 0.9722739719182045, 0.0, 0.0, 0.0, 0.0, 0.0, 0.0, 0.0, 
0.0, 0.0, 0.0, 0.0, 0.0, 0.0, 0.017860675688979536, 0.03594161862703079, 0.013967967059173352, 0.029470415820723773, 0.0, 0.004791568264889869, 0.01355799594332177, 0.031144289340380573, 0.49390231348834057, 0.4537804025832, 0.03272211313254504, 0.0, 0.00469949351172022, 0.009428929313606609, 0.9653424648977557, 0.0, 0.0, 0.0, 0.0, 0.0, 0.0, 0.0, 
0.0, 0.010366296837498862, 0.0, 0.0, 0.0, 0.0, 0.12841163894679972, 0.032763975676561544, 0.11736781829471374, 0.1463415297659835, 0.014723439026478467, 0.12099172461389314, 0.02013564063448803, 0.16491153572104233, 0.39599610177051187, 0.46818517343834937, 0.147491763171065, 0.010409691882628826, 0.02493956594710304, 0.012176514923574425, 0.9614443410145451, 0.0, 0.0, 0.0, 0.0, 0.0, 0.0, 0.0, 
0.0, 0.020732593674997725, 0.0, 0.0, 0.0, 0.0, 0.23896260220461987, 0.02958633272609229, 0.22076766953025412, 0.26321264371124325, 0.029446878052956933, 0.2371918809628964, 0.02671328532565429, 0.29867878210170407, 0.29808989005268316, 0.4825899442934987, 0.2622614132095849, 0.020819383765257653, 0.04517963838248586, 0.01492410053354224, 0.9575462171313346, 0.0, 0.0, 0.0, 0.0, 0.0, 0.0, 0.0, 
0.0, 0.031098890512496587, 0.0, 0.0, 0.0, 0.0, 0.34951356546244006, 0.02640868977562304, 0.32416752076579447, 0.380083757656503, 0.0441703170794354, 0.35339203731189966, 0.033290930016820555, 0.43244602848236585, 0.2001836783348544, 0.4969947151486481, 0.37703106324810487, 0.03122907564788648, 0.06541971081786867, 0.017671686143510057, 0.9536480932481239, 0.0, 0.0, 0.0, 0.0, 0.0, 0.0, 0.0, 
0.0, 0.04146518734999545, 0.0, 0.0, 0.0, 0.0, 0.4600645287202602, 0.02323104682515379, 0.4275673720013349, 0.4969548716017627, 0.058893756105913866, 0.46959219366090293, 0.03986857470798682, 0.5662132748630276, 0.10227746661702569, 0.5113994860037975, 0.4918007132866248, 0.041638767530515305, 0.08565978325325149, 0.020419271753477873, 0.9497499693649134, 0.0, 0.0, 0.0, 0.0, 0.0, 0.0, 0.0, 
0.0, 0.051831484187494316, 0.0, 0.0, 0.0, 0.0, 0.5706154919780804, 0.02005340387468454, 0.5309672232368753, 0.6138259855470224, 0.07361719513239233, 0.5857923500099063, 0.04644621939915308, 0.6999805212436894, 0.004371254899197002, 0.5258042568589468, 0.6065703633251447, 0.05204845941314413, 0.1058998556886343, 0.02316685736344569, 0.9458518454817029, 0.0, 0.0, 0.0, 0.0, 0.0, 0.0, 0.0, 
0.0, 0.05787337708952439, 0.0, 0.0, 0.0, 0.0, 0.607602713270114, 0.04092328470358068, 0.5474621377918487, 0.6271437621055325, 0.22460337770968675, 0.6121872875639706, 0.1880063109154889, 0.7474363236393894, 0.020363848952947093, 0.5434724050598766, 0.6212037300449074, 0.16135573740246256, 0.09066346624311461, 0.09881390002796091, 0.9412676005381887, 0.0, 0.005053602478710576, 0.007588113337091039, 0.0, 0.0, 0.005386060135241459, 0.08466805347453739, 
0.0, 0.06391526999155447, 0.0, 0.0, 0.0, 0.0, 0.6445899345621475, 0.06179316553247681, 0.5639570523468223, 0.6404615386640424, 0.37558956028698115, 0.6385822251180348, 0.32956640243182467, 0.7948921260350894, 0.03635644300669718, 0.5611405532608063, 0.63583709676467, 0.270663015391781, 0.07542707679759493, 0.17446094269247614, 0.9366833555946745, 0.0, 0.010107204957421153, 0.015176226674182077, 0.0, 0.0, 0.010772120270482919, 0.16933610694907478, 
0.0, 0.06995716289358454, 0.0, 0.0, 0.0, 0.0, 0.6815771558541811, 0.08266304636137295, 0.5804519669017957, 0.6537793152225525, 0.5265757428642756, 0.664977162672099, 0.47112649394816053, 0.8423479284307895, 0.05234903706044727, 0.578808701461736, 0.6504704634844326, 0.3799702933810994, 0.06019068735207524, 0.25010798535699136, 0.9320991106511605, 0.0, 0.01516080743613173, 0.022764340011273115, 0.0, 0.0, 0.01615818040572438, 0.2540041604236122, 
0.0, 0.07599905579561461, 0.0, 0.0, 0.0, 0.0, 0.7185643771462147, 0.10353292719026909, 0.5969468814567692, 0.6670970917810625, 0.6775619254415699, 0.6913721002261632, 0.6126865854644963, 0.8898037308264896, 0.06834163111419736, 0.5964768496626657, 0.6651038302041953, 0.48927757137041783, 0.04495429790655555, 0.3257550280215066, 0.9275148657076463, 0.0, 0.020214409914842305, 0.030352453348364155, 0.0, 0.0, 0.021544240540965837, 0.33867221389814955, 
0.0, 0.0820409486976447, 0.0, 0.0, 0.0, 0.0, 0.7555515984382483, 0.12440280801916523, 0.6134417960117426, 0.6804148683395725, 0.8285481080188642, 0.7177670377802275, 0.7542466769808321, 0.9372595332221896, 0.08433422516794745, 0.6141449978635954, 0.679737196923958, 0.5985848493597363, 0.02971790846103586, 0.4014020706860218, 0.9229306207641321, 0.0, 0.02526801239355288, 0.037940566685455195, 0.0, 0.0, 0.026930300676207296, 0.42334026737268693, 
0.0, 0.08039504388198007, 0.0, 0.0, 0.0, 0.0, 0.7596129435180685, 0.22544595333183, 0.498599294623247, 0.6399340188052154, 0.6788616726119207, 0.6974898171766369, 0.6159456851901803, 0.9498076265777516, 0.07975802775522124, 0.5855679889108649, 0.666330274553373, 0.612432692502013, 0.024705842462515365, 0.4228315879786647, 0.8502970791938215, 0.0, 0.020214409914842305, 0.030352453348364155, 0.0, 0.0, 0.024181709787376666, 0.3449594666678341, 
0.0, 0.07874913906631544, 0.0, 0.0, 0.0, 0.0, 0.7636742885978887, 0.3264890986444948, 0.3837567932347513, 0.5994531692708583, 0.5291752372049772, 0.6772125965730462, 0.4776446933995284, 0.9623557199333137, 0.07518183034249502, 0.5569909799581345, 0.6529233521827881, 0.6262805356442896, 0.019693776463994866, 0.4442611052713077, 0.7776635376235108, 0.0, 0.015160807436131728, 0.022764340011273115, 0.0, 0.0, 0.021433118898546037, 0.2665786659629813, 
0.0, 0.07710323425065081, 0.0, 0.0, 0.0, 0.0, 0.7677356336777089, 0.4275322439571596, 0.2689142918462557, 0.5589723197365013, 0.37948880179803357, 0.6569353759694556, 0.33934370160887656, 0.9749038132888759, 0.07060563292976882, 0.528413971005404, 0.6395164298122032, 0.6401283787865664, 0.014681710465474371, 0.4656906225639506, 0.7050299960532, 0.0, 0.010107204957421151, 0.01517622667418208, 0.0, 0.0, 0.018684528009715408, 0.18819786525812854, 
0.0, 0.07545732943498618, 0.0, 0.0, 0.0, 0.0, 0.7717969787575291, 0.5285753892698244, 0.15407179045776004, 0.5184914702021441, 0.22980236639108997, 0.6366581553658649, 0.2010427098182247, 0.9874519066444379, 0.06602943551704261, 0.4998369620526735, 0.6261095074416183, 0.653976221928843, 0.009669644466953876, 0.4871201398565935, 0.6323964544828894, 0.0, 0.0050536024787105754, 0.00758811333709104, 0.0, 0.0, 0.01593593712088478, 0.10981706455327572, 
0.0, 0.07381142461932155, 0.0, 0.0, 0.0, 0.0, 0.7758583238373493, 0.6296185345824892, 0.03922928906926441, 0.47801062066778705, 0.08011593098414636, 0.6163809347622743, 0.06274171802757289, 1.0, 0.0614532381043164, 0.471259953099943, 0.6127025850710334, 0.6678240650711197, 0.0046575784684333805, 0.5085496571492365, 0.5597629129125787, 0.0, 0.0, 0.0, 0.0, 0.0, 0.01318734623205415, 0.0314362638484229, 
0.0, 0.06257161922945167, 0.011957374244806092, 0.0008713065929054477, 0.0009274246777485614, 0.0, 0.631372994751612, 0.6656831076219927, 0.040027062795326786, 0.5195590810482659, 0.22831513834577982, 0.6375138222071448, 0.21388630422221963, 0.9923136707116118, 0.21639936384104175, 0.48415664655300783, 0.6172769881230782, 0.6717284570690746, 0.12013005881193557, 0.4968504690273409, 0.6139630974640314, 0.0, 0.0, 0.1105651518785408, 0.0, 0.0, 0.01054987698564332, 0.1106617299202926, 
0.0, 0.0513318138395818, 0.023914748489612184, 0.0017426131858108954, 0.0018548493554971228, 0.0, 0.4868876656658748, 0.7017476806614962, 0.04082483652138916, 0.5611075414287447, 0.37651434570741327, 0.6586467096520153, 0.36503089041686637, 0.9846273414232235, 0.3713454895777671, 0.4970533400060727, 0.6218513911751229, 0.6756328490670296, 0.23560253915543775, 0.48515128090544535, 0.6681632820154841, 0.0, 0.0, 0.2211303037570816, 0.0, 0.0, 0.00791240773923249, 0.1898871959921623, 
0.0, 0.04009200844971192, 0.035872122734418276, 0.0026139197787163433, 0.0027822740332456844, 0.0, 0.3424023365801376, 0.7378122537009997, 0.041622610247451536, 0.6026560018092235, 0.5247135530690467, 0.6797795970968858, 0.5161754766115131, 0.9769410121348353, 0.5262916153144924, 0.5099500334591376, 0.6264257942271677, 0.6795372410649845, 0.35107501949893993, 0.4734520927835497, 0.7223634665669367, 0.0, 0.0, 0.3316954556356224, 0.0, 0.0, 0.005274938492821658, 0.269112662064032, 
0.0, 0.02885220305984204, 0.04782949697922437, 0.0034852263716217908, 0.0037096987109942457, 0.0, 0.19791700749440033, 0.7738768267405032, 0.04242038397351391, 0.6442044621897024, 0.6729127604306802, 0.7009124845417564, 0.6673200628061599, 0.969254682846447, 0.6812377410512177, 0.5228467269122024, 0.6310001972792124, 0.6834416330629395, 0.46654749984244215, 0.46175290466165414, 0.7765636511183894, 0.0, 0.0, 0.4422606075141632, 0.0, 0.0, 0.002637469246410829, 0.3483381281359017, 
0.0, 0.01761239766997216, 0.05978687122403046, 0.004356532964527238, 0.004637123388742807, 0.0, 0.053431678408662975, 0.8099413997800067, 0.043218157699576286, 0.6857529225701813, 0.8211119677923137, 0.7220453719866269, 0.8184646490008066, 0.9615683535580588, 0.8361838667879431, 0.5357434203652672, 0.6355746003312572, 0.6873460250608944, 0.5820199801859444, 0.45005371653975856, 0.8307638356698421, 0.0, 0.0, 0.552825759392704, 0.0, 0.0, 0.0, 0.4275635942077714, 
0.0, 0.014089918135977727, 0.052940178518652535, 0.0034852263716217908, 0.0037096987109942457, 0.0, 0.05522655535512325, 0.7734722212860764, 0.03545924966621102, 0.550343281708957, 0.6628892104429256, 0.582943664759698, 0.7453556951358254, 0.7761945129652252, 0.678926409629635, 0.4285947362922138, 0.513226912271716, 0.6360278312383365, 0.46748070550679566, 0.36004297323180684, 0.6654985010635943, 0.0, 0.0, 0.4422606075141632, 0.0, 0.0, 0.09177840297002093, 0.42532536229246276, 
0.0, 0.010567438601983295, 0.04609348581327462, 0.002613919778716343, 0.0027822740332456844, 0.0, 0.05702143230158351, 0.7370030427921462, 0.02770034163284575, 0.4149336408477327, 0.5046664530935376, 0.44384195753276917, 0.6722467412708442, 0.5908206723723916, 0.521668952471327, 0.32144605221916034, 0.39087922421217486, 0.5847096374157786, 0.3529414308276469, 0.2700322299238551, 0.5002331664573464, 0.0, 0.0, 0.33169545563562236, 0.0, 0.0, 0.18355680594004187, 0.4230871303771541, 
0.0, 0.0070449590679888645, 0.039246793107896694, 0.001742613185810895, 0.0018548493554971226, 0.0, 0.058816309248043784, 0.700533864298216, 0.019941433599480488, 0.27952399998650845, 0.3464436957441496, 0.3047402503058403, 0.599137787405863, 0.40544683177955787, 0.36441149531301903, 0.2142973681461069, 0.2685315361526337, 0.5333914435932208, 0.23840215614849813, 0.18002148661590345, 0.3349678318510985, 0.0, 0.0, 0.22113030375708154, 0.0, 0.0, 0.2753352089100628, 0.42084889846184553, 
0.0, 0.0035224795339944322, 0.03240010040251877, 0.0008713065929054475, 0.0009274246777485613, 0.0, 0.06061118619450405, 0.6640646858042858, 0.01218252556611522, 0.14411435912528414, 0.18822093839476162, 0.16563854307891146, 0.5260288335408818, 0.2200729911867243, 0.207154038154711, 0.10714868407305345, 0.14618384809309248, 0.4820732497706628, 0.12386288146934943, 0.09001074330795172, 0.16970249724485065, 0.0, 0.0, 0.11056515187854077, 0.0, 0.0, 0.36711361188008373, 0.4186106665465369, 
0.0, 0.0, 0.025553407697140856, 0.0, 0.0, 0.0, 0.06240606314096432, 0.6275955073103555, 0.0044236175327499565, 0.008704718264059805, 0.029998181045373516, 0.026536835851982625, 0.45291987967590064, 0.03469915059389062, 0.04989658099640309, 0.0, 0.023836160033551258, 0.4307550559481049, 0.009323606790200716, 0.0, 0.004437162638602707, 0.0, 0.0, 0.0, 0.0, 0.0, 0.45889201485010467, 0.41637243463122825, 
0.0, 0.0, 0.0368469203821958, 0.0, 0.0, 0.0, 0.04992485051277146, 0.7020764058482845, 0.00787541868210294, 0.022609300097478892, 0.1539465841704351, 0.17028403531016562, 0.49667564945248954, 0.034630380899944746, 0.22930414158028584, 0.11676548774811343, 0.027389209827677685, 0.4589899697109784, 0.13897475222202044, 0.0, 0.0035497301108821655, 0.0, 0.0, 0.0, 0.0, 0.0, 0.3733039919786333, 0.4307225187013803, 
0.0, 0.0, 0.04814043306725074, 0.0, 0.0, 0.0, 0.03744363788457859, 0.7765573043862133, 0.011327219831455924, 0.03651388193089798, 0.27789498729549666, 0.3140312347683486, 0.5404314192290784, 0.03456161120599887, 0.4087117021641686, 0.23353097549622687, 0.030942259621804115, 0.48722488347385184, 0.26862589765384015, 0.0, 0.002662297583161624, 0.0, 0.0, 0.0, 0.0, 0.0, 0.2877159691071619, 0.44507260277153227, 
0.0, 0.0, 0.05943394575230569, 0.0, 0.0, 0.0, 0.02496242525638573, 0.8510382029241422, 0.014779020980808907, 0.050418463764317065, 0.4018433904205582, 0.4577784342265316, 0.5841871890056674, 0.034492841512053, 0.5881192627480513, 0.3502964632443403, 0.03449530941593054, 0.5154597972367253, 0.39827704308565987, 0.0, 0.0017748650554410828, 0.0, 0.0, 0.0, 0.0, 0.0, 0.20212794623569058, 0.4594226868416843, 
0.0, 0.0, 0.07072745843736063, 0.0, 0.0, 0.0, 0.012481212628192864, 0.9255191014620712, 0.01823082213016189, 0.06432304559773616, 0.5257917935456199, 0.6015256336847146, 0.6279429587822563, 0.034424071818107124, 0.767526823331934, 0.46706195099245373, 0.03804835921005697, 0.5436947109995988, 0.5279281885174796, 0.0, 0.0008874325277205414, 0.0, 0.0, 0.0, 0.0, 0.0, 0.1165399233642192, 0.4737727709118363, 
0.0, 0.0, 0.08202097112241558, 0.0, 0.0, 0.0, 0.0, 1.0, 0.021682623279514875, 0.07822762743115524, 0.6497401966706815, 0.7452728331428976, 0.6716987285588452, 0.03435530212416125, 0.9469343839158167, 0.5838274387405672, 0.041601409004183396, 0.5719296247624722, 0.6575793339492993, 0.0, 0.0, 0.0, 0.0, 0.0, 0.0, 0.0, 0.0309519004927478, 0.4881228549819883, 
0.0, 0.0, 0.06648852905489745, 0.0, 0.0, 0.0, 0.0, 1.0, 0.027290058451834256, 0.07248392037352874, 0.5275698964975545, 0.7151912777652089, 0.6328902859391082, 0.11705361514727314, 0.9541968157708057, 0.5859163663898977, 0.03716881744548148, 0.5612315025532136, 0.6271212924426961, 0.006799103842054795, 0.0926773012170051, 0.0, 0.0, 0.0, 0.0008742233784371208, 0.0, 0.02476152039419824, 0.4978420009949601, 
0.0, 0.0, 0.05095608698737932, 0.0, 0.0, 0.0, 0.0, 1.0, 0.03289749362415363, 0.06674021331590226, 0.40539959632442757, 0.68510972238752, 0.5940818433193714, 0.19975192817038503, 0.9614592476257947, 0.5880052940392282, 0.03273622588677956, 0.550533380343955, 0.5966632509360927, 0.01359820768410959, 0.1853546024340102, 0.0, 0.0, 0.0, 0.0017484467568742415, 0.0, 0.01857114029564868, 0.507561147007932, 
0.0, 0.0, 0.03542364491986119, 0.0, 0.0, 0.0, 0.0, 1.0, 0.03850492879647301, 0.060996506258275754, 0.28322929615130055, 0.6550281670098312, 0.5552734006996345, 0.28245024119349693, 0.9687216794807838, 0.5900942216885587, 0.028303634328077636, 0.5398352581346966, 0.5662052094294895, 0.020397311526164384, 0.27803190365101527, 0.0, 0.0, 0.0, 0.0026226701353113625, 0.0, 0.01238076019709912, 0.5172802930209038, 
0.0, 0.0, 0.019891202852343068, 0.0, 0.0, 0.0, 0.0, 1.0, 0.044112363968792395, 0.05525279920064925, 0.16105899597817358, 0.6249466116321424, 0.5164649580798977, 0.36514855421660886, 0.9759841113357728, 0.5921831493378892, 0.023871042769375718, 0.529137135925438, 0.5357471679228861, 0.02719641536821918, 0.3707092048680204, 0.0, 0.0, 0.0, 0.003496893513748483, 0.0, 0.00619038009854956, 0.5269994390338756, 
0.0, 0.0, 0.004358760784824951, 0.0, 0.0, 0.0, 0.0, 1.0, 0.04971979914111178, 0.04950909214302276, 0.038888695805046565, 0.5948650562544536, 0.47765651546016075, 0.4478468672397208, 0.9832465431907618, 0.5942720769872197, 0.0194384512106738, 0.5184390137161794, 0.5052891264162829, 0.033995519210273974, 0.46338650608502546, 0.0, 0.0, 0.0, 0.004371116892185604, 0.0, 0.0, 0.5367185850468474, 
0.0, 0.0, 0.003487008627859961, 0.0, 0.0, 0.0, 0.0, 1.0, 0.04548575073421654, 0.04750033424448956, 0.03446466616112302, 0.59999117555316, 0.3849283382845228, 0.36151857992770964, 0.9800261148667873, 0.5832319286321429, 0.017367464650213445, 0.41930701695198136, 0.41129776398871265, 0.02719641536821918, 0.478884925447509, 0.0, 0.0, 0.0, 0.003496893513748483, 0.0, 0.0, 0.4322251130480942, 
0.0, 0.0, 0.002615256470894971, 0.0, 0.0, 0.0, 0.0, 1.0, 0.0412517023273213, 0.04549157634595636, 0.030040636517199484, 0.6051172948518664, 0.2922001611088848, 0.27519029261569844, 0.9768056865428127, 0.5721917802770661, 0.015296478089753093, 0.32017502018778327, 0.3173064015611425, 0.020397311526164384, 0.4943833448099925, 0.0, 0.0, 0.0, 0.002622670135311362, 0.0, 0.0, 0.3277316410493409, 
0.0, 0.0, 0.0017435043139299809, 0.0, 0.0, 0.0, 0.0, 1.0, 0.037017653920426066, 0.04348281844742316, 0.025616606873275945, 0.6102434141505727, 0.1994719839332469, 0.18886200530368724, 0.9735852582188382, 0.5611516319219892, 0.013225491529292737, 0.22104302342358517, 0.2233150391335723, 0.01359820768410959, 0.509881764172476, 0.0, 0.0, 0.0, 0.001748446756874241, 0.0, 0.0, 0.22323816905058758, 
0.0, 0.0, 0.0008717521569649904, 0.0, 0.0, 0.0, 0.0, 1.0, 0.03278360551353082, 0.041474060548889954, 0.021192577229352402, 0.6153695334492791, 0.10674380675760892, 0.1025337179916761, 0.9703648298948637, 0.5501114835669124, 0.011154504968832383, 0.12191102665938713, 0.1293236767060021, 0.006799103842054795, 0.5253801835349595, 0.0, 0.0, 0.0, 0.0008742233784371205, 0.0, 0.0, 0.11874469705183432, 
0.0, 0.0, 0.0, 0.0, 0.0, 0.0, 0.0, 1.0, 0.02854955710663559, 0.039465302650356755, 0.016768547585428863, 0.6204956527479855, 0.01401562958197092, 0.016205430679664935, 0.9671444015708892, 0.5390713352118356, 0.00908351840837203, 0.022779029895189075, 0.03533231427843194, 0.0, 0.540878602897443, 0.0, 0.0, 0.0, 0.0, 0.0, 0.0, 0.014251225053081063, 
0.0, 0.0, 0.0, 0.0, 0.0, 0.0, 0.0, 0.9538474078036107, 0.04066178783563748, 0.03649237988351836, 0.021866183270289687, 0.5033250030742321, 0.011212503665576735, 0.013878291727665505, 0.9703844773046153, 0.4497618992045149, 0.012904248290478985, 0.10058597533774946, 0.028265851422745552, 0.0, 0.44073064149666996, 0.0, 0.0, 0.0, 0.002783631756366354, 0.0, 0.0, 0.013198608015528706, 
0.0, 0.0, 0.0, 0.0, 0.0, 0.0, 0.0, 0.9076948156072214, 0.05277401856463937, 0.03351945711667996, 0.026963818955150515, 0.3861543534004788, 0.008409377749182552, 0.011551152775666075, 0.9736245530383413, 0.3604524631971942, 0.01672497817258594, 0.17839292078030985, 0.021199388567059163, 0.0, 0.34058268009589693, 0.0, 0.0, 0.0, 0.005567263512732708, 0.0, 0.0, 0.01214599097797635, 
0.0, 0.0, 0.0, 0.0, 0.0, 0.0, 0.0, 0.8615422234108321, 0.06488624929364127, 0.030546534349841562, 0.03206145464001134, 0.26898370372672553, 0.005606251832788367, 0.009224013823666645, 0.9768646287720674, 0.2711430271898735, 0.0205457080546929, 0.2561998662228703, 0.014132925711372778, 0.0, 0.2404347186951239, 0.0, 0.0, 0.0, 0.008350895269099063, 0.0, 0.0, 0.011093373940423992, 
0.0, 0.0, 0.0, 0.0, 0.0, 0.0, 0.0, 0.8153896312144429, 0.07699848002264316, 0.027573611583003164, 0.03715909032487216, 0.15181305405297219, 0.0028031259163941846, 0.006896874871667215, 0.9801047045057933, 0.18183359118255282, 0.024366437936799854, 0.33400681166543067, 0.007066462855686389, 0.0, 0.1402867572943508, 0.0, 0.0, 0.0, 0.011134527025465416, 0.0, 0.0, 0.010040756902871636, 
0.0, 0.0, 0.0, 0.0, 0.0, 0.0, 0.0, 0.7692370390180535, 0.08911071075164505, 0.024600688816164767, 0.04225672600973299, 0.03464240437921885, 0.0, 0.004569735919667785, 0.9833447802395194, 0.09252415517523209, 0.02818716781890681, 0.41181375710799106, 0.0, 0.0, 0.04013879589357773, 0.0, 0.0, 0.0, 0.013918158781831771, 0.0, 0.0, 0.008988139865319279, 
0.0, 0.0, 0.0, 0.0010089168810420797, 0.0, 0.0, 0.0, 0.7909514301794713, 0.2547783934376454, 0.02886432274988292, 0.038663459137096526, 0.046572774258120224, 0.11539375579350727, 0.13816598833421004, 0.9800171573410471, 0.2740193241401857, 0.022549734255125447, 0.3350979461742779, 0.1119103923152642, 0.09586819718344475, 0.12339603105004084, 0.0, 0.0, 0.0, 0.011134527025465416, 0.0, 0.0, 0.012034141464472011, 
0.0, 0.0, 0.0, 0.0020178337620841594, 0.0, 0.0, 0.0, 0.8126658213408892, 0.42044607612364576, 0.03312795668360108, 0.03507019226446007, 0.058503144137021595, 0.23078751158701455, 0.2717622407487523, 0.9766895344425748, 0.4555144931051393, 0.016912300691344084, 0.25838213524056475, 0.2238207846305284, 0.1917363943668895, 0.20665326620650393, 0.0, 0.0, 0.0, 0.008350895269099063, 0.0, 0.0, 0.015080143063624745, 
0.0, 0.0, 0.0, 0.003026750643126239, 0.0, 0.0, 0.0, 0.834380212502307, 0.5861137588096461, 0.03739159061731923, 0.03147692539182361, 0.07043351401592297, 0.3461812673805218, 0.4053584931632946, 0.9733619115441023, 0.6370096620700929, 0.011274867127562725, 0.18166632430685165, 0.3357311769457926, 0.28760459155033424, 0.28991050136296703, 0.0, 0.0, 0.0, 0.005567263512732708, 0.0, 0.0, 0.018126144662777476, 
0.0, 0.0, 0.0, 0.004035667524168319, 0.0, 0.0, 0.0, 0.8560946036637249, 0.7517814414956464, 0.04165522455103739, 0.02788365851918715, 0.08236388389482435, 0.4615750231740291, 0.5389547455778368, 0.97003428864563, 0.8185048310350465, 0.005637433563781363, 0.10495051337313849, 0.4476415692610568, 0.383472788733779, 0.37316773651943014, 0.0, 0.0, 0.0, 0.002783631756366355, 0.0, 0.0, 0.02117214626193021, 
0.0, 0.0, 0.0, 0.005044584405210399, 0.0, 0.0, 0.0, 0.8778089948251427, 0.9174491241816467, 0.04591885848475554, 0.024290391646550693, 0.09429425377372572, 0.5769687789675364, 0.672550997992379, 0.9667066657471577, 1.0, 0.0, 0.028234702439425306, 0.559551961576321, 0.47934098591722374, 0.45642497167589324, 0.0, 0.0, 0.0, 0.0, 0.0, 0.0, 0.024218147861082943, 
