0.7511326795179764, 0.0, 0.0, 0.0, 0.0, 0.0, 0.0, 0.0, 0.0, 0.0, 0.0, 0.0, 0.0, 0.0, 0.0, 0.0, 0.0, 0.0, 0.0, 0.0, 0.0, 0.03310181085525975, 0.008167539917359915, 0.0, 0.0, 0.0, 0.0, 0.0018429831393097203, 
0.6518115445124394, 0.0, 0.0008973120248628191, 0.002656085766467829, 0.0, 0.0, 0.0, 0.002060240434879411, 0.07457938627904966, 0.07991726554890763, 0.0, 0.0, 0.0, 0.0, 0.0, 0.0009679736724295351, 0.13333333333333333, 0.0058841794922845645, 0.0, 0.0, 0.0, 0.03102852283109632, 0.008519605938030602, 0.0014187526366433918, 0.0, 0.0, 0.0, 0.0015972520540684242, 
0.5524904095069023, 0.0, 0.0017946240497256382, 0.005312171532935658, 0.0, 0.0, 0.0, 0.004120480869758822, 0.1491587725580993, 0.15983453109781526, 0.0, 0.0, 0.0, 0.0, 0.0, 0.0019359473448590703, 0.26666666666666666, 0.011768358984569129, 0.0, 0.0, 0.0, 0.02895523480693289, 0.00887167195870129, 0.0028375052732867835, 0.0, 0.0, 0.0, 0.0013515209688271283, 
0.45316927450136535, 0.0, 0.002691936074588457, 0.007968257299403488, 0.0, 0.0, 0.0, 0.006180721304638233, 0.22373815883714898, 0.2397517966467229, 0.0, 0.0, 0.0, 0.0, 0.0, 0.0029039210172886053, 0.4, 0.017652538476853694, 0.0, 0.0, 0.0, 0.02688194678276946, 0.009223737979371975, 0.004256257909930176, 0.0, 0.0, 0.0, 0.0011057898835858324, 
0.35384813949582833, 0.0, 0.0035892480994512764, 0.010624343065871317, 0.0, 0.0, 0.0, 0.008240961739517645, 0.2983175451161986, 0.3196690621956305, 0.0, 0.0, 0.0, 0.0, 0.0, 0.0038718946897181405, 0.5333333333333333, 0.023536717969138258, 0.0, 0.0, 0.0, 0.02480865875860603, 0.009575804000042662, 0.005675010546573567, 0.0, 0.0, 0.0, 0.0008600587983445362, 
0.2545270044902913, 0.0, 0.004486560124314095, 0.013280428832339146, 0.0, 0.0, 0.0, 0.010301202174397056, 0.37289693139524827, 0.3995863277445382, 0.0, 0.0, 0.0, 0.0, 0.0, 0.004839868362147675, 0.6666666666666666, 0.02942089746142282, 0.0, 0.0, 0.0, 0.022735370734442602, 0.00992787002071335, 0.007093763183216958, 0.0, 0.0, 0.0, 0.0006143277131032401, 
0.15520586948475434, 0.0, 0.005383872149176914, 0.015936514598806975, 0.0, 0.0, 0.0, 0.012361442609276466, 0.44747631767429796, 0.4795035932934458, 0.0, 0.0, 0.0, 0.0, 0.0, 0.005807842034577211, 0.8, 0.03530507695370739, 0.0, 0.0, 0.0, 0.020662082710279174, 0.010279936041384037, 0.008512515819860351, 0.0, 0.0, 0.0, 0.0003685966278619442, 
0.05588473447921727, 0.0, 0.0062811841740397336, 0.018592600365274804, 0.0, 0.0, 0.0, 0.014421683044155878, 0.5220557039533475, 0.5594208588423534, 0.0, 0.0, 0.0, 0.0, 0.0, 0.006775815707006746, 0.9333333333333333, 0.04118925644599195, 0.0, 0.0, 0.0, 0.018588794686115746, 0.010632002062054724, 0.009931268456503743, 0.0, 0.0, 0.0, 0.00012286554262064828, 
0.005809222511352231, 0.0, 0.0062811841740397336, 0.018592600365274804, 0.0, 0.0, 0.0, 0.014421683044155878, 0.5220557039533477, 0.5594208588423535, 0.0, 0.0, 0.0, 0.0, 0.00028602987202526, 0.006775815707006747, 1.0, 0.10578034977877465, 0.0, 0.0, 0.0, 0.016382007295765093, 0.010087499400897395, 0.010160696897504356, 0.0, 0.0, 0.0, 0.0, 
0.004979333581159055, 0.0, 0.005383872149176914, 0.015936514598806975, 0.0, 0.0, 0.0, 0.012361442609276466, 0.44747631767429796, 0.47950359329344583, 0.0, 0.0, 0.0, 0.0, 0.0008580896160757799, 0.0058078420345772114, 1.0, 0.22907835695205547, 0.0, 0.0, 0.0, 0.014041720539227222, 0.008646428057912053, 0.00920080114286219, 0.0, 0.0, 0.0, 0.0, 
0.004149444650965879, 0.0, 0.004486560124314096, 0.013280428832339146, 0.0, 0.0, 0.0, 0.010301202174397055, 0.3728969313952483, 0.3995863277445382, 0.0, 0.0, 0.0, 0.0, 0.0014301493601262998, 0.004839868362147676, 1.0, 0.35237636412533624, 0.0, 0.0, 0.0, 0.011701433782689351, 0.007205356714926711, 0.008240905388220025, 0.0, 0.0, 0.0, 0.0, 
0.0033195557207727033, 0.0, 0.0035892480994512764, 0.010624343065871317, 0.0, 0.0, 0.0, 0.008240961739517645, 0.2983175451161987, 0.31966906219563057, 0.0, 0.0, 0.0, 0.0, 0.00200220910417682, 0.003871894689718141, 1.0, 0.4756743712986171, 0.0, 0.0, 0.0, 0.009361147026151482, 0.005764285371941368, 0.00728100963357786, 0.0, 0.0, 0.0, 0.0, 
0.0024896667905795274, 0.0, 0.0026919360745884576, 0.007968257299403488, 0.0, 0.0, 0.0, 0.006180721304638233, 0.22373815883714898, 0.23975179664672291, 0.0, 0.0, 0.0, 0.0, 0.0025742688482273397, 0.0029039210172886057, 1.0, 0.5989723784718979, 0.0, 0.0, 0.0, 0.007020860269613611, 0.0043232140289560265, 0.006321113878935695, 0.0, 0.0, 0.0, 0.0, 
0.0016597778603863519, 0.0, 0.0017946240497256384, 0.005312171532935658, 0.0, 0.0, 0.0, 0.0041204808697588215, 0.14915877255809934, 0.1598345310978153, 0.0, 0.0, 0.0, 0.0, 0.00314632859227786, 0.0019359473448590705, 1.0, 0.7222703856451788, 0.0, 0.0, 0.0, 0.00468057351307574, 0.0028821426859706838, 0.0053612181242935295, 0.0, 0.0, 0.0, 0.0, 
0.0008298889301931759, 0.0, 0.0008973120248628192, 0.002656085766467829, 0.0, 0.0, 0.0, 0.0020602404348794116, 0.0745793862790497, 0.07991726554890766, 0.0, 0.0, 0.0, 0.0, 0.0037183883363283796, 0.0009679736724295352, 1.0, 0.8455683928184595, 0.0, 0.0, 0.0, 0.002340286756537871, 0.0014410713429853419, 0.004401322369651364, 0.0, 0.0, 0.0, 0.0, 
0.0, 0.0, 0.0, 0.0, 0.0, 0.0, 0.0, 0.0, 0.0, 0.0, 0.0, 0.0, 0.0, 0.0, 0.004290448080378899, 0.0, 1.0, 0.9688663999917404, 0.0, 0.0, 0.0, 0.0, 0.0, 0.0034414266150091985, 0.0, 0.0, 0.0, 0.0, 
0.0, 0.0, 0.0, 0.0, 0.0, 0.0, 0.0, 0.0, 0.0, 0.0001540324542432378, 0.005540928436537324, 0.0, 0.0, 0.0, 0.0037183883363283796, 0.0, 0.9945940017651705, 0.9730175466595083, 0.0, 0.0, 0.0, 0.0, 0.0, 0.003434886686348695, 0.0, 0.0, 0.0, 0.0, 
0.0, 0.0, 0.0, 0.0, 0.0, 0.0, 0.0, 0.0, 0.0, 0.0003080649084864756, 0.011081856873074648, 0.0, 0.0, 0.0, 0.0031463285922778595, 0.0, 0.9891880035303411, 0.9771686933272763, 0.0, 0.0, 0.0, 0.0, 0.0, 0.003428346757688192, 0.0, 0.0, 0.0, 0.0, 
0.0, 0.0, 0.0, 0.0, 0.0, 0.0, 0.0, 0.0, 0.0, 0.0004620973627297134, 0.016622785309611973, 0.0, 0.0, 0.0, 0.0025742688482273393, 0.0, 0.9837820052955115, 0.9813198399950442, 0.0, 0.0, 0.0, 0.0, 0.0, 0.0034218068290276884, 0.0, 0.0, 0.0, 0.0, 
0.0, 0.0, 0.0, 0.0, 0.0, 0.0, 0.0, 0.0, 0.0, 0.0006161298169729512, 0.022163713746149297, 0.0, 0.0, 0.0, 0.0020022091041768195, 0.0, 0.9783760070606821, 0.9854709866628121, 0.0, 0.0, 0.0, 0.0, 0.0, 0.0034152669003671846, 0.0, 0.0, 0.0, 0.0, 
0.0, 0.0, 0.0, 0.0, 0.0, 0.0, 0.0, 0.0, 0.0, 0.000770162271216189, 0.02770464218268662, 0.0, 0.0, 0.0, 0.0014301493601262998, 0.0, 0.9729700088258526, 0.98962213333058, 0.0, 0.0, 0.0, 0.0, 0.0, 0.003408726971706681, 0.0, 0.0, 0.0, 0.0, 
0.0, 0.0, 0.0, 0.0, 0.0, 0.0, 0.0, 0.0, 0.0, 0.0009241947254594268, 0.033245570619223945, 0.0, 0.0, 0.0, 0.0008580896160757796, 0.0, 0.9675640105910231, 0.993773279998348, 0.0, 0.0, 0.0, 0.0, 0.0, 0.003402187043046178, 0.0, 0.0, 0.0, 0.0, 
0.0, 0.0, 0.0, 0.0, 0.0, 0.0, 0.0, 0.0, 0.0, 0.0010782271797026646, 0.03878649905576127, 0.0, 0.0, 0.0, 0.00028602987202525944, 0.0, 0.9621580123561937, 0.9979244266661159, 0.0, 0.0, 0.0, 0.0, 0.0, 0.0033956471143856744, 0.0, 0.0, 0.0, 0.0, 
0.0, 0.0, 0.0, 0.0, 0.0, 0.0, 0.0, 0.0, 0.0, 0.0012192567982643203, 0.10545316572242794, 0.0, 0.0, 0.0, 0.0, 0.0, 0.9559112111403018, 0.9965046056157829, 0.0, 0.0, 0.0, 0.0, 0.0, 0.003748063146278525, 0.0, 0.0, 0.0, 0.0, 
0.0, 0.0, 0.0, 0.0, 0.0, 0.0, 0.0, 0.0, 0.0, 0.0013472835811443938, 0.23324557061922394, 0.0, 0.0, 0.0, 0.0, 0.0, 0.9488236069433474, 0.9895138168473488, 0.0, 0.0, 0.0, 0.0, 0.0, 0.004459435138724729, 0.0, 0.0, 0.0, 0.0, 
0.0, 0.0, 0.0, 0.0, 0.0, 0.0, 0.0, 0.0, 0.0, 0.0014753103640244673, 0.3610379755160199, 0.0, 0.0, 0.0, 0.0, 0.0, 0.9417360027463932, 0.9825230280789149, 0.0, 0.0, 0.0, 0.0, 0.0, 0.005170807131170935, 0.0, 0.0, 0.0, 0.0, 
0.0, 0.0, 0.0, 0.0, 0.0, 0.0, 0.0, 0.0, 0.0, 0.001603337146904541, 0.4888303804128159, 0.0, 0.0, 0.0, 0.0, 0.0, 0.9346483985494389, 0.9755322393104808, 0.0, 0.0, 0.0, 0.0, 0.0, 0.005882179123617139, 0.0, 0.0, 0.0, 0.0, 
0.0, 0.0, 0.0, 0.0, 0.0, 0.0, 0.0, 0.0, 0.0, 0.0017313639297846146, 0.6166227853096119, 0.0, 0.0, 0.0, 0.0, 0.0, 0.9275607943524846, 0.9685414505420469, 0.0, 0.0, 0.0, 0.0, 0.0, 0.006593551116063343, 0.0, 0.0, 0.0, 0.0, 
0.0, 0.0, 0.0, 0.0, 0.0, 0.0, 0.0, 0.0, 0.0, 0.0018593907126646884, 0.7444151902064079, 0.0, 0.0, 0.0, 0.0, 0.0, 0.9204731901555303, 0.9615506617736128, 0.0, 0.0, 0.0, 0.0, 0.0, 0.007304923108509548, 0.0, 0.0, 0.0, 0.0, 
0.0, 0.0, 0.0, 0.0, 0.0, 0.0, 0.0, 0.0, 0.0, 0.001987417495544762, 0.8722075951032039, 0.0, 0.0, 0.0, 0.0, 0.0, 0.9133855859585761, 0.9545598730051789, 0.0, 0.0, 0.0, 0.0, 0.0, 0.008016295100955752, 0.0, 0.0, 0.0, 0.0, 
0.0, 0.0, 0.0, 0.0, 0.0, 0.0, 0.0, 0.0, 0.0, 0.0021154442784248354, 0.9999999999999999, 0.0, 0.0, 0.0, 0.0, 0.0, 0.9062979817616218, 0.9475690842367448, 0.0, 0.0, 0.0, 0.0, 0.0, 0.008727667093401958, 0.0, 0.0, 0.0, 0.0, 
0.0, 0.0, 0.0, 0.0, 0.0, 0.0, 0.0, 0.0, 0.0, 0.0019563134870033256, 0.9999999999999999, 0.0, 0.0, 0.0, 0.0, 0.0, 0.8938542347042915, 0.933360902030907, 0.0, 0.0, 0.0, 0.0, 0.0, 0.00756397814761503, 0.0, 0.0, 0.0, 0.0, 
0.0, 0.0, 0.0, 0.0, 0.0, 0.0, 0.0, 0.0, 0.0, 0.0017971826955818157, 0.9999999999999999, 0.0, 0.0, 0.0, 0.0, 0.0, 0.8814104876469612, 0.9191527198250694, 0.0, 0.0, 0.0, 0.0, 0.0, 0.006400289201828103, 0.0, 0.0, 0.0, 0.0, 
0.0, 0.0, 0.0, 0.0, 0.0, 0.0, 0.0, 0.0, 0.0, 0.0016380519041603058, 0.9999999999999999, 0.0, 0.0, 0.0, 0.0, 0.0, 0.8689667405896309, 0.9049445376192317, 0.0, 0.0, 0.0, 0.0, 0.0, 0.0052366002560411745, 0.0, 0.0, 0.0, 0.0, 
0.0, 0.0, 0.0, 0.0, 0.0, 0.0, 0.0, 0.0, 0.0, 0.001478921112738796, 1.0, 0.0, 0.0, 0.0, 0.0, 0.0, 0.8565229935323005, 0.890736355413394, 0.0, 0.0, 0.0, 0.0, 0.0, 0.004072911310254247, 0.0, 0.0, 0.0, 0.0, 
0.0, 0.0, 0.0, 0.0, 0.0, 0.0, 0.0, 0.0, 0.0, 0.001319790321317286, 1.0, 0.0, 0.0, 0.0, 0.0, 0.0, 0.8440792464749702, 0.8765281732075563, 0.0, 0.0, 0.0, 0.0, 0.0, 0.0029092223644673195, 0.0, 0.0, 0.0, 0.0, 
0.0, 0.0, 0.0, 0.0, 0.0, 0.0, 0.0, 0.0, 0.0, 0.001160659529895776, 1.0, 0.0, 0.0, 0.0, 0.0, 0.0, 0.8316354994176399, 0.8623199910017185, 0.0, 0.0, 0.0, 0.0, 0.0, 0.0017455334186803912, 0.0, 0.0, 0.0, 0.0, 
0.0, 0.0, 0.0, 0.0, 0.0, 0.0, 0.0, 0.0, 0.0, 0.0010015287384742661, 1.0, 0.0, 0.0, 0.0, 0.0, 0.0, 0.8191917523603096, 0.8481118087958809, 0.0, 0.0, 0.0, 0.0, 0.0, 0.0005818444728934637, 0.0, 0.0, 0.0, 0.0, 
0.0, 0.0, 0.0, 0.0, 0.0, 0.0, 0.0, 0.0, 0.0, 0.0008604991199126106, 1.0, 0.0, 0.0, 0.0, 0.0, 0.0, 0.7606480495403215, 0.8245659335698373, 0.0, 0.0, 0.0, 0.0007221681483421845, 0.0, 0.0, 0.0, 0.0, 0.0, 0.0, 
0.0, 0.0, 0.0, 0.0, 0.0, 0.0, 0.0, 0.0, 0.0, 0.000737570674210809, 1.0, 0.0, 0.0, 0.0, 0.0, 0.0, 0.6560043909576755, 0.791682365323588, 0.0, 0.0, 0.0, 0.0021665044450265535, 0.0, 0.0, 0.0, 0.0, 0.0, 0.0, 
0.0, 0.0, 0.0, 0.0, 0.0, 0.0, 0.0, 0.0, 0.0, 0.0006146422285090075, 1.0, 0.0, 0.0, 0.0, 0.0, 0.0, 0.5513607323750296, 0.7587987970773388, 0.0, 0.0, 0.0, 0.0036108407417109224, 0.0, 0.0, 0.0, 0.0, 0.0, 0.0, 
0.0, 0.0, 0.0, 0.0, 0.0, 0.0, 0.0, 0.0, 0.0, 0.000491713782807206, 1.0, 0.0, 0.0, 0.0, 0.0, 0.0, 0.4467170737923835, 0.7259152288310894, 0.0, 0.0, 0.0, 0.005055177038395291, 0.0, 0.0, 0.0, 0.0, 0.0, 0.0, 
0.0, 0.0, 0.0, 0.0, 0.0, 0.0, 0.0, 0.0, 0.0, 0.0003687853371054045, 1.0, 0.0, 0.0, 0.0, 0.0, 0.0, 0.3420734152097375, 0.6930316605848401, 0.0, 0.0, 0.0, 0.00649951333507966, 0.0, 0.0, 0.0, 0.0, 0.0, 0.0, 
0.0, 0.0, 0.0, 0.0, 0.0, 0.0, 0.0, 0.0, 0.0, 0.000245856891403603, 1.0, 0.0, 0.0, 0.0, 0.0, 0.0, 0.23742975662709154, 0.6601480923385908, 0.0, 0.0, 0.0, 0.00794384963176403, 0.0, 0.0, 0.0, 0.0, 0.0, 0.0, 
0.0, 0.0, 0.0, 0.0, 0.0, 0.0, 0.0, 0.0, 0.0, 0.00012292844570180143, 1.0, 0.0, 0.0, 0.0, 0.0, 0.0, 0.13278609804444552, 0.6272645240923416, 0.0, 0.0, 0.0, 0.009388185928448398, 0.0, 0.0, 0.0, 0.0, 0.0, 0.0, 
0.0, 0.0, 0.0, 0.0, 0.0, 0.0, 0.0, 0.0, 0.0, 0.0, 1.0, 0.0, 0.0, 0.0, 0.0, 0.0, 0.028142439461799475, 0.5943809558460922, 0.0, 0.0, 0.0, 0.010832522225132767, 0.0, 0.0, 0.0, 0.0, 0.0, 0.0, 
0.0, 0.0, 0.0, 0.0, 0.0, 0.0, 0.0, 0.0, 0.0, 0.0, 1.0, 0.0014849397877966701, 0.0, 0.0, 0.0, 0.0, 0.026280943781973345, 0.5176170810270309, 0.0, 0.0, 0.0, 0.009388185928448398, 0.0, 0.0, 0.0, 0.0, 0.0, 0.0, 
0.0, 0.0, 0.0, 0.0, 0.0, 0.0, 0.0, 0.0, 0.0, 0.0, 1.0, 0.0029698795755933403, 0.0, 0.0, 0.0, 0.0, 0.024419448102147214, 0.44085320620796964, 0.0, 0.0, 0.0, 0.00794384963176403, 0.0, 0.0, 0.0, 0.0, 0.0, 0.0, 
0.0, 0.0, 0.0, 0.0, 0.0, 0.0, 0.0, 0.0, 0.0, 0.0, 1.0, 0.00445481936339001, 0.0, 0.0, 0.0, 0.0, 0.022557952422321084, 0.3640893313889083, 0.0, 0.0, 0.0, 0.00649951333507966, 0.0, 0.0, 0.0, 0.0, 0.0, 0.0, 
0.0, 0.0, 0.0, 0.0, 0.0, 0.0, 0.0, 0.0, 0.0, 0.0, 1.0, 0.0059397591511866805, 0.0, 0.0, 0.0, 0.0, 0.020696456742494953, 0.28732545656984704, 0.0, 0.0, 0.0, 0.005055177038395291, 0.0, 0.0, 0.0, 0.0, 0.0, 0.0, 
0.0, 0.0, 0.0, 0.0, 0.0, 0.0, 0.0, 0.0, 0.0, 0.0, 1.0, 0.007424698938983351, 0.0, 0.0, 0.0, 0.0, 0.018834961062668826, 0.21056158175078576, 0.0, 0.0, 0.0, 0.0036108407417109224, 0.0, 0.0, 0.0, 0.0, 0.0, 0.0, 
0.0, 0.0, 0.0, 0.0, 0.0, 0.0, 0.0, 0.0, 0.0, 0.0, 1.0, 0.00890963872678002, 0.0, 0.0, 0.0, 0.0, 0.016973465382842695, 0.13379770693172444, 0.0, 0.0, 0.0, 0.0021665044450265535, 0.0, 0.0, 0.0, 0.0, 0.0, 0.0, 
0.0, 0.0, 0.0, 0.0, 0.0, 0.0, 0.0, 0.0, 0.0, 0.0, 1.0, 0.010394578514576692, 0.0, 0.0, 0.0, 0.0, 0.015111969703016563, 0.05703383211266322, 0.0, 0.0, 0.0, 0.0007221681483421845, 0.0, 0.0, 0.0, 0.0, 0.0, 0.0, 
0.0, 0.0, 0.0, 0.0, 0.0, 0.0, 0.0, 0.0, 0.0, 5.620245885221103e-05, 0.9954464977148114, 0.07706124518124335, 0.0, 0.0, 0.0, 0.0, 0.013291373909510303, 0.017408435056257075, 0.0, 0.0, 0.0, 0.0, 0.0012314720365542453, 0.0, 0.0, 0.0, 0.0, 0.0, 
0.0, 0.0, 0.0, 0.0, 0.0, 0.0, 0.0, 0.0, 0.0, 0.00016860737655663308, 0.9863394931444341, 0.20890963872677998, 0.0, 0.0, 0.0, 0.0, 0.011511678002323915, 0.014921515762506065, 0.0, 0.0, 0.0, 0.0, 0.0036944161096627358, 0.0, 0.0, 0.0, 0.0, 0.0, 
0.0, 0.0, 0.0, 0.0, 0.0, 0.0, 0.0, 0.0, 0.0, 0.00028101229426105516, 0.9772324885740569, 0.34075803227231666, 0.0, 0.0, 0.0, 0.0, 0.009731982095137526, 0.012434596468755055, 0.0, 0.0, 0.0, 0.0, 0.006157360182771226, 0.0, 0.0, 0.0, 0.0, 0.0, 
0.0, 0.0, 0.0, 0.0, 0.0, 0.0, 0.0, 0.0, 0.0, 0.0003934172119654772, 0.9681254840036796, 0.4726064258178533, 0.0, 0.0, 0.0, 0.0, 0.007952286187951138, 0.009947677175004043, 0.0, 0.0, 0.0, 0.0, 0.008620304255879717, 0.0, 0.0, 0.0, 0.0, 0.0, 
0.0, 0.0, 0.0, 0.0, 0.0, 0.0, 0.0, 0.0, 0.0, 0.0005058221296698992, 0.9590184794333023, 0.60445481936339, 0.0, 0.0, 0.0, 0.0, 0.00617259028076475, 0.0074607578812530325, 0.0, 0.0, 0.0, 0.0, 0.011083248328988207, 0.0, 0.0, 0.0, 0.0, 0.0, 
0.0, 0.0, 0.0, 0.0, 0.0, 0.0, 0.0, 0.0, 0.0, 0.0006182270473743213, 0.9499114748629252, 0.7363032129089266, 0.0, 0.0, 0.0, 0.0, 0.004392894373578362, 0.0049738385875020205, 0.0, 0.0, 0.0, 0.0, 0.013546192402096698, 0.0, 0.0, 0.0, 0.0, 0.0, 
0.0, 0.0, 0.0, 0.0, 0.0, 0.0, 0.0, 0.0, 0.0, 0.0007306319650787434, 0.9408044702925479, 0.8681516064544633, 0.0, 0.0, 0.0, 0.0, 0.0026131984663919743, 0.0024869192937510103, 0.0, 0.0, 0.0, 0.0, 0.016009136475205188, 0.0, 0.0, 0.0, 0.0, 0.0, 
0.0, 0.0, 0.0, 0.0, 0.0, 0.0, 0.0, 0.0, 0.0, 0.0008430368827831655, 0.9316974657221706, 1.0, 0.0, 0.0, 0.0, 0.0, 0.000833502559205587, 0.0, 0.0, 0.0, 0.0, 0.0, 0.018472080548313678, 0.0, 0.0, 0.0, 0.0, 0.0, 
0.0, 0.0, 0.0, 0.0, 0.0, 0.0, 0.0, 0.0, 0.0, 0.0016109622781258846, 0.8975901104491093, 1.0, 0.0, 0.0, 0.0, 0.0, 0.000722368884644842, 0.0009029308591110845, 0.0, 0.0, 0.0, 0.0, 0.016009136475205188, 0.0, 0.0, 0.0, 0.0, 0.0, 
0.0, 0.0, 0.0, 0.0, 0.0, 0.0, 0.0, 0.0, 0.0, 0.0023788876734686035, 0.863482755176048, 1.0, 0.0, 0.0, 0.0, 0.0, 0.0006112352100840972, 0.001805861718222169, 0.0, 0.0, 0.0, 0.0, 0.013546192402096697, 0.0, 0.0, 0.0, 0.0, 0.0, 
0.0, 0.0, 0.0, 0.0, 0.0, 0.0, 0.0, 0.0, 0.0, 0.003146813068811323, 0.8293753999029867, 1.0, 0.0, 0.0, 0.0, 0.0, 0.0005001015355233522, 0.0027087925773332535, 0.0, 0.0, 0.0, 0.0, 0.011083248328988205, 0.0, 0.0, 0.0, 0.0, 0.0, 
0.0, 0.0, 0.0, 0.0, 0.0, 0.0, 0.0, 0.0, 0.0, 0.003914738464154042, 0.7952680446299254, 1.0, 0.0, 0.0, 0.0, 0.0, 0.00038896786096260724, 0.003611723436444338, 0.0, 0.0, 0.0, 0.0, 0.008620304255879715, 0.0, 0.0, 0.0, 0.0, 0.0, 
0.0, 0.0, 0.0, 0.0, 0.0, 0.0, 0.0, 0.0, 0.0, 0.004682663859496761, 0.7611606893568641, 1.0, 0.0, 0.0, 0.0, 0.0, 0.0002778341864018623, 0.004514654295555422, 0.0, 0.0, 0.0, 0.0, 0.006157360182771226, 0.0, 0.0, 0.0, 0.0, 0.0, 
0.0, 0.0, 0.0, 0.0, 0.0, 0.0, 0.0, 0.0, 0.0, 0.00545058925483948, 0.7270533340838027, 1.0, 0.0, 0.0, 0.0, 0.0, 0.00016670051184111744, 0.005417585154666507, 0.0, 0.0, 0.0, 0.0, 0.0036944161096627345, 0.0, 0.0, 0.0, 0.0, 0.0, 
0.0, 0.0, 0.0, 0.0, 0.0, 0.0, 0.0, 0.0, 0.0, 0.0062185146501821985, 0.6929459788107414, 1.0, 0.0, 0.0, 0.0, 0.0, 5.556683728037248e-05, 0.006320516013777592, 0.0, 0.0, 0.0, 0.0, 0.001231472036554243, 0.0, 0.0, 0.0, 0.0, 0.0, 
0.0, 0.0, 0.0, 0.0, 0.0, 0.0, 0.0, 0.0, 0.0, 0.006162312191329988, 0.6718905588088132, 1.0, 0.0, 0.0, 0.0, 0.0, 0.0, 0.0068945304562164494, 0.0, 0.0, 0.0, 0.0, 0.0, 0.0, 0.0, 0.0, 0.0, 0.0, 
0.0, 0.0, 0.0, 0.0, 0.0, 0.0, 0.0, 0.0, 0.0, 0.0052819818782828465, 0.6638870740780182, 1.0, 0.0, 0.0, 0.0, 0.0, 0.0, 0.007139628481983081, 0.0, 0.0, 0.0, 0.0, 0.0, 0.0, 0.0, 0.0, 0.0, 0.0, 
0.0, 0.0, 0.0, 0.0, 0.0, 0.0, 0.0, 0.0, 0.0, 0.004401651565235706, 0.6558835893472232, 1.0, 0.0, 0.0, 0.0, 0.0, 0.0, 0.007384726507749712, 0.0, 0.0, 0.0, 0.0, 0.0, 0.0, 0.0, 0.0, 0.0, 0.0, 
0.0, 0.0, 0.0, 0.0, 0.0, 0.0, 0.0, 0.0, 0.0, 0.0035213212521885643, 0.6478801046164282, 1.0, 0.0, 0.0, 0.0, 0.0, 0.0, 0.007629824533516344, 0.0, 0.0, 0.0, 0.0, 0.0, 0.0, 0.0, 0.0, 0.0, 0.0, 
0.0, 0.0, 0.0, 0.0, 0.0, 0.0, 0.0, 0.0, 0.0, 0.0026409909391414237, 0.6398766198856332, 0.9999999999999999, 0.0, 0.0, 0.0, 0.0, 0.0, 0.007874922559282975, 0.0, 0.0, 0.0, 0.0, 0.0, 0.0, 0.0, 0.0, 0.0, 0.0, 
0.0, 0.0, 0.0, 0.0, 0.0, 0.0, 0.0, 0.0, 0.0, 0.0017606606260942822, 0.6318731351548381, 0.9999999999999999, 0.0, 0.0, 0.0, 0.0, 0.0, 0.008120020585049608, 0.0, 0.0, 0.0, 0.0, 0.0, 0.0, 0.0, 0.0, 0.0, 0.0, 
0.0, 0.0, 0.0, 0.0, 0.0, 0.0, 0.0, 0.0, 0.0, 0.0008803303130471415, 0.6238696504240432, 0.9999999999999999, 0.0, 0.0, 0.0, 0.0, 0.0, 0.008365118610816239, 0.0, 0.0, 0.0, 0.0, 0.0, 0.0, 0.0, 0.0, 0.0, 0.0, 
0.0, 0.0, 0.0, 0.0, 0.0, 0.0, 0.0, 0.0, 0.0, 0.0, 0.6158661656932481, 0.9999999999999999, 0.0, 0.0, 0.0, 0.0, 0.0, 0.00861021663658287, 0.0, 0.0, 0.0, 0.0, 0.0, 0.0, 0.0, 0.0, 0.0, 0.0, 
0.0, 0.0, 0.0, 0.0, 0.001237184770280397, 0.0, 0.0, 0.0, 0.0, 0.0, 0.6670840102674818, 0.9857001285457703, 0.0, 0.0, 0.07490991455572547, 0.0032833171641075613, 0.0, 0.0966400495935675, 0.0, 0.0, 0.0, 0.0021057988210589937, 0.0, 0.0, 0.0, 0.0, 0.0, 0.0, 
0.0, 0.0, 0.0, 0.0, 0.002474369540560794, 0.0, 0.0, 0.0, 0.0, 0.0, 0.7183018548417153, 0.9714002570915408, 0.0, 0.0, 0.14981982911145095, 0.006566634328215123, 0.0, 0.18466988255055214, 0.0, 0.0, 0.0, 0.004211597642117987, 0.0, 0.0, 0.0, 0.0, 0.0, 0.0, 
0.0, 0.0, 0.0, 0.0, 0.003711554310841191, 0.0, 0.0, 0.0, 0.0, 0.0, 0.7695196994159489, 0.9571003856373111, 0.0, 0.0, 0.2247297436671764, 0.009849951492322684, 0.0, 0.27269971550753674, 0.0, 0.0, 0.0, 0.006317396463176981, 0.0, 0.0, 0.0, 0.0, 0.0, 0.0, 
0.0, 0.0, 0.0, 0.0, 0.004948739081121588, 0.0, 0.0, 0.0, 0.0, 0.0, 0.8207375439901824, 0.9428005141830816, 0.0, 0.0, 0.2996396582229019, 0.013133268656430245, 0.0, 0.3607295484645214, 0.0, 0.0, 0.0, 0.008423195284235975, 0.0, 0.0, 0.0, 0.0, 0.0, 0.0, 
0.0, 0.0, 0.0, 0.0, 0.006185923851401986, 0.0, 0.0, 0.0, 0.0, 0.0, 0.871955388564416, 0.928500642728852, 0.0, 0.0, 0.3745495727786274, 0.016416585820537805, 0.0, 0.448759381421506, 0.0, 0.0, 0.0, 0.010528994105294969, 0.0, 0.0, 0.0, 0.0, 0.0, 0.0, 
0.0, 0.0, 0.0, 0.0, 0.007423108621682382, 0.0, 0.0, 0.0, 0.0, 0.0, 0.9231732331386495, 0.9142007712746225, 0.0, 0.0, 0.4494594873343528, 0.019699902984645367, 0.0, 0.5367892143784907, 0.0, 0.0, 0.0, 0.012634792926353961, 0.0, 0.0, 0.0, 0.0, 0.0, 0.0, 
0.0, 0.0, 0.0, 0.0, 0.00866029339196278, 0.0, 0.0, 0.0, 0.0, 0.0, 0.9743910777128831, 0.8999008998203929, 0.0, 0.0, 0.5243694018900783, 0.02298322014875293, 0.0, 0.6248190473354753, 0.0, 0.0, 0.0, 0.014740591747412955, 0.0, 0.0, 0.0, 0.0, 0.0, 0.0, 
0.0, 0.0, 0.0, 0.0, 0.009714252932729846, 0.0, 0.0, 0.0, 0.0, 0.0, 0.9972981012977424, 0.8999008998203929, 0.00043405757297873586, 0.0, 0.5742790022634079, 0.07894534873223956, 0.0, 0.6858358924159005, 0.0, 0.0, 0.0, 0.016300426502539704, 0.0, 0.0, 0.04897827541977891, 0.0, 0.0, 0.0, 
0.0, 0.0, 0.0, 0.0, 0.010584987243983584, 0.0, 0.0, 0.0, 0.0, 0.0, 0.9918943038932276, 0.9142007712746225, 0.0013021727189362075, 0.0, 0.5991882884543416, 0.18758628873510524, 0.0, 0.7198397496197663, 0.0, 0.0, 0.0, 0.017314297191734208, 0.0, 0.0, 0.14693482625933674, 0.0, 0.0, 0.0, 
0.0, 0.0, 0.0, 0.0, 0.01145572155523732, 0.0, 0.0, 0.0, 0.0, 0.0, 0.9864905064887128, 0.9285006427288521, 0.002170287864893679, 0.0, 0.6240975746452753, 0.29622722873797097, 0.0, 0.753843606823632, 0.0, 0.0, 0.0, 0.01832816788092871, 0.0, 0.0, 0.24489137709889452, 0.0, 0.0, 0.0, 
0.0, 0.0, 0.0, 0.0, 0.012326455866491056, 0.0, 0.0, 0.0, 0.0, 0.0, 0.981086709084198, 0.9428005141830816, 0.003038403010851151, 0.0, 0.649006860836209, 0.40486816874083664, 0.0, 0.7878474640274978, 0.0, 0.0, 0.0, 0.019342038570123215, 0.0, 0.0, 0.34284792793845237, 0.0, 0.0, 0.0, 
0.0, 0.0, 0.0, 0.0, 0.013197190177744792, 0.0, 0.0, 0.0, 0.0, 0.0, 0.9756829116796832, 0.9571003856373113, 0.003906518156808623, 0.0, 0.6739161470271426, 0.5135091087437024, 0.0, 0.8218513212313636, 0.0, 0.0, 0.0, 0.02035590925931772, 0.0, 0.0, 0.44080447877801016, 0.0, 0.0, 0.0, 
0.0, 0.0, 0.0, 0.0, 0.01406792448899853, 0.0, 0.0, 0.0, 0.0, 0.0, 0.9702791142751684, 0.9714002570915409, 0.004774633302766095, 0.0, 0.6988254332180763, 0.6221500487465681, 0.0, 0.8558551784352294, 0.0, 0.0, 0.0, 0.02136977994851222, 0.0, 0.0, 0.538761029617568, 0.0, 0.0, 0.0, 
0.0, 0.0, 0.0, 0.0, 0.014938658800252268, 0.0, 0.0, 0.0, 0.0, 0.0, 0.9648753168706536, 0.9857001285457704, 0.0056427484487235665, 0.0, 0.72373471940901, 0.7307909887494337, 0.0, 0.8898590356390952, 0.0, 0.0, 0.0, 0.022383650637706722, 0.0, 0.0, 0.6367175804571258, 0.0, 0.0, 0.0, 
0.0, 0.0, 0.0, 0.0, 0.015809393111506004, 0.0, 0.0, 0.0, 0.0, 0.0, 0.9594715194661388, 1.0, 0.006510863594681038, 0.0, 0.7486440055999437, 0.8394319287522994, 0.0, 0.923862892842961, 0.0, 0.0, 0.0, 0.023397521326901226, 0.0, 0.0, 0.7346741312966836, 0.0, 0.0, 0.0, 
0.0, 0.0, 0.0, 0.0, 0.013927973743295272, 0.0, 0.0, 0.0, 0.0, 0.0, 0.9648753168706536, 0.9634300409856785, 0.007355708764156433, 0.0, 0.6516798370558128, 0.8110850324829525, 0.0, 0.8711239212964016, 0.0, 0.0, 0.0, 0.020277851816647728, 0.0, 0.0, 0.6367175804571258, 0.0, 0.0, 0.0, 
0.0, 0.0, 0.0, 0.0, 0.01204655437508454, 0.0, 0.0, 0.0, 0.0, 0.0, 0.9702791142751684, 0.9268600819713569, 0.008200553933631827, 0.0, 0.554715668511682, 0.7827381362136056, 0.0, 0.8183849497498421, 0.0, 0.0, 0.0, 0.01715818230639423, 0.0, 0.0, 0.538761029617568, 0.0, 0.0, 0.0, 
0.0, 0.0, 0.0, 0.0, 0.01016513500687381, 0.0, 0.0, 0.0, 0.0, 0.0, 0.9756829116796834, 0.8902901229570355, 0.009045399103107223, 0.0, 0.4577514999675511, 0.7543912399442586, 0.0, 0.7656459782032827, 0.0, 0.0, 0.0, 0.014038512796140736, 0.0, 0.0, 0.4408044787780101, 0.0, 0.0, 0.0, 
0.0, 0.0, 0.0, 0.0, 0.008283715638663078, 0.0, 0.0, 0.0, 0.0, 0.0, 0.9810867090841981, 0.8537201639427139, 0.009890244272582617, 0.0, 0.36078733142342023, 0.7260443436749117, 0.0, 0.7129070066567234, 0.0, 0.0, 0.0, 0.010918843285887238, 0.0, 0.0, 0.3428479279384523, 0.0, 0.0, 0.0, 
0.0, 0.0, 0.0, 0.0, 0.006402296270452346, 0.0, 0.0, 0.0, 0.0, 0.0, 0.986490506488713, 0.8171502049283924, 0.010735089442058011, 0.0, 0.26382316287928936, 0.6976974474055647, 0.0, 0.660168035110164, 0.0, 0.0, 0.0, 0.007799173775633741, 0.0, 0.0, 0.24489137709889452, 0.0, 0.0, 0.0, 
0.0, 0.0, 0.0, 0.0, 0.004520876902241615, 0.0, 0.0, 0.0, 0.0, 0.0, 0.9918943038932277, 0.7805802459140709, 0.011579934611533407, 0.0, 0.1668589943351585, 0.6693505511362178, 0.0, 0.6074290635636046, 0.0, 0.0, 0.0, 0.0046795042653802466, 0.0, 0.0, 0.14693482625933663, 0.0, 0.0, 0.0, 
0.0, 0.0, 0.0, 0.0, 0.0026394575340308833, 0.0, 0.0, 0.0, 0.0, 0.0, 0.9972981012977425, 0.7440102868997494, 0.012424779781008801, 0.0, 0.06989482579102768, 0.6410036548668708, 0.0, 0.5546900920170451, 0.0, 0.0, 0.0, 0.0015598347551267489, 0.0, 0.0, 0.04897827541977884, 0.0, 0.0, 0.0, 
0.0, 0.0, 0.0, 0.00017869985409375914, 0.05100555765265389, 0.0, 0.0, 0.0, 0.0, 0.0, 0.9823680220390706, 0.7275005583573483, 0.061016965243232545, 0.0, 0.021660852409514056, 0.6517081929500509, 0.0, 0.5417414580216866, 0.0, 0.0, 0.0, 0.0, 0.0, 0.0, 0.0, 0.0, 0.0, 0.0, 
0.0, 0.0, 0.0, 0.0005360995622812775, 0.14961917725811064, 0.0, 0.0, 0.0, 0.0, 0.0, 0.9471040661172117, 0.7310510602868676, 0.15735649099820465, 0.0, 0.022157074190617628, 0.701464165385758, 0.0, 0.5685831615775289, 0.0, 0.0, 0.0, 0.0, 0.0, 0.0, 0.0, 0.0, 0.0, 0.0, 
0.0, 0.0, 0.0, 0.0008934992704687957, 0.24823279686356736, 0.0, 0.0, 0.0, 0.0, 0.0, 0.9118401101953528, 0.734601562216387, 0.2536960167531767, 0.0, 0.0226532959717212, 0.751220137821465, 0.0, 0.5954248651333712, 0.0, 0.0, 0.0, 0.0, 0.0, 0.0, 0.0, 0.0, 0.0, 0.0, 
0.0, 0.0, 0.0, 0.001250898978656314, 0.3468464164690241, 0.0, 0.0, 0.0, 0.0, 0.0, 0.8765761542734939, 0.7381520641459064, 0.35003554250814883, 0.0, 0.023149517752824773, 0.800976110257172, 0.0, 0.6222665686892136, 0.0, 0.0, 0.0, 0.0, 0.0, 0.0, 0.0, 0.0, 0.0, 0.0, 
0.0, 0.0, 0.0, 0.0016082986868438322, 0.44546003607448087, 0.0, 0.0, 0.0, 0.0, 0.0, 0.841312198351635, 0.7417025660754257, 0.4463750682631209, 0.0, 0.023645739533928345, 0.850732082692879, 0.0, 0.6491082722450559, 0.0, 0.0, 0.0, 0.0, 0.0, 0.0, 0.0, 0.0, 0.0, 0.0, 
0.0, 0.0, 0.0, 0.0019656983950313506, 0.5440736556799376, 0.0, 0.0, 0.0, 0.0, 0.0, 0.8060482424297761, 0.7452530680049451, 0.5427145940180931, 0.0, 0.02414196131503192, 0.9004880551285861, 0.0, 0.6759499758008982, 0.0, 0.0, 0.0, 0.0, 0.0, 0.0, 0.0, 0.0, 0.0, 0.0, 
0.0, 0.0, 0.0, 0.002323098103218869, 0.6426872752853944, 0.0, 0.0, 0.0, 0.0, 0.0, 0.7707842865079172, 0.7488035699344645, 0.6390541197730651, 0.0, 0.024638183096135493, 0.9502440275642932, 0.0, 0.7027916793567405, 0.0, 0.0, 0.0, 0.0, 0.0, 0.0, 0.0, 0.0, 0.0, 0.0, 
0.0, 0.0, 0.0, 0.002680497811406387, 0.741300894890851, 0.0, 0.0, 0.0, 0.0, 0.0, 0.7355203305860584, 0.7523540718639838, 0.7353936455280372, 0.0, 0.025134404877239065, 1.0000000000000002, 0.0, 0.7296333829125828, 0.0, 0.0, 0.0, 0.0, 0.0, 0.0, 0.0, 0.0, 0.0, 0.0, 
0.0036441803048219445, 0.0, 0.0, 0.005688908156140054, 0.7718589565409414, 0.0001114637569475347, 0.0, 0.0005640674732765033, 0.003586869996965254, 0.0, 0.759026091804981, 0.7837768701750942, 0.764861157336552, 0.0, 0.023622795359005758, 1.0000000000000002, 0.003465071367284389, 0.6335198249414915, 0.0, 0.0, 0.0, 0.0, 0.0, 0.0, 0.0, 0.0, 0.0, 0.0, 
0.007288360609643889, 0.0, 0.0, 0.008697318500873722, 0.8024170181910318, 0.0002229275138950694, 0.0, 0.0011281349465530066, 0.007173739993930508, 0.0, 0.7825318530239036, 0.8151996684862046, 0.7943286691450668, 0.0, 0.02211118584077245, 1.0000000000000002, 0.006930142734568778, 0.5374062669704003, 0.0, 0.0, 0.0, 0.0, 0.0, 0.0, 0.0, 0.0, 0.0, 0.0, 
0.010932540914465834, 0.0, 0.0, 0.011705728845607388, 0.8329750798411222, 0.00033439127084260406, 0.0, 0.00169220241982951, 0.010760609990895762, 0.0, 0.8060376142428263, 0.846622466797315, 0.8237961809535816, 0.0, 0.020599576322539143, 1.0000000000000002, 0.010395214101853166, 0.44129270899930895, 0.0, 0.0, 0.0, 0.0, 0.0, 0.0, 0.0, 0.0, 0.0, 0.0, 
0.014576721219287778, 0.0, 0.0, 0.014714139190341056, 0.8635331414912125, 0.0004458550277901388, 0.0, 0.002256269893106013, 0.014347479987861017, 0.0, 0.8295433754617488, 0.8780452651084254, 0.8532636927620965, 0.0, 0.019087966804305835, 1.0, 0.013860285469137555, 0.34517915102821767, 0.0, 0.0, 0.0, 0.0, 0.0, 0.0, 0.0, 0.0, 0.0, 0.0, 
0.018220901524109722, 0.0, 0.0, 0.017722549535074725, 0.894091203141303, 0.0005573187847376735, 0.0, 0.0028203373663825164, 0.01793434998482627, 0.0, 0.8530491366806715, 0.9094680634195358, 0.8827312045706113, 0.0, 0.017576357286072528, 1.0, 0.017325356836421946, 0.2490655930571264, 0.0, 0.0, 0.0, 0.0, 0.0, 0.0, 0.0, 0.0, 0.0, 0.0, 
0.021865081828931668, 0.0, 0.0, 0.02073095987980839, 0.9246492647913933, 0.0006687825416852081, 0.0, 0.00338440483965902, 0.021521219981791524, 0.0, 0.8765548978995941, 0.9408908617306461, 0.9121987163791262, 0.0, 0.01606474776783922, 1.0, 0.020790428203706333, 0.15295203508603505, 0.0, 0.0, 0.0, 0.0, 0.0, 0.0, 0.0, 0.0, 0.0, 0.0, 
0.02550926213375361, 0.0, 0.0, 0.023739370224542058, 0.9552073264414838, 0.0007802462986327428, 0.0, 0.003948472312935523, 0.02510808997875678, 0.0, 0.9000606591185167, 0.9723136600417565, 0.941666228187641, 0.0, 0.014553138249605914, 1.0, 0.02425549957099072, 0.05683847711494383, 0.0, 0.0, 0.0, 0.0, 0.0, 0.0, 0.0, 0.0, 0.0, 0.0, 
0.025509262133753614, 0.0, 0.0, 0.02424494353308114, 0.9064817793899126, 0.000780246298632743, 0.0, 0.003948472312935524, 0.026369107128905472, 0.0027610310742243885, 0.8995730949819231, 0.9614056320118246, 0.9380755854079393, 0.0, 0.012877511257789976, 0.9828005871212978, 0.026555746892670404, 0.008196251587438249, 0.0, 0.0, 0.0, 0.0, 0.0, 0.0, 0.0, 0.0, 0.0, 0.0, 
0.021865081828931668, 0.0, 0.0, 0.022247679805425635, 0.7784726236366801, 0.0006687825416852082, 0.0, 0.00338440483965902, 0.0253042714322376, 0.008283093222673166, 0.8750922054898129, 0.9081667776408506, 0.9014267880400212, 0.0, 0.011037866792391408, 0.9484017613638934, 0.02769117016874538, 0.007025358503518498, 0.0, 0.0, 0.0, 0.0, 0.0, 0.0, 0.0, 0.0, 0.0, 0.0, 
0.018220901524109726, 0.0, 0.0, 0.02025041607777013, 0.6504634678834476, 0.0005573187847376735, 0.0, 0.002820337366382517, 0.02423943573556973, 0.013805155371121942, 0.8506113159977029, 0.8549279232698765, 0.864777990672103, 0.0, 0.009198222326992841, 0.914002935606489, 0.028826593444820355, 0.0058544654195987495, 0.0, 0.0, 0.0, 0.0, 0.0, 0.0, 0.0, 0.0, 0.0, 0.0, 
0.01457672121928778, 0.0, 0.0, 0.018253152350114623, 0.522454312130215, 0.00044585502779013884, 0.0, 0.0022562698931060136, 0.02317460003890186, 0.01932721751957072, 0.8261304265055928, 0.8016890688989026, 0.8281291933041849, 0.0, 0.007358577861594272, 0.8796041098490847, 0.02996201672089533, 0.004683572335678999, 0.0, 0.0, 0.0, 0.0, 0.0, 0.0, 0.0, 0.0, 0.0, 0.0, 
0.010932540914465834, 0.0, 0.0, 0.01625588862245912, 0.3944451563769824, 0.00033439127084260417, 0.0, 0.00169220241982951, 0.022109764342233988, 0.024849279668019496, 0.8016495370134827, 0.7484502145279286, 0.7914803959362667, 0.0, 0.005518933396195705, 0.8452052840916803, 0.03109743999697031, 0.00351267925175925, 0.0, 0.0, 0.0, 0.0, 0.0, 0.0, 0.0, 0.0, 0.0, 0.0, 
0.007288360609643892, 0.0, 0.0, 0.014258624894803612, 0.26643600062374984, 0.00022292751389506944, 0.0, 0.0011281349465530068, 0.02104492864556612, 0.030371341816468275, 0.7771686475213726, 0.6952113601569545, 0.7548315985683486, 0.0, 0.0036792889307971366, 0.8108064583342759, 0.03223286327304529, 0.0023417861678394995, 0.0, 0.0, 0.0, 0.0, 0.0, 0.0, 0.0, 0.0, 0.0, 0.0, 
0.003644180304821946, 0.0, 0.0, 0.012261361167148108, 0.13842684487051737, 0.00011146375694753472, 0.0, 0.0005640674732765036, 0.01998009294889825, 0.03589340396491705, 0.7526877580292626, 0.6419725057859804, 0.7181828012004304, 0.0, 0.0018396444653985683, 0.7764076325768715, 0.03336828654912026, 0.0011708930839197506, 0.0, 0.0, 0.0, 0.0, 0.0, 0.0, 0.0, 0.0, 0.0, 0.0, 
0.0, 0.0, 0.0, 0.010264097439492604, 0.01041768911728464, 0.0, 0.0, 0.0, 0.018915257252230377, 0.04141546611336583, 0.7282068685371524, 0.5887336514150064, 0.6815340038325123, 0.0, 0.0, 0.7420088068194671, 0.03450370982519524, 0.0, 0.0, 0.0, 0.0, 0.0, 0.0, 0.0, 0.0, 0.0, 0.0, 0.0, 
0.0, 0.0, 0.0, 0.008895551114226923, 0.012055158385962668, 0.0, 0.0, 0.0013494410609711943, 0.019531978376849196, 0.16922673729825038, 0.633482933508346, 0.5880148719133882, 0.6913306612632075, 0.0003619955889712336, 0.07001747652663412, 0.7382866650256472, 0.03367444685530948, 0.0, 0.0, 0.0, 0.0, 0.0, 0.0, 0.0, 0.0, 0.0, 0.0, 0.0, 
0.0, 0.0, 0.0, 0.007527004788961242, 0.013692627654640696, 0.0, 0.0, 0.0026988821219423886, 0.020148699501468015, 0.29703800848313494, 0.5387589984795395, 0.58729609241177, 0.7011273186939029, 0.0007239911779424672, 0.14003495305326824, 0.7345645232318273, 0.03284518388542372, 0.0, 0.0, 0.0, 0.0, 0.0, 0.0, 0.0, 0.0, 0.0, 0.0, 0.0, 
0.0, 0.0, 0.0, 0.006158458463695562, 0.015330096923318725, 0.0, 0.0, 0.004048323182913583, 0.02076542062608684, 0.4248492796680195, 0.4440350634507329, 0.5865773129101518, 0.7109239761245981, 0.0010859867669137007, 0.21005242957990236, 0.7308423814380075, 0.03201592091553796, 0.0, 0.0, 0.0, 0.0, 0.0, 0.0, 0.0, 0.0, 0.0, 0.0, 0.0, 
0.0, 0.0, 0.0, 0.004789912138429882, 0.01696756619199675, 0.0, 0.0, 0.005397764243884777, 0.021382141750705658, 0.5526605508529041, 0.3493111284219264, 0.5858585334085337, 0.7207206335552934, 0.0014479823558849344, 0.2800699061065365, 0.7271202396441876, 0.031186657945652202, 0.0, 0.0, 0.0, 0.0, 0.0, 0.0, 0.0, 0.0, 0.0, 0.0, 0.0, 
0.0, 0.0, 0.0, 0.003421365813164201, 0.018605035460674782, 0.0, 0.0, 0.006747205304855971, 0.021998862875324477, 0.6804718220377886, 0.2545871933931199, 0.5851397539069154, 0.7305172909859887, 0.001809977944856168, 0.35008738263317063, 0.7233980978503677, 0.030357394975766443, 0.0, 0.0, 0.0, 0.0, 0.0, 0.0, 0.0, 0.0, 0.0, 0.0, 0.0, 
0.0, 0.0, 0.0, 0.002052819487898521, 0.02024250472935281, 0.0, 0.0, 0.008096646365827166, 0.022615583999943296, 0.8082830932226732, 0.15986325836431337, 0.5844209744052973, 0.740313948416684, 0.0021719735338274013, 0.4201048591598047, 0.7196759560565478, 0.029528132005880687, 0.0, 0.0, 0.0, 0.0, 0.0, 0.0, 0.0, 0.0, 0.0, 0.0, 0.0, 
0.0, 0.0, 0.0, 0.0006842731626328404, 0.021879973998030836, 0.0, 0.0, 0.00944608742679836, 0.023232305124562116, 0.9360943644075577, 0.06513932333550687, 0.583702194903679, 0.7501106058473792, 0.002533969122798635, 0.4901223356864388, 0.7159538142627279, 0.028698869035994928, 0.0, 0.0, 0.0, 0.0, 0.0, 0.0, 0.0, 0.0, 0.0, 0.0, 0.0, 
0.0, 0.0, 0.0, 0.0003398452908833763, 0.06933967008389749, 0.0, 0.0, 0.010299149307905946, 0.07297833467153869, 1.0, 0.016592198766363343, 0.594421234233802, 0.7530874418017034, 0.0039800577666892906, 0.49138066856385587, 0.7163283206990115, 0.026972407401776817, 0.0, 0.0, 0.0, 0.0, 0.0, 0.0, 0.0, 0.0, 0.0, 0.0, 0.0, 
0.0, 0.0, 0.0, 0.0010195358726501288, 0.16262159298695278, 0.0, 0.0, 0.010655832009149923, 0.17185367264087303, 1.0, 0.014221884656882866, 0.6165780923956662, 0.7492444562796564, 0.006510239465499366, 0.42387985779205584, 0.7207994753653986, 0.02434874710322635, 0.0, 0.0, 0.0, 0.0, 0.0, 0.0, 0.0, 0.0, 0.0, 0.0, 0.0, 
0.0, 0.0, 0.0, 0.0016992264544168814, 0.25590351589000804, 0.0, 0.0, 0.011012514710393898, 0.2707290106102074, 1.0, 0.011851570547402388, 0.6387349505575304, 0.7454014707576094, 0.009040421164309441, 0.3563790470202558, 0.7252706300317857, 0.02172508680467589, 0.0, 0.0, 0.0, 0.0, 0.0, 0.0, 0.0, 0.0, 0.0, 0.0, 0.0, 
0.0, 0.0, 0.0, 0.0023789170361836337, 0.3491854387930633, 0.0, 0.0, 0.011369197411637874, 0.3696043485795417, 1.0, 0.009481256437921911, 0.6608918087193946, 0.7415584852355624, 0.01157060286311952, 0.2888782362484557, 0.7297417846981727, 0.019101426506125424, 0.0, 0.0, 0.0, 0.0, 0.0, 0.0, 0.0, 0.0, 0.0, 0.0, 0.0, 
0.0, 0.0, 0.0, 0.0030586076179503867, 0.44246736169611856, 0.0, 0.0, 0.01172588011288185, 0.46847968654887606, 1.0, 0.007110942328441432, 0.6830486668812588, 0.7377154997135156, 0.014100784561929595, 0.22137742547665568, 0.7342129393645599, 0.016477766207574962, 0.0, 0.0, 0.0, 0.0, 0.0, 0.0, 0.0, 0.0, 0.0, 0.0, 0.0, 
0.0, 0.0, 0.0, 0.003738298199717139, 0.5357492845991739, 0.0, 0.0, 0.012082562814125827, 0.5673550245182104, 1.0, 0.0047406282189609555, 0.7052055250431228, 0.7338725141914686, 0.01663096626073967, 0.15387661470485564, 0.7386840940309469, 0.013854105909024497, 0.0, 0.0, 0.0, 0.0, 0.0, 0.0, 0.0, 0.0, 0.0, 0.0, 0.0, 
0.0, 0.0, 0.0, 0.004417988781483892, 0.6290312075022292, 0.0, 0.0, 0.012439245515369802, 0.6662303624875447, 1.0, 0.002370314109480477, 0.727362383204987, 0.7300295286694216, 0.019161147959549745, 0.08637580393305555, 0.7431552486973341, 0.011230445610474035, 0.0, 0.0, 0.0, 0.0, 0.0, 0.0, 0.0, 0.0, 0.0, 0.0, 0.0, 
0.0, 0.0, 0.0, 0.005097679363250644, 0.7223131304052844, 0.0, 0.0, 0.012795928216613779, 0.7651057004568791, 1.0, 0.0, 0.7495192413668512, 0.7261865431473746, 0.02169132965835982, 0.01887499316125553, 0.7476264033637211, 0.008606785311923567, 0.0, 0.0, 0.0, 0.0, 0.0, 0.0, 0.0, 0.0, 0.0, 0.0, 0.0, 
0.0, 0.0, 0.0, 0.004417988781483891, 0.6270842429468514, 0.0, 0.0, 0.011089804454398609, 0.741506113791297, 0.9616336354666798, 0.0, 0.6538929962336283, 0.724632415161208, 0.15213248570391183, 0.016358327406421458, 0.649709841155172, 0.008365798229599748, 0.0, 0.0, 0.0, 0.0, 0.0, 0.0, 0.0, 0.0, 0.0, 0.0, 0.0, 
0.0, 0.0, 0.0, 0.003738298199717139, 0.5318553554884183, 0.0, 0.0, 0.009383680692183437, 0.7179065271257149, 0.9232672709333596, 0.0, 0.5582667511004052, 0.7230782871750415, 0.28257364174946387, 0.013841661651587388, 0.5517932789466229, 0.008124811147275927, 0.0, 0.0, 0.0, 0.0, 0.0, 0.0, 0.0, 0.0, 0.0, 0.0, 0.0, 
0.0, 0.0, 0.0, 0.0030586076179503863, 0.4366264680299852, 0.0, 0.0, 0.007677556929968268, 0.6943069404601329, 0.8849009064000394, 0.0, 0.4626405059671823, 0.7215241591888749, 0.4130147977950158, 0.011324995896753318, 0.4538767167380738, 0.007883824064952107, 0.0, 0.0, 0.0, 0.0, 0.0, 0.0, 0.0, 0.0, 0.0, 0.0, 0.0, 
0.0, 0.0, 0.0, 0.0023789170361836337, 0.3413975805715522, 0.0, 0.0, 0.005971433167753097, 0.6707073537945508, 0.8465345418667192, 0.0, 0.3670142608339593, 0.7199700312027084, 0.5434559538405679, 0.008808330141919247, 0.3559601545295247, 0.007642836982628288, 0.0, 0.0, 0.0, 0.0, 0.0, 0.0, 0.0, 0.0, 0.0, 0.0, 0.0, 
0.0, 0.0, 0.0, 0.0016992264544168812, 0.24616869311311912, 0.0, 0.0, 0.004265309405537926, 0.6471077671289688, 0.808168177333399, 0.0, 0.27138801570073634, 0.7184159032165418, 0.67389710988612, 0.006291664387085175, 0.25804359232097557, 0.0074018499003044675, 0.0, 0.0, 0.0, 0.0, 0.0, 0.0, 0.0, 0.0, 0.0, 0.0, 0.0, 
0.0, 0.0, 0.0, 0.0010195358726501286, 0.150939805654686, 0.0, 0.0, 0.0025591856433227565, 0.6235081804633866, 0.7698018128000788, 0.0, 0.1757617705675134, 0.7168617752303752, 0.8043382659316719, 0.0037749986322511055, 0.16012703011242646, 0.007160862817980648, 0.0, 0.0, 0.0, 0.0, 0.0, 0.0, 0.0, 0.0, 0.0, 0.0, 0.0, 
0.0, 0.0, 0.0, 0.0003398452908833765, 0.055710918196252956, 0.0, 0.0, 0.0008530618811075849, 0.5999085937978046, 0.7314354482667587, 0.0, 0.08013552543429037, 0.7153076472442087, 0.9347794219772239, 0.0012583328774170358, 0.06221046790387741, 0.006919875735656828, 0.0, 0.0, 0.0, 0.0, 0.0, 0.0, 0.0, 0.0, 0.0, 0.0, 0.0, 
0.0, 0.0, 0.0, 0.0, 0.007905816232970734, 0.0002056437085287355, 0.0007782875408313313, 0.0, 0.5502715352471719, 0.7314354482667585, 0.0001717113489023781, 0.030632167298077922, 0.7149522621076274, 0.9927927592895406, 0.0, 0.05116629438634295, 0.007018885120461848, 0.0, 0.0, 0.0, 0.0, 0.0, 0.0, 0.0, 0.0, 0.0, 0.0, 0.0, 
0.0, 0.0, 0.0, 0.0, 0.007524499764839246, 0.0006169311255862065, 0.002334862622493994, 0.0, 0.47459700481148853, 0.7698018128000788, 0.0005151340467071344, 0.027251696158875932, 0.7157956198206316, 0.9783782778686216, 0.0, 0.12699450955982314, 0.007457890972395707, 0.0, 0.0, 0.0, 0.0, 0.0, 0.0, 0.0, 0.0, 0.0, 0.0, 0.0, 
0.0, 0.0, 0.0, 0.0, 0.007143183296707757, 0.0010282185426436774, 0.003891437704156657, 0.0, 0.3989224743758052, 0.808168177333399, 0.0008585567445118905, 0.023871225019673946, 0.7166389775336356, 0.9639637964477028, 0.0, 0.20282272473330334, 0.007896896824329567, 0.0, 0.0, 0.0, 0.0, 0.0, 0.0, 0.0, 0.0, 0.0, 0.0, 0.0, 
0.0, 0.0, 0.0, 0.0, 0.006761866828576269, 0.0014395059597011486, 0.00544801278581932, 0.0, 0.32324794394012185, 0.8465345418667192, 0.0012019794423166468, 0.020490753880471956, 0.7174823352466396, 0.9495493150267839, 0.0, 0.2786509399067836, 0.008335902676263426, 0.0, 0.0, 0.0, 0.0, 0.0, 0.0, 0.0, 0.0, 0.0, 0.0, 0.0, 
0.0, 0.0, 0.0, 0.0, 0.00638055036044478, 0.0018507933767586194, 0.007004587867481982, 0.0, 0.24757341350443846, 0.8849009064000394, 0.001545402140121403, 0.017110282741269967, 0.7183256929596438, 0.935134833605865, 0.0, 0.35447915508026373, 0.008774908528197286, 0.0, 0.0, 0.0, 0.0, 0.0, 0.0, 0.0, 0.0, 0.0, 0.0, 0.0, 
0.0, 0.0, 0.0, 0.0, 0.005999233892313292, 0.0022620807938160906, 0.008561162949144645, 0.0, 0.17189888306875512, 0.9232672709333596, 0.0018888248379261591, 0.01372981160206798, 0.7191690506726478, 0.9207203521849461, 0.0, 0.43030737025374394, 0.009213914380131145, 0.0, 0.0, 0.0, 0.0, 0.0, 0.0, 0.0, 0.0, 0.0, 0.0, 0.0, 
0.0, 0.0, 0.0, 0.0, 0.005617917424181804, 0.0026733682108735614, 0.010117738030807307, 0.0, 0.09622435263307177, 0.9616336354666798, 0.0022322475357309155, 0.01034934046286599, 0.720012408385652, 0.9063058707640272, 0.0, 0.5061355854272241, 0.009652920232065005, 0.0, 0.0, 0.0, 0.0, 0.0, 0.0, 0.0, 0.0, 0.0, 0.0, 0.0, 
0.0, 0.0, 0.0, 0.0, 0.005236600956050315, 0.0030846556279310326, 0.01167431311246997, 0.0, 0.020549822197388396, 1.0, 0.0025756702335356717, 0.006968869323664003, 0.720855766098656, 0.8918913893431083, 0.0, 0.5819638006007043, 0.010091926083998864, 0.0, 0.0, 0.0, 0.0, 0.0, 0.0, 0.0, 0.0, 0.0, 0.0, 0.0, 
0.0, 0.0, 0.0, 0.0, 0.06407710851716597, 0.0026733682108735614, 0.010463504526805755, 0.0, 0.10970672962288963, 1.0, 0.005246379613491744, 0.00638452351856525, 0.7031453208820488, 0.8837694849655471, 0.0, 0.5076005573340874, 0.011041242548629105, 0.0, 0.0, 0.0, 0.0, 0.0, 0.0, 0.0, 0.0, 0.0, 0.0, 0.0, 
0.0, 0.0, 0.0, 0.0, 0.12291761607828164, 0.0022620807938160906, 0.009252695941141541, 0.0, 0.19886363704839088, 1.0, 0.007917088993447818, 0.005800177713466498, 0.6854348756654417, 0.8756475805879859, 0.0, 0.43323731406747046, 0.011990559013259346, 0.0, 0.0, 0.0, 0.0, 0.0, 0.0, 0.0, 0.0, 0.0, 0.0, 0.0, 
0.0, 0.0, 0.0, 0.0, 0.18175812363939728, 0.0018507933767586196, 0.00804188735547733, 0.0, 0.2880205444738921, 1.0, 0.01058779837340389, 0.0052158319083677445, 0.6677244304488344, 0.8675256762104245, 0.0, 0.3588740708008535, 0.012939875477889587, 0.0, 0.0, 0.0, 0.0, 0.0, 0.0, 0.0, 0.0, 0.0, 0.0, 0.0, 
0.0, 0.0, 0.0, 0.0, 0.24059863120051295, 0.0014395059597011486, 0.006831078769813115, 0.0, 0.37717745189939333, 1.0, 0.013258507753359964, 0.004631486103268993, 0.6500139852322273, 0.8594037718328633, 0.0, 0.28451082753423657, 0.013889191942519828, 0.0, 0.0, 0.0, 0.0, 0.0, 0.0, 0.0, 0.0, 0.0, 0.0, 0.0, 
0.0, 0.0, 0.0, 0.0, 0.29943913876162864, 0.0010282185426436778, 0.005620270184148901, 0.0, 0.4663343593248946, 1.0, 0.015929217133316038, 0.00404714029817024, 0.6323035400156202, 0.8512818674553021, 0.0, 0.21014758426761965, 0.014838508407150067, 0.0, 0.0, 0.0, 0.0, 0.0, 0.0, 0.0, 0.0, 0.0, 0.0, 0.0, 
0.0, 0.0, 0.0, 0.0, 0.3582796463227443, 0.0006169311255862066, 0.004409461598484688, 0.0, 0.5554912667503958, 1.0, 0.018599926513272108, 0.0034627944930714872, 0.614593094799013, 0.8431599630777409, 0.0, 0.13578434100100267, 0.01578782487178031, 0.0, 0.0, 0.0, 0.0, 0.0, 0.0, 0.0, 0.0, 0.0, 0.0, 0.0, 
0.0, 0.0, 0.0, 0.0, 0.41712015388386, 0.0002056437085287354, 0.003198653012820475, 0.0, 0.6446481741758971, 1.0, 0.021270635893228182, 0.002878448687972735, 0.5968826495824059, 0.8350380587001797, 0.0, 0.061421097734385754, 0.01673714133641055, 0.0, 0.0, 0.0, 0.0, 0.0, 0.0, 0.0, 0.0, 0.0, 0.0, 0.0, 
0.0, 0.0, 0.00023336039769818737, 0.00023256526083133893, 0.4562277487816263, 0.0, 0.0026589517578705694, 0.0, 0.643501806853569, 1.0, 0.07484559458939875, 0.0031731969082119506, 0.5992535057766692, 0.8314382367627657, 0.0, 0.02262351102767221, 0.017072934193819302, 0.0008647162691118199, 0.0, 0.0, 0.0, 0.0, 0.0, 0.0, 0.0, 0.0, 0.0, 0.0, 
0.0, 0.0, 0.0007000811930945621, 0.0006976957824940168, 0.47560243101604344, 0.0, 0.0027903578336349755, 0.0, 0.5520521647834112, 1.0, 0.17932480260178382, 0.004347039153789133, 0.6217056633818031, 0.8323604972654991, 0.0, 0.019391580880861896, 0.01679520344400657, 0.00259414880733546, 0.0, 0.0, 0.0, 0.0, 0.0, 0.0, 0.0, 0.0, 0.0, 0.0, 
0.0, 0.0, 0.001166801988490937, 0.0011628263041566947, 0.4949771132504605, 0.0, 0.0029217639093993817, 0.0, 0.4606025227132536, 1.0, 0.2838040106141689, 0.005520881399366315, 0.6441578209869371, 0.8332827577682325, 0.0, 0.01615965073405158, 0.016517472694193833, 0.0043235813455590995, 0.0, 0.0, 0.0, 0.0, 0.0, 0.0, 0.0, 0.0, 0.0, 0.0, 
0.0, 0.0, 0.0016335227838873115, 0.0016279568258193726, 0.5143517954848776, 0.0, 0.003053169985163788, 0.0, 0.3691528806430959, 1.0, 0.38828321862655396, 0.0066947236449434976, 0.6666099785920709, 0.8342050182709659, 0.0, 0.012927720587241263, 0.0162397419443811, 0.006053013883782739, 0.0, 0.0, 0.0, 0.0, 0.0, 0.0, 0.0, 0.0, 0.0, 0.0, 
0.0, 0.0, 0.0021002435792836865, 0.0020930873474820505, 0.5337264777192947, 0.0, 0.003184576060928194, 0.0, 0.2777032385729382, 1.0, 0.49276242663893904, 0.007868565890520679, 0.6890621361972049, 0.8351272787736993, 0.0, 0.009695790440430948, 0.015962011194568363, 0.00778244642200638, 0.0, 0.0, 0.0, 0.0, 0.0, 0.0, 0.0, 0.0, 0.0, 0.0, 
0.0, 0.0, 0.002566964374680061, 0.002558217869144728, 0.5531011599537119, 0.0, 0.0033159821366926003, 0.0, 0.18625359650278062, 1.0, 0.5972416346513241, 0.009042408136097862, 0.7115142938023388, 0.8360495392764327, 0.0, 0.006463860293620633, 0.01568428044475563, 0.009511878960230018, 0.0, 0.0, 0.0, 0.0, 0.0, 0.0, 0.0, 0.0, 0.0, 0.0, 
0.0, 0.0, 0.003033685170076436, 0.003023348390807406, 0.572475842188129, 0.0, 0.0034473882124570064, 0.0, 0.0948039544326229, 1.0, 0.7017208426637092, 0.010216250381675044, 0.7339664514074726, 0.8369717997791661, 0.0, 0.003231930146810315, 0.015406549694942893, 0.011241311498453659, 0.0, 0.0, 0.0, 0.0, 0.0, 0.0, 0.0, 0.0, 0.0, 0.0, 
0.0, 0.0, 0.0035004059654728105, 0.003488478912470084, 0.591850524422546, 0.0, 0.0035787942882214126, 0.0, 0.003354312362465247, 1.0, 0.8062000506760942, 0.011390092627252227, 0.7564186090126066, 0.8378940602818995, 0.0, 0.0, 0.015128818945130159, 0.0129707440366773, 0.0, 0.0, 0.0, 0.0, 0.0, 0.0, 0.0, 0.0, 0.0, 0.0, 
0.0, 0.0, 0.003033685170076436, 0.005615369506711967, 0.5811453384803527, 0.0, 0.004634091160973731, 0.0, 0.0029070707141365475, 1.0, 0.8267783992153427, 0.01057239266809735, 0.7442870543438536, 0.8203387328680098, 0.0, 0.0, 0.014471496526660946, 0.012229091461852014, 0.0, 0.0, 0.0, 0.0, 0.0, 0.0, 0.0, 0.0, 0.0, 0.0, 
0.0, 0.0, 0.002566964374680061, 0.00774226010095385, 0.5704401525381593, 0.0, 0.00568938803372605, 0.0, 0.0024598290658078476, 1.0, 0.8473567477545912, 0.009754692708942473, 0.7321554996751006, 0.8027834054541202, 0.0, 0.0, 0.013814174108191734, 0.01148743888702673, 0.0, 0.0, 0.0, 0.0, 0.0, 0.0, 0.0, 0.0, 0.0, 0.0, 
0.0, 0.0, 0.002100243579283686, 0.009869150695195733, 0.5597349665959659, 0.0, 0.006744684906478369, 0.0, 0.002012587417479148, 1.0, 0.8679350962938397, 0.008936992749787594, 0.7200239450063476, 0.7852280780402305, 0.0, 0.0, 0.013156851689722523, 0.010745786312201445, 0.0, 0.0, 0.0, 0.0, 0.0, 0.0, 0.0, 0.0, 0.0, 0.0, 
0.0, 0.0, 0.0016335227838873115, 0.011996041289437615, 0.5490297806537725, 0.0, 0.007799981779230687, 0.0, 0.0015653457691504485, 1.0, 0.8885134448330881, 0.00811929279063272, 0.7078923903375947, 0.7676727506263409, 0.0, 0.0, 0.01249952927125331, 0.010004133737376162, 0.0, 0.0, 0.0, 0.0, 0.0, 0.0, 0.0, 0.0, 0.0, 0.0, 
0.0, 0.0, 0.0011668019884909365, 0.014122931883679498, 0.5383245947115791, 0.0, 0.008855278651983007, 0.0, 0.0011181041208217488, 1.0, 0.9090917933723367, 0.007301592831477841, 0.6957608356688416, 0.7501174232124512, 0.0, 0.0, 0.011842206852784098, 0.009262481162550877, 0.0, 0.0, 0.0, 0.0, 0.0, 0.0, 0.0, 0.0, 0.0, 0.0, 
0.0, 0.0, 0.000700081193094562, 0.016249822477921384, 0.5276194087693857, 0.0, 0.009910575524735324, 0.0, 0.0006708624724930494, 1.0, 0.9296701419115851, 0.006483892872322964, 0.6836292810000886, 0.7325620957985616, 0.0, 0.0, 0.011184884434314885, 0.008520828587725592, 0.0, 0.0, 0.0, 0.0, 0.0, 0.0, 0.0, 0.0, 0.0, 0.0, 
0.0, 0.0, 0.00023336039769818748, 0.018376713072163264, 0.5169142228271923, 0.0, 0.010965872397487642, 0.0, 0.0002236208241643495, 1.0, 0.9502484904508337, 0.005666192913168087, 0.6714977263313356, 0.7150067683846719, 0.0, 0.0, 0.010527562015845673, 0.007779176012900308, 0.0, 0.0, 0.0, 0.0, 0.0, 0.0, 0.0, 0.0, 0.0, 0.0, 
0.0, 0.0, 0.0, 0.07816872316211246, 0.4775813253330913, 0.0, 0.011739232019604202, 0.0, 0.0, 0.9742982174406355, 0.9631684870724273, 0.005026569087707657, 0.6219183237773946, 0.6976951015143206, 0.0, 0.0, 0.009518974086170329, 0.006914459743788489, 0.0, 0.0, 0.0, 0.0, 0.0, 0.0, 0.0, 0.0, 0.0, 0.0, 
0.0, 0.0, 0.0, 0.19562585274776895, 0.4096207162870825, 0.0, 0.012230654391085003, 0.0, 0.0, 0.9228946523219064, 0.9684301317763663, 0.0045650213959416725, 0.5348910733382657, 0.6806270951875076, 0.0, 0.0, 0.008159120645288852, 0.005926679780390133, 0.0, 0.0, 0.0, 0.0, 0.0, 0.0, 0.0, 0.0, 0.0, 0.0, 
0.0, 0.0, 0.0, 0.31308298233342546, 0.34166010724107376, 0.0, 0.012722076762565804, 0.0, 0.0, 0.8714910872031774, 0.9736917764803052, 0.00410347370417569, 0.4478638228991368, 0.6635590888606947, 0.0, 0.0, 0.006799267204407378, 0.004938899816991778, 0.0, 0.0, 0.0, 0.0, 0.0, 0.0, 0.0, 0.0, 0.0, 0.0, 
0.0, 0.0, 0.0, 0.430540111919082, 0.27369949819506506, 0.0, 0.013213499134046605, 0.0, 0.0, 0.8200875220844484, 0.9789534211842442, 0.003641926012409706, 0.3608365724600079, 0.6464910825338818, 0.0, 0.0, 0.005439413763525902, 0.003951119853593422, 0.0, 0.0, 0.0, 0.0, 0.0, 0.0, 0.0, 0.0, 0.0, 0.0, 
0.0, 0.0, 0.0, 0.5479972415047385, 0.2057388891490563, 0.0, 0.013704921505527407, 0.0, 0.0, 0.7686839569657192, 0.9842150658881832, 0.0031803783206437223, 0.27380932202087893, 0.6294230762070687, 0.0, 0.0, 0.004079560322644427, 0.0029633398901950667, 0.0, 0.0, 0.0, 0.0, 0.0, 0.0, 0.0, 0.0, 0.0, 0.0, 
0.0, 0.0, 0.0, 0.6654543710903951, 0.13777828010304755, 0.0, 0.01419634387700821, 0.0, 0.0, 0.7172803918469902, 0.989476710592122, 0.0027188306288777387, 0.18678207158175003, 0.6123550698802558, 0.0, 0.0, 0.0027197068817629514, 0.0019755599267967114, 0.0, 0.0, 0.0, 0.0, 0.0, 0.0, 0.0, 0.0, 0.0, 0.0, 
0.0, 0.0, 0.0, 0.7829115006760515, 0.06981767105703884, 0.0, 0.01468776624848901, 0.0, 0.0, 0.6658768267282611, 0.994738355296061, 0.002257282937111755, 0.09975482114262113, 0.5952870635534429, 0.0, 0.0, 0.0013598534408814766, 0.0009877799633983553, 0.0, 0.0, 0.0, 0.0, 0.0, 0.0, 0.0, 0.0, 0.0, 0.0, 
0.0, 0.0, 0.0, 0.900368630261708, 0.0018570620110301202, 0.0, 0.015179188619969811, 0.0, 0.0, 0.6144732616095321, 1.0, 0.0017957352453457716, 0.012727570703492185, 0.5782190572266299, 0.0, 0.0, 0.0, 0.0, 0.0, 0.0, 0.0, 0.0, 0.0, 0.0, 0.0, 0.0, 0.0, 0.0, 
0.0, 0.0, 0.0, 0.8978317333366569, 0.1004760932140944, 0.0, 0.015204254753876824, 0.0, 0.0, 0.5349583501250323, 1.0, 0.10841279970853239, 0.014264467843786443, 0.592732185351621, 0.0, 0.0, 0.0, 0.00034551909307512917, 0.0, 0.0, 0.0, 0.0, 0.0, 0.0, 0.0, 0.0, 0.0, 0.0, 
0.0, 0.0, 0.0, 0.8952948364116058, 0.19909512441715868, 0.0, 0.015229320887783837, 0.0, 0.0, 0.4554434386405325, 1.0, 0.215029864171719, 0.0158013649840807, 0.6072453134766121, 0.0, 0.0, 0.0, 0.0006910381861502583, 0.0, 0.0, 0.0, 0.0, 0.0, 0.0, 0.0, 0.0, 0.0, 0.0, 
0.0, 0.0, 0.0, 0.8927579394865546, 0.297714155620223, 0.0, 0.015254387021690848, 0.0, 0.0, 0.3759285271560327, 1.0, 0.32164692863490557, 0.01733826212437496, 0.6217584416016032, 0.0, 0.0, 0.0, 0.0010365572792253876, 0.0, 0.0, 0.0, 0.0, 0.0, 0.0, 0.0, 0.0, 0.0, 0.0, 
0.0, 0.0, 0.0, 0.8902210425615035, 0.3963331868232873, 0.0, 0.015279453155597861, 0.0, 0.0, 0.2964136156715329, 1.0, 0.4282639930980922, 0.018875159264669216, 0.6362715697265943, 0.0, 0.0, 0.0, 0.0013820763723005167, 0.0, 0.0, 0.0, 0.0, 0.0, 0.0, 0.0, 0.0, 0.0, 0.0, 
0.0, 0.0, 0.0, 0.8876841456364524, 0.49495221802635153, 0.0, 0.015304519289504874, 0.0, 0.0, 0.2168987041870331, 1.0, 0.5348810575612789, 0.020412056404963474, 0.6507846978515853, 0.0, 0.0, 0.0, 0.0017275954653756457, 0.0, 0.0, 0.0, 0.0, 0.0, 0.0, 0.0, 0.0, 0.0, 0.0, 
0.0, 0.0, 0.0, 0.8851472487114013, 0.5935712492294158, 0.0, 0.015329585423411887, 0.0, 0.0, 0.13738379270253331, 1.0, 0.6414981220244654, 0.02194895354525773, 0.6652978259765765, 0.0, 0.0, 0.0, 0.0020731145584507752, 0.0, 0.0, 0.0, 0.0, 0.0, 0.0, 0.0, 0.0, 0.0, 0.0, 
0.0, 0.0, 0.0, 0.8826103517863502, 0.6921902804324801, 0.0, 0.0153546515573189, 0.0, 0.0, 0.05786888121803346, 1.0, 0.7481151864876521, 0.02348585068555199, 0.6798109541015676, 0.0, 0.0, 0.0, 0.0024186336515259043, 0.0, 0.0, 0.0, 0.0, 0.0, 0.0, 0.0, 0.0, 0.0, 0.0, 
0.0, 0.0, 0.0, 0.8247280416891312, 0.694386856298506, 0.0, 0.015082282952410594, 0.0, 0.0, 0.01690399711073134, 1.0, 0.8075890301184997, 0.022637345971985842, 0.6931050041763306, 0.0, 0.0, 0.0, 0.0024186336515259043, 0.0, 0.0, 0.0, 0.0, 0.0, 0.0, 0.0, 0.0, 0.0, 0.0, 
0.0, 0.0, 0.0, 0.7115003184197444, 0.6001609768274937, 0.0, 0.01451247960868697, 0.0, 0.0, 0.014489140380626864, 1.0, 0.8199196529170083, 0.019403439404559294, 0.7051799762008657, 0.0, 0.0, 0.0, 0.0020731145584507752, 0.0, 0.0, 0.0, 0.0, 0.0, 0.0, 0.0, 0.0, 0.0, 0.0, 
0.0, 0.0, 0.0, 0.5982725951503576, 0.5059350973564813, 0.0, 0.013942676264963347, 0.0, 0.0, 0.012074283650522388, 1.0, 0.8322502757155169, 0.016169532837132745, 0.7172549482254008, 0.0, 0.0, 0.0, 0.001727595465375646, 0.0, 0.0, 0.0, 0.0, 0.0, 0.0, 0.0, 0.0, 0.0, 0.0, 
0.0, 0.0, 0.0, 0.4850448718809707, 0.41170921788546905, 0.0, 0.013372872921239724, 0.0, 0.0, 0.009659426920417909, 1.0, 0.8445808985140255, 0.012935626269706195, 0.7293299202499359, 0.0, 0.0, 0.0, 0.0013820763723005167, 0.0, 0.0, 0.0, 0.0, 0.0, 0.0, 0.0, 0.0, 0.0, 0.0, 
0.0, 0.0, 0.0, 0.3718171486115839, 0.3174833384144567, 0.0, 0.012803069577516101, 0.0, 0.0, 0.007244570190313432, 1.0, 0.8569115213125341, 0.009701719702279647, 0.741404892274471, 0.0, 0.0, 0.0, 0.0010365572792253876, 0.0, 0.0, 0.0, 0.0, 0.0, 0.0, 0.0, 0.0, 0.0, 0.0, 
0.0, 0.0, 0.0, 0.2585894253421971, 0.2232574589434444, 0.0, 0.012233266233792478, 0.0, 0.0, 0.004829713460208955, 1.0, 0.8692421441110427, 0.006467813134853097, 0.7534798642990062, 0.0, 0.0, 0.0, 0.0006910381861502583, 0.0, 0.0, 0.0, 0.0, 0.0, 0.0, 0.0, 0.0, 0.0, 0.0, 
0.0, 0.0, 0.0, 0.14536170207281018, 0.12903157947243205, 0.0, 0.011663462890068855, 0.0, 0.0, 0.002414856730104477, 1.0, 0.8815727669095513, 0.0032339065674265484, 0.7655548363235413, 0.0, 0.0, 0.0, 0.00034551909307512906, 0.0, 0.0, 0.0, 0.0, 0.0, 0.0, 0.0, 0.0, 0.0, 0.0, 
0.0, 0.0, 0.0, 0.032133978803423384, 0.03480570000141965, 0.0, 0.011093659546345232, 0.0, 0.0, 0.0, 1.0, 0.8939033897080599, 0.0, 0.7776298083480764, 0.0, 0.0, 0.0, 0.0, 0.0, 0.0, 0.0, 0.0, 0.0, 0.0, 0.0, 0.0, 0.0, 0.0, 
0.0, 0.0, 0.0, 0.0343509132251804, 0.11416249655532756, 0.0, 0.011502340876339116, 0.0, 0.0, 0.0, 1.0, 0.8893692763640224, 0.0, 0.7580984088851627, 0.0, 0.0, 0.0, 0.0, 0.0, 0.0, 0.0, 0.0, 0.0, 0.0, 0.0, 0.0, 0.0, 0.0, 
0.0, 0.0, 0.0, 0.03656784764693741, 0.1935192931092355, 0.0, 0.011911022206333001, 0.0, 0.0, 0.0, 1.0, 0.884835163019985, 0.0, 0.7385670094222491, 0.0, 0.0, 0.0, 0.0, 0.0, 0.0, 0.0, 0.0, 0.0, 0.0, 0.0, 0.0, 0.0, 0.0, 
0.0, 0.0, 0.0, 0.03878478206869442, 0.27287608966314336, 0.0, 0.012319703536326885, 0.0, 0.0, 0.0, 1.0, 0.8803010496759475, 0.0, 0.7190356099593354, 0.0, 0.0, 0.0, 0.0, 0.0, 0.0, 0.0, 0.0, 0.0, 0.0, 0.0, 0.0, 0.0, 0.0, 
0.0, 0.0, 0.0, 0.04100171649045143, 0.3522328862170513, 0.0, 0.012728384866320771, 0.0, 0.0, 0.0, 1.0, 0.8757669363319099, 0.0, 0.6995042104964216, 0.0, 0.0, 0.0, 0.0, 0.0, 0.0, 0.0, 0.0, 0.0, 0.0, 0.0, 0.0, 0.0, 0.0, 
0.0, 0.0, 0.0, 0.043218650912208445, 0.4315896827709592, 0.0, 0.013137066196314655, 0.0, 0.0, 0.0, 1.0, 0.8712328229878724, 0.0, 0.679972811033508, 0.0, 0.0, 0.0, 0.0, 0.0, 0.0, 0.0, 0.0, 0.0, 0.0, 0.0, 0.0, 0.0, 0.0, 
0.0, 0.0, 0.0, 0.04543558533396545, 0.5109464793248671, 0.0, 0.013545747526308539, 0.0, 0.0, 0.0, 1.0, 0.866698709643835, 0.0, 0.6604414115705943, 0.0, 0.0, 0.0, 0.0, 0.0, 0.0, 0.0, 0.0, 0.0, 0.0, 0.0, 0.0, 0.0, 0.0, 
0.0, 0.0, 0.0, 0.04765251975572247, 0.5903032758787751, 0.0, 0.013954428856302424, 0.0, 0.0, 0.0, 1.0, 0.8621645962997975, 0.0, 0.6409100121076807, 0.0, 0.0, 0.0, 0.0, 0.0, 0.0, 0.0, 0.0, 0.0, 0.0, 0.0, 0.0, 0.0, 0.0, 
0.0, 0.0, 0.0, 0.046594315615871136, 0.5883198231443486, 0.0, 0.013271447115299356, 0.0, 0.0, 0.0, 0.9351207389025308, 0.8692377036525935, 0.0, 0.6263146453582547, 0.0, 0.0, 0.0, 0.0, 0.0, 0.0, 0.0, 0.0, 0.0, 0.0, 0.0, 0.0, 0.0, 0.0, 
0.0, 0.0, 0.0, 0.04226097291441147, 0.5049961211215879, 0.0, 0.011496802303299332, 0.0, 0.0, 0.0, 0.8053622167075924, 0.8879180317022229, 0.0, 0.6166553113223162, 0.0, 0.0, 0.0, 0.0, 0.0, 0.0, 0.0, 0.0, 0.0, 0.0, 0.0, 0.0, 0.0, 0.0, 
0.0, 0.0, 0.0, 0.0379276302129518, 0.4216724190988271, 0.0, 0.00972215749129931, 0.0, 0.0, 0.0, 0.675603694512654, 0.9065983597518524, 0.0, 0.6069959772863778, 0.0, 0.0, 0.0, 0.0, 0.0, 0.0, 0.0, 0.0, 0.0, 0.0, 0.0, 0.0, 0.0, 0.0, 
0.0, 0.0, 0.0, 0.03359428751149213, 0.3383487170760663, 0.0, 0.007947512679299287, 0.0, 0.0, 0.0, 0.5458451723177156, 0.925278687801482, 0.0, 0.5973366432504393, 0.0, 0.0, 0.0, 0.0, 0.0, 0.0, 0.0, 0.0, 0.0, 0.0, 0.0, 0.0, 0.0, 0.0, 
0.0, 0.0, 0.0, 0.02926094481003246, 0.25502501505330555, 0.0, 0.006172867867299266, 0.0, 0.0, 0.0, 0.4160866501227771, 0.9439590158511115, 0.0, 0.5876773092145009, 0.0, 0.0, 0.0, 0.0, 0.0, 0.0, 0.0, 0.0, 0.0, 0.0, 0.0, 0.0, 0.0, 0.0, 
0.0, 0.0, 0.0, 0.02492760210857279, 0.17170131303054476, 0.0, 0.004398223055299242, 0.0, 0.0, 0.0, 0.2863281279278387, 0.962639343900741, 0.0, 0.5780179751785626, 0.0, 0.0, 0.0, 0.0, 0.0, 0.0, 0.0, 0.0, 0.0, 0.0, 0.0, 0.0, 0.0, 0.0, 
0.0, 0.0, 0.0, 0.02059425940711312, 0.08837761100778396, 0.0, 0.0026235782432992207, 0.0, 0.0, 0.0, 0.15656960573290035, 0.9813196719503705, 0.0, 0.5683586411426241, 0.0, 0.0, 0.0, 0.0, 0.0, 0.0, 0.0, 0.0, 0.0, 0.0, 0.0, 0.0, 0.0, 0.0, 
0.0, 0.0, 0.0, 0.016260916705653456, 0.005053908985023258, 0.0, 0.0008489334312991975, 0.0, 0.0, 0.0, 0.026811083537961935, 1.0, 0.0, 0.5586993071066857, 0.0, 0.0, 0.0, 0.0, 0.0, 0.0, 0.0, 0.0, 0.0, 0.0, 0.0, 0.0, 0.0, 0.0, 
0.0, 0.0, 0.0, 0.014092794478232995, 0.11815620752639674, 0.0680066545709313, 0.0011300392202823629, 0.0, 0.0, 0.0, 0.02478746326584179, 1.0, 0.000850707320791984, 0.5656272274910127, 0.0, 0.0, 0.0, 0.0, 0.0, 0.0, 0.0, 0.0, 0.0, 0.0, 0.0, 0.0, 0.0, 0.0, 
0.0, 0.0, 0.0, 0.011924672250812535, 0.23125850606777024, 0.1360133091418626, 0.0014111450092655284, 0.0, 0.0, 0.0, 0.022763842993721643, 1.0, 0.001701414641583968, 0.5725551478753397, 0.0, 0.0, 0.0, 0.0, 0.0, 0.0, 0.0, 0.0, 0.0, 0.0, 0.0, 0.0, 0.0, 0.0, 
0.0, 0.0, 0.0, 0.009756550023392074, 0.34436080460914376, 0.2040199637127939, 0.0016922507982486939, 0.0, 0.0, 0.0, 0.020740222721601496, 1.0, 0.002552121962375952, 0.5794830682596667, 0.0, 0.0, 0.0, 0.0, 0.0, 0.0, 0.0, 0.0, 0.0, 0.0, 0.0, 0.0, 0.0, 0.0, 
0.0, 0.0, 0.0, 0.007588427795971613, 0.45746310315051725, 0.2720266182837252, 0.0019733565872318594, 0.0, 0.0, 0.0, 0.018716602449481354, 1.0, 0.003402829283167936, 0.5864109886439937, 0.0, 0.0, 0.0, 0.0, 0.0, 0.0, 0.0, 0.0, 0.0, 0.0, 0.0, 0.0, 0.0, 0.0, 
0.0, 0.0, 0.0, 0.005420305568551153, 0.5705654016918906, 0.3400332728546565, 0.002254462376215025, 0.0, 0.0, 0.0, 0.016692982177361204, 1.0, 0.00425353660395992, 0.5933389090283206, 0.0, 0.0, 0.0, 0.0, 0.0, 0.0, 0.0, 0.0, 0.0, 0.0, 0.0, 0.0, 0.0, 0.0, 
0.0, 0.0, 0.0, 0.003252183341130692, 0.6836677002332642, 0.4080399274255878, 0.00253556816519819, 0.0, 0.0, 0.0, 0.014669361905241061, 1.0, 0.005104243924751904, 0.6002668294126476, 0.0, 0.0, 0.0, 0.0, 0.0, 0.0, 0.0, 0.0, 0.0, 0.0, 0.0, 0.0, 0.0, 0.0, 
0.0, 0.0, 0.0, 0.0010840611137102312, 0.7967699987746377, 0.4760465819965191, 0.0028166739541813555, 0.0, 0.0, 0.0, 0.012645741633120915, 1.0, 0.005954951245543888, 0.6071947497969745, 0.0, 0.0, 0.0, 0.0, 0.0, 0.0, 0.0, 0.0, 0.0, 0.0, 0.0, 0.0, 0.0, 0.0, 
0.0, 0.0, 0.0, 0.0, 0.7964330715089695, 0.4768764657753273, 0.0027600783920947425, 0.0, 0.0, 0.06666666666666667, 0.010858336063923451, 0.9333333333333333, 0.005954951245543888, 0.570189753851185, 0.0, 0.0, 0.060667946614761534, 0.0, 0.0, 0.0, 0.0, 0.0, 0.0, 0.0, 0.0, 0.00046685834081108493, 0.00011423507187683202, 0.0, 
0.0, 0.0, 0.0, 0.0, 0.6826569184362595, 0.4105295787620123, 0.0023657814789383507, 0.0, 0.0, 0.2, 0.009307145197648673, 0.8, 0.005104243924751904, 0.4892518415752788, 0.0, 0.0, 0.1820038398442846, 0.0, 0.0, 0.0, 0.0, 0.0, 0.0, 0.0, 0.0, 0.0014005750224332547, 0.00034270521563049605, 0.0, 
0.0, 0.0, 0.0, 0.0, 0.5688807653635497, 0.34418269174869726, 0.001971484565781959, 0.0, 0.0, 0.3333333333333333, 0.007755954331373894, 0.6666666666666667, 0.004253536603959921, 0.4083139292993726, 0.0, 0.0, 0.3033397330738077, 0.0, 0.0, 0.0, 0.0, 0.0, 0.0, 0.0, 0.0, 0.0023342917040554247, 0.0005711753593841601, 0.0, 
0.0, 0.0, 0.0, 0.0, 0.4551046122908397, 0.2778358047353823, 0.0015771876526255672, 0.0, 0.0, 0.4666666666666667, 0.006204763465099115, 0.5333333333333333, 0.003402829283167936, 0.3273760170234664, 0.0, 0.0, 0.4246756263033307, 0.0, 0.0, 0.0, 0.0, 0.0, 0.0, 0.0, 0.0, 0.0032680083856775947, 0.0007996455031378241, 0.0, 
0.0, 0.0, 0.0, 0.0, 0.3413284592181298, 0.21148891772206724, 0.0011828907394691754, 0.0, 0.0, 0.6, 0.004653572598824336, 0.4, 0.002552121962375952, 0.24643810474756023, 0.0, 0.0, 0.5460115195328538, 0.0, 0.0, 0.0, 0.0, 0.0, 0.0, 0.0, 0.0, 0.004201725067299765, 0.001028115646891488, 0.0, 
0.0, 0.0, 0.0, 0.0, 0.22755230614541988, 0.14514203070875226, 0.0007885938263127836, 0.0, 0.0, 0.7333333333333333, 0.003102381732549557, 0.2666666666666667, 0.0017014146415839683, 0.16550019247165404, 0.0, 0.0, 0.6673474127623769, 0.0, 0.0, 0.0, 0.0, 0.0, 0.0, 0.0, 0.0, 0.005135441748921934, 0.0012565857906451522, 0.0, 
0.0, 0.0, 0.0, 0.0, 0.11377615307270994, 0.07879514369543722, 0.0003942969131563918, 0.0, 0.0, 0.8666666666666667, 0.0015511908662747785, 0.1333333333333333, 0.0008507073207919841, 0.08456228019574785, 0.0, 0.0, 0.7886833059919, 0.0, 0.0, 0.0, 0.0, 0.0, 0.0, 0.0, 0.0, 0.006069158430544104, 0.0014850559343988162, 0.0, 
0.0, 0.0, 0.0, 0.0, 0.0, 0.012448256682122212, 0.0, 0.0, 0.0, 1.0, 0.0, 0.0, 0.0, 0.0036243679198416177, 0.0, 0.0, 0.910019199221423, 0.0, 0.0, 0.0, 0.0, 0.0, 0.0, 0.0, 0.0, 0.007002875112166274, 0.0017135260781524803, 0.0, 
0.0, 0.0, 0.0, 0.0, 0.0, 0.010788489124505918, 0.0, 0.0, 0.0, 1.0, 0.002284097386942023, 0.0, 0.0, 0.0031411188638627353, 0.0, 0.0, 0.9126042864438884, 0.0, 0.0, 0.0, 0.0, 0.0, 0.0, 0.0, 0.0, 0.0060691584305441046, 0.0014850559343988162, 0.0, 
0.0, 0.0, 0.0, 0.0, 0.0, 0.009128721566889621, 0.0, 0.0, 0.0, 1.0, 0.004568194773884046, 0.0, 0.0, 0.002657869807883853, 0.0, 0.0, 0.9151893736663537, 0.0, 0.0, 0.0, 0.0, 0.0, 0.0, 0.0, 0.0, 0.005135441748921934, 0.0012565857906451522, 0.0, 
0.0, 0.0, 0.0, 0.0, 0.0, 0.007468954009273327, 0.0, 0.0, 0.0, 1.0, 0.006852292160826069, 0.0, 0.0, 0.002174620751904971, 0.0, 0.0, 0.917774460888819, 0.0, 0.0, 0.0, 0.0, 0.0, 0.0, 0.0, 0.0, 0.004201725067299765, 0.0010281156468914883, 0.0, 
0.0, 0.0, 0.0, 0.0, 0.0, 0.005809186451657032, 0.0, 0.0, 0.0, 1.0000000000000002, 0.009136389547768091, 0.0, 0.0, 0.0016913716959260883, 0.0, 0.0, 0.9203595481112842, 0.0, 0.0, 0.0, 0.0, 0.0, 0.0, 0.0, 0.0, 0.0032680083856775947, 0.0007996455031378241, 0.0, 
0.0, 0.0, 0.0, 0.0, 0.0, 0.0041494188940407375, 0.0, 0.0, 0.0, 1.0000000000000002, 0.011420486934710114, 0.0, 0.0, 0.0012081226399472062, 0.0, 0.0, 0.9229446353337495, 0.0, 0.0, 0.0, 0.0, 0.0, 0.0, 0.0, 0.0, 0.0023342917040554247, 0.0005711753593841602, 0.0, 
0.0, 0.0, 0.0, 0.0, 0.0, 0.002489651336424441, 0.0, 0.0, 0.0, 1.0000000000000002, 0.013704584321652138, 0.0, 0.0, 0.0007248735839683238, 0.0, 0.0, 0.9255297225562148, 0.0, 0.0, 0.0, 0.0, 0.0, 0.0, 0.0, 0.0, 0.0014005750224332552, 0.0003427052156304961, 0.0, 
0.0, 0.0, 0.0, 0.0, 0.0, 0.0008298837788081465, 0.0, 0.0, 0.0, 1.0000000000000002, 0.01598868170859416, 0.0, 0.0, 0.0002416245279894414, 0.0, 0.0, 0.9281148097786801, 0.0, 0.0, 0.0, 0.0, 0.0, 0.0, 0.0, 0.0, 0.00046685834081108477, 0.00011423507187683203, 0.0, 
0.0, 0.0, 0.0, 0.0, 0.0, 0.0, 0.0, 0.0, 0.0, 1.0000000000000002, 0.07644957481750285, 0.0, 0.0, 0.0, 0.0, 0.0, 0.9144129584414735, 0.0, 0.0, 0.0, 0.0, 0.0, 0.0, 0.0, 0.0, 0.0, 0.0, 0.0, 
0.0, 0.0, 0.0, 0.0, 0.0, 0.0, 0.0, 0.0, 0.0, 1.0000000000000002, 0.19508726364837822, 0.0, 0.0, 0.0, 0.0, 0.0, 0.884424168544595, 0.0, 0.0, 0.0, 0.0, 0.0, 0.0, 0.0, 0.0, 0.0, 0.0, 0.0, 
0.0, 0.0, 0.0, 0.0, 0.0, 0.0, 0.0, 0.0, 0.0, 1.0, 0.3137249524792536, 0.0, 0.0, 0.0, 0.0, 0.0, 0.8544353786477166, 0.0, 0.0, 0.0, 0.0, 0.0, 0.0, 0.0, 0.0, 0.0, 0.0, 0.0, 
0.0, 0.0, 0.0, 0.0, 0.0, 0.0, 0.0, 0.0, 0.0, 1.0, 0.4323626413101289, 0.0, 0.0, 0.0, 0.0, 0.0, 0.8244465887508381, 0.0, 0.0, 0.0, 0.0, 0.0, 0.0, 0.0, 0.0, 0.0, 0.0, 0.0, 
0.0, 0.0, 0.0, 0.0, 0.0, 0.0, 0.0, 0.0, 0.0, 1.0, 0.5510003301410042, 0.0, 0.0, 0.0, 0.0, 0.0, 0.7944577988539596, 0.0, 0.0, 0.0, 0.0, 0.0, 0.0, 0.0, 0.0, 0.0, 0.0, 0.0, 
0.0, 0.0, 0.0, 0.0, 0.0, 0.0, 0.0, 0.0, 0.0, 1.0, 0.6696380189718796, 0.0, 0.0, 0.0, 0.0, 0.0, 0.764469008957081, 0.0, 0.0, 0.0, 0.0, 0.0, 0.0, 0.0, 0.0, 0.0, 0.0, 0.0, 
0.0, 0.0, 0.0, 0.0, 0.0, 0.0, 0.0, 0.0, 0.0, 0.9999999999999999, 0.788275707802755, 0.0, 0.0, 0.0, 0.0, 0.0, 0.7344802190602026, 0.0, 0.0, 0.0, 0.0, 0.0, 0.0, 0.0, 0.0, 0.0, 0.0, 0.0, 
0.0, 0.0, 0.0, 0.0, 0.0, 0.0, 0.0, 0.0, 0.0, 0.9999999999999999, 0.9069133966336304, 0.0, 0.0, 0.0, 0.0, 0.0, 0.7044914291633241, 0.0, 0.0, 0.0, 0.0, 0.0, 0.0, 0.0, 0.0, 0.0, 0.0, 0.0, 
0.0, 0.0, 0.0, 0.0, 0.0, 0.0, 0.0, 0.0, 0.0, 0.9781610293085141, 0.9193249437491463, 0.0, 0.0, 0.0, 0.0, 0.0, 0.6810269618357992, 0.0, 0.0, 0.0, 0.0, 0.0, 0.0, 0.0, 0.0, 0.0, 0.0, 0.06377075985987844, 
0.0, 0.0, 0.0, 0.0, 0.0, 0.0, 0.0, 0.0, 0.0, 0.9563220586170283, 0.9317364908646623, 0.0, 0.0, 0.0, 0.0, 0.0, 0.6575624945082744, 0.0, 0.0, 0.0, 0.0, 0.0, 0.0, 0.0, 0.0, 0.0, 0.0, 0.12754151971975689, 
0.0, 0.0, 0.0, 0.0, 0.0, 0.0, 0.0, 0.0, 0.0, 0.9344830879255426, 0.9441480379801782, 0.0, 0.0, 0.0, 0.0, 0.0, 0.6340980271807496, 0.0, 0.0, 0.0, 0.0, 0.0, 0.0, 0.0, 0.0, 0.0, 0.0, 0.1913122795796353, 
0.0, 0.0, 0.0, 0.0, 0.0, 0.0, 0.0, 0.0, 0.0, 0.9126441172340569, 0.956559585095694, 0.0, 0.0, 0.0, 0.0, 0.0, 0.6106335598532249, 0.0, 0.0, 0.0, 0.0, 0.0, 0.0, 0.0, 0.0, 0.0, 0.0, 0.25508303943951377, 
0.0, 0.0, 0.0, 0.0, 0.0, 0.0, 0.0, 0.0, 0.0, 0.8908051465425711, 0.96897113221121, 0.0, 0.0, 0.0, 0.0, 0.0, 0.5871690925257, 0.0, 0.0, 0.0, 0.0, 0.0, 0.0, 0.0, 0.0, 0.0, 0.0, 0.3188537992993922, 
0.0, 0.0, 0.0, 0.0, 0.0, 0.0, 0.0, 0.0, 0.0, 0.8689661758510854, 0.981382679326726, 0.0, 0.0, 0.0, 0.0, 0.0, 0.5637046251981752, 0.0, 0.0, 0.0, 0.0, 0.0, 0.0, 0.0, 0.0, 0.0, 0.0, 0.3826245591592706, 
0.0, 0.0, 0.0, 0.0, 0.0, 0.0, 0.0, 0.0, 0.0, 0.8471272051595996, 0.9937942264422419, 0.0, 0.0, 0.0, 0.0, 0.0, 0.5402401578706504, 0.0, 0.0, 0.0, 0.0, 0.0, 0.0, 0.0, 0.0, 0.0, 0.0, 0.4463953190191491, 
0.0, 0.0, 0.0, 0.0, 0.0, 0.0, 0.0, 0.0, 0.0, 0.841286751658864, 0.9999999999999999, 0.0, 0.000541573019137884, 0.058367745518223116, 0.0, 0.06072090044792527, 0.5555729183380314, 0.04794455826733616, 0.0, 0.0, 0.0, 0.0, 0.0008667637786838047, 0.0006365155436480012, 0.0, 0.00011362611606388223, 0.0, 0.4463953190191491, 
0.0, 0.0, 0.0, 0.0, 0.0, 0.0, 0.0, 0.0, 0.0, 0.8514448153488784, 0.9999999999999999, 0.0, 0.0016247190574136521, 0.17510323655466936, 0.0, 0.1821627013437758, 0.6097029066003182, 0.14383367480200848, 0.0, 0.0, 0.0, 0.0, 0.0026002913360514144, 0.0019095466309440037, 0.0, 0.0003408783481916467, 0.0, 0.3826245591592706, 
0.0, 0.0, 0.0, 0.0, 0.0, 0.0, 0.0, 0.0, 0.0, 0.8616028790388928, 0.9999999999999999, 0.0, 0.00270786509568942, 0.29183872759111557, 0.0, 0.3036045022396263, 0.6638328948626051, 0.23972279133668078, 0.0, 0.0, 0.0, 0.0, 0.004333818893419023, 0.0031825777182400063, 0.0, 0.0005681305803194111, 0.0, 0.31885379929939217, 
0.0, 0.0, 0.0, 0.0, 0.0, 0.0, 0.0, 0.0, 0.0, 0.8717609427289071, 0.9999999999999999, 0.0, 0.0037910111339651883, 0.4085742186275618, 0.0, 0.42504630313547687, 0.7179628831248919, 0.3356119078713531, 0.0, 0.0, 0.0, 0.0, 0.006067346450786633, 0.004455608805536008, 0.0, 0.0007953828124471756, 0.0, 0.25508303943951377, 
0.0, 0.0, 0.0, 0.0, 0.0, 0.0, 0.0, 0.0, 0.0, 0.8819190064189215, 1.0, 0.0, 0.004874157172240956, 0.525309709664008, 0.0, 0.5464881040313274, 0.7720928713871787, 0.43150102440602545, 0.0, 0.0, 0.0, 0.0, 0.007800874008154242, 0.005728639892832011, 0.0, 0.0010226350445749401, 0.0, 0.1913122795796353, 
0.0, 0.0, 0.0, 0.0, 0.0, 0.0, 0.0, 0.0, 0.0, 0.892077070108936, 1.0, 0.0, 0.0059573032105167244, 0.6420452007004542, 0.0, 0.667929904927178, 0.8262228596494656, 0.5273901409406977, 0.0, 0.0, 0.0, 0.0, 0.009534401565521851, 0.007001670980128013, 0.0, 0.0012498872767027045, 0.0, 0.12754151971975686, 
0.0, 0.0, 0.0, 0.0, 0.0, 0.0, 0.0, 0.0, 0.0, 0.9022351337989504, 1.0, 0.0, 0.0070404492487924925, 0.7587806917369005, 0.0, 0.7893717058230285, 0.8803528479117524, 0.62327925747537, 0.0, 0.0, 0.0, 0.0, 0.011267929122889462, 0.008274702067424016, 0.0, 0.001477139508830469, 0.0, 0.06377075985987846, 
0.0, 0.0, 0.0, 0.0, 0.0, 0.0, 0.0, 0.0, 0.0, 0.9123931974889647, 1.0, 0.0, 0.00812359528706826, 0.8755161827733468, 0.0, 0.9108135067188791, 0.9344828361740393, 0.7191683740100424, 0.0, 0.0, 0.0, 0.0, 0.013001456680257071, 0.009547733154720019, 0.0, 0.0017043917409582336, 0.0, 0.0, 
0.0, 0.0, 0.0013870621515430735, 0.0006284305905643984, 0.0, 0.0, 0.0, 0.0, 0.0, 0.9240741044904361, 0.9888950919503234, 0.0, 0.008233686242595495, 0.8280448817823802, 0.0, 0.7893717058230285, 0.8098851246841674, 0.62327925747537, 0.0, 0.0, 0.0, 0.0, 0.011267929122889462, 0.009579794772372788, 0.0, 0.001477139508830469, 0.0, 0.0, 
0.0, 0.0, 0.002774124303086147, 0.0012568611811287968, 0.0, 0.0, 0.0, 0.0, 0.0, 0.9357550114919075, 0.9777901839006469, 0.0, 0.008343777198122728, 0.7805735807914137, 0.0, 0.667929904927178, 0.6852874131942954, 0.5273901409406978, 0.0, 0.0, 0.0, 0.0, 0.009534401565521853, 0.009611856390025555, 0.0, 0.0012498872767027047, 0.0, 0.0, 
0.0, 0.0, 0.00416118645462922, 0.0018852917716931953, 0.0, 0.0, 0.0, 0.0, 0.0, 0.9474359184933789, 0.9666852758509703, 0.0, 0.008453868153649962, 0.7331022798004472, 0.0, 0.5464881040313274, 0.5606897017044236, 0.43150102440602545, 0.0, 0.0, 0.0, 0.0, 0.007800874008154242, 0.009643918007678325, 0.0, 0.0010226350445749401, 0.0, 0.0, 
0.0, 0.0, 0.005548248606172294, 0.0025137223622575936, 0.0, 0.0, 0.0, 0.0, 0.0, 0.9591168254948503, 0.9555803678012936, 0.0, 0.008563959109177198, 0.6856309788094805, 0.0, 0.4250463031354769, 0.43609199021455164, 0.33561190787135314, 0.0, 0.0, 0.0, 0.0, 0.006067346450786633, 0.009675979625331092, 0.0, 0.0007953828124471757, 0.0, 0.0, 
0.0, 0.0, 0.006935310757715368, 0.003142152952821992, 0.0, 0.0, 0.0, 0.0, 0.0, 0.9707977324963217, 0.9444754597516171, 0.0, 0.008674050064704432, 0.638159677818514, 0.0, 0.30360450223962643, 0.3114942787246797, 0.23972279133668084, 0.0, 0.0, 0.0, 0.0, 0.004333818893419024, 0.009708041242983861, 0.0, 0.0005681305803194113, 0.0, 0.0, 
0.0, 0.0, 0.00832237290925844, 0.0037705835433863907, 0.0, 0.0, 0.0, 0.0, 0.0, 0.9824786394977931, 0.9333705517019405, 0.0, 0.008784141020231666, 0.5906883768275475, 0.0, 0.18216270134377588, 0.18689656723480785, 0.14383367480200848, 0.0, 0.0, 0.0, 0.0, 0.0026002913360514135, 0.00974010286063663, 0.0, 0.0003408783481916467, 0.0, 0.0, 
0.0, 0.0, 0.009709435060801515, 0.0043990141339507885, 0.0, 0.0, 0.0, 0.0, 0.0, 0.9941595464992645, 0.9222656436522639, 0.0, 0.0088942319757589, 0.5432170758365809, 0.0, 0.06072090044792533, 0.06229885574493588, 0.047944558267336235, 0.0, 0.0, 0.0, 0.0, 0.0008667637786838045, 0.009772164478289398, 0.0, 0.00011362611606388238, 0.0, 0.0, 
0.0, 0.0, 0.009709435060801514, 0.00625586139471123, 0.00012151610698411088, 0.0, 0.0, 0.0, 0.0, 0.9343508341965832, 0.9222656436522639, 0.00020036056550633708, 0.008352658956621016, 0.4848493303183578, 0.0, 0.0, 0.0, 0.0, 0.0, 0.0, 0.0, 0.0, 0.0, 0.043445072993847166, 0.0, 0.0, 0.0, 0.0, 
0.0, 0.0, 0.00832237290925844, 0.009341125325667715, 0.00036454832095233266, 0.0, 0.0, 0.0, 0.0, 0.8030525025897491, 0.9333705517019405, 0.0006010816965190113, 0.007159421962818014, 0.4155851402728781, 0.0, 0.0, 0.0, 0.0, 0.0, 0.0, 0.0, 0.0, 0.0, 0.11075882840730994, 0.0, 0.0, 0.0, 0.0, 
0.0, 0.0, 0.006935310757715367, 0.0124263892566242, 0.0006075805349205544, 0.0, 0.0, 0.0, 0.0, 0.6717541709829151, 0.9444754597516171, 0.0010018028275316855, 0.005966184969015012, 0.3463209502273984, 0.0, 0.0, 0.0, 0.0, 0.0, 0.0, 0.0, 0.0, 0.0, 0.17807258382077268, 0.0, 0.0, 0.0, 0.0, 
0.0, 0.0, 0.005548248606172293, 0.015511653187580687, 0.0008506127488887761, 0.0, 0.0, 0.0, 0.0, 0.540455839376081, 0.9555803678012937, 0.0014025239585443595, 0.004772947975212009, 0.2770567601819187, 0.0, 0.0, 0.0, 0.0, 0.0, 0.0, 0.0, 0.0, 0.0, 0.24538633923423547, 0.0, 0.0, 0.0, 0.0, 
0.0, 0.0, 0.00416118645462922, 0.01859691711853717, 0.0010936449628569979, 0.0, 0.0, 0.0, 0.0, 0.409157507769247, 0.9666852758509703, 0.0018032450895570339, 0.003579710981409007, 0.20779257013643904, 0.0, 0.0, 0.0, 0.0, 0.0, 0.0, 0.0, 0.0, 0.0, 0.3127000946476982, 0.0, 0.0, 0.0, 0.0, 
0.0, 0.0, 0.0027741243030861467, 0.021682181049493657, 0.0013366771768252197, 0.0, 0.0, 0.0, 0.0, 0.27785917616241296, 0.9777901839006469, 0.002203966220569708, 0.002386473987606005, 0.13852838009095936, 0.0, 0.0, 0.0, 0.0, 0.0, 0.0, 0.0, 0.0, 0.0, 0.380013850061161, 0.0, 0.0, 0.0, 0.0, 
0.0, 0.0, 0.001387062151543073, 0.02476744498045014, 0.0015797093907934415, 0.0, 0.0, 0.0, 0.0, 0.14656084455557894, 0.9888950919503234, 0.002604687351582382, 0.001193236993803002, 0.06926419004547962, 0.0, 0.0, 0.0, 0.0, 0.0, 0.0, 0.0, 0.0, 0.0, 0.44732760547462375, 0.0, 0.0, 0.0, 0.0, 
0.0, 0.0, 0.0, 0.027852708911406628, 0.0018227416047616632, 0.0, 0.0, 0.0, 0.0, 0.015262512948744957, 1.0, 0.003005408482595056, 0.0, 0.0, 0.0, 0.0, 0.0, 0.0, 0.0, 0.0, 0.0, 0.0, 0.0, 0.5146413608880865, 0.0, 0.0, 0.0, 0.0, 
0.0, 0.0, 0.0, 0.028573775126299036, 0.007151767073993072, 0.0, 0.0007116790961259071, 0.0020270053072677036, 0.0, 0.01487906315050316, 1.0, 0.0044560257543899, 0.08081023342760264, 0.0, 0.0, 0.0, 0.06741529238036845, 0.0, 0.0, 0.0, 0.0, 0.0, 0.000592088984203426, 0.5373411058662118, 0.0, 0.06928532843182954, 0.0, 0.0, 
0.0, 0.0, 0.0, 0.02929484134119145, 0.012480792543224482, 0.0, 0.0014233581922518143, 0.004054010614535407, 0.0, 0.014495613352261362, 1.0, 0.005906643026184744, 0.16162046685520529, 0.0, 0.0, 0.0, 0.1348305847607369, 0.0, 0.0, 0.0, 0.0, 0.0, 0.001184177968406852, 0.5600408508443371, 0.0, 0.13857065686365908, 0.0, 0.0, 
0.0, 0.0, 0.0, 0.030015907556083857, 0.017809818012455892, 0.0, 0.0021350372883777212, 0.006081015921803111, 0.0, 0.014112163554019565, 1.0, 0.007357260297979588, 0.24243070028280794, 0.0, 0.0, 0.0, 0.20224587714110534, 0.0, 0.0, 0.0, 0.0, 0.0, 0.0017762669526102779, 0.5827405958224623, 0.0, 0.2078559852954886, 0.0, 0.0, 
0.0, 0.0, 0.0, 0.03073697377097627, 0.0231388434816873, 0.0, 0.0028467163845036286, 0.008108021229070814, 0.0, 0.013728713755777769, 1.0, 0.008807877569774431, 0.32324093371041057, 0.0, 0.0, 0.0, 0.2696611695214738, 0.0, 0.0, 0.0, 0.0, 0.0, 0.002368355936813704, 0.6054403408005876, 0.0, 0.27714131372731815, 0.0, 0.0, 
0.0, 0.0, 0.0, 0.03145803998586868, 0.02846786895091871, 0.0, 0.003558395480629536, 0.010135026536338517, 0.0, 0.013345263957535972, 1.0, 0.010258494841569276, 0.4040511671380132, 0.0, 0.0, 0.0, 0.33707646190184226, 0.0, 0.0, 0.0, 0.0, 0.0, 0.0029604449210171298, 0.6281400857787128, 0.0, 0.3464266421591477, 0.0, 0.0, 
0.0, 0.0, 0.0, 0.03217910620076109, 0.03379689442015012, 0.0, 0.0042700745767554425, 0.012162031843606222, 0.0, 0.012961814159294174, 1.0, 0.01170911211336412, 0.4848614005656159, 0.0, 0.0, 0.0, 0.4044917542822107, 0.0, 0.0, 0.0, 0.0, 0.0, 0.0035525339052205557, 0.6508398307568382, 0.0, 0.4157119705909772, 0.0, 0.0, 
0.0, 0.0, 0.0, 0.032900172415653496, 0.03912591988938152, 0.0, 0.00498175367288135, 0.014189037150873926, 0.0, 0.012578364361052377, 1.0, 0.013159729385158962, 0.5656716339932185, 0.0, 0.0, 0.0, 0.4719070466625791, 0.0, 0.0, 0.0, 0.0, 0.0, 0.004144622889423981, 0.6735395757349634, 0.0, 0.48499729902280675, 0.0, 0.0, 
0.0, 0.0, 0.0, 0.03371916041084093, 0.10128602670011655, 0.0, 0.00498175367288135, 0.014189037150873924, 0.0, 0.011560863497802713, 1.0, 0.05419512009807451, 0.6018426565312504, 0.0, 0.0, 0.0, 0.5110591506824076, 0.0, 0.0, 0.0, 0.0, 0.0, 0.004144622889423981, 0.6749519418262303, 0.0, 0.48528165063850753, 0.0, 0.0, 
0.0, 0.0, 0.0, 0.03463607018632338, 0.2202772148523552, 0.0, 0.0042700745767554425, 0.01216203184360622, 0.0, 0.009909311569545182, 1.0, 0.13481528425211076, 0.5933744681797115, 0.0, 0.0, 0.0, 0.5219480663416961, 0.0, 0.0, 0.0, 0.0, 0.0, 0.0035525339052205557, 0.6550769290306391, 0.0, 0.4165650254380796, 0.0, 0.0, 
0.0, 0.0, 0.0, 0.03555297996180583, 0.3392684030045939, 0.0, 0.0035583954806295355, 0.010135026536338517, 0.0, 0.008257759641287651, 1.0, 0.21543544840614703, 0.5849062798281727, 0.0, 0.0, 0.0, 0.5328369820009846, 0.0, 0.0, 0.0, 0.0, 0.0, 0.0029604449210171293, 0.6352019162350477, 0.0, 0.3478484002376517, 0.0, 0.0, 
0.0, 0.0, 0.0, 0.03646988973728828, 0.4582595911568325, 0.0, 0.0028467163845036286, 0.008108021229070813, 0.0, 0.006606207713030122, 1.0, 0.29605561256018326, 0.5764380914766337, 0.0, 0.0, 0.0, 0.543725897660273, 0.0, 0.0, 0.0, 0.0, 0.0, 0.002368355936813704, 0.6153269034394564, 0.0, 0.27913177503722375, 0.0, 0.0, 
0.0, 0.0, 0.0, 0.03738679951277073, 0.5772507793090711, 0.0, 0.0021350372883777212, 0.00608101592180311, 0.0, 0.004954655784772591, 1.0, 0.37667577671421953, 0.5679699031250949, 0.0, 0.0, 0.0, 0.5546148133195615, 0.0, 0.0, 0.0, 0.0, 0.0, 0.0017762669526102774, 0.5954518906438652, 0.0, 0.21041514983679577, 0.0, 0.0, 
0.0, 0.0, 0.0, 0.03830370928825318, 0.6962419674613098, 0.0, 0.0014233581922518139, 0.0040540106145354055, 0.0, 0.00330310385651506, 1.0, 0.45729594086825576, 0.559501714773556, 0.0, 0.0, 0.0, 0.56550372897885, 0.0, 0.0, 0.0, 0.0, 0.0, 0.001184177968406852, 0.5755768778482738, 0.0, 0.14169852463636784, 0.0, 0.0, 
0.0, 0.0, 0.0, 0.039220619063735626, 0.8152331556135484, 0.0, 0.0007116790961259074, 0.0020270053072677027, 0.0, 0.001651551928257531, 1.0, 0.5379161050222919, 0.5510335264220171, 0.0, 0.0, 0.0, 0.5763926446381384, 0.0, 0.0, 0.0, 0.0, 0.0, 0.0005920889842034255, 0.5557018650526826, 0.0, 0.07298189943593991, 0.0, 0.0, 
0.0, 0.0, 0.0, 0.040137528839218076, 0.9342243437657871, 0.0, 0.0, 0.0, 0.0, 0.0, 1.0, 0.6185362691763282, 0.5425653380704782, 0.0, 0.0, 0.0, 0.587281560297427, 0.0, 0.0, 0.0, 0.0, 0.0, 0.0, 0.5358268522570913, 0.0, 0.0042652742355119575, 0.0, 0.0, 
0.0, 0.0, 0.0, 0.03676540105092867, 0.9429944312636822, 0.0, 0.0, 0.0, 0.0, 0.0, 0.965217691962778, 0.6160158037247294, 0.5430709718606768, 0.0, 0.0, 0.0, 0.5727391344958114, 0.0013038274009988663, 0.0, 0.0, 0.0, 0.0, 0.0, 0.46438327195614576, 0.0, 0.003696571004110363, 0.0, 0.0, 
0.0, 0.0, 0.0, 0.03339327326263926, 0.9517645187615773, 0.0, 0.0, 0.0, 0.0, 0.0, 0.9304353839255559, 0.6134953382731305, 0.5435766056508754, 0.0, 0.0, 0.0, 0.5581967086941959, 0.0026076548019977326, 0.0, 0.0, 0.0, 0.0, 0.0, 0.39293969165520026, 0.0, 0.003127867772708769, 0.0, 0.0, 
0.0, 0.0, 0.0, 0.03002114547434985, 0.9605346062594724, 0.0, 0.0, 0.0, 0.0, 0.0, 0.895653075888334, 0.6109748728215317, 0.5440822394410739, 0.0, 0.0, 0.0, 0.5436542828925803, 0.003911482202996599, 0.0, 0.0, 0.0, 0.0, 0.0, 0.32149611135425477, 0.0, 0.0025591645413071745, 0.0, 0.0, 
0.0, 0.0, 0.0, 0.02664901768606044, 0.9693046937573674, 0.0, 0.0, 0.0, 0.0, 0.0, 0.8608707678511119, 0.6084544073699328, 0.5445878732312726, 0.0, 0.0, 0.0, 0.5291118570909649, 0.005215309603995465, 0.0, 0.0, 0.0, 0.0, 0.0, 0.25005253105330927, 0.0, 0.00199046130990558, 0.0, 0.0, 
0.0, 0.0, 0.0, 0.023276889897771037, 0.9780747812552625, 0.0, 0.0, 0.0, 0.0, 0.0, 0.8260884598138899, 0.605933941918334, 0.5450935070214711, 0.0, 0.0, 0.0, 0.5145694312893493, 0.006519137004994332, 0.0, 0.0, 0.0, 0.0, 0.0, 0.17860895075236377, 0.0, 0.0014217580785039858, 0.0, 0.0, 
0.0, 0.0, 0.0, 0.019904762109481628, 0.9868448687531576, 0.0, 0.0, 0.0, 0.0, 0.0, 0.791306151776668, 0.6034134764667352, 0.5455991408116696, 0.0, 0.0, 0.0, 0.5000270054877338, 0.007822964405993197, 0.0, 0.0, 0.0, 0.0, 0.0, 0.10716537045141827, 0.0, 0.0008530548471023915, 0.0, 0.0, 
0.0, 0.0, 0.0, 0.01653263432119222, 0.9956149562510527, 0.0, 0.0, 0.0, 0.0, 0.0, 0.7565238437394459, 0.6008930110151364, 0.5461047746018682, 0.0, 0.0, 0.0, 0.48548457968611824, 0.009126791806992064, 0.0, 0.0, 0.0, 0.0, 0.0, 0.03572179015047272, 0.0, 0.00028435161570079717, 0.0, 0.0, 
0.0, 0.0, 0.0, 0.014363278463770226, 1.0000000000000002, 0.0, 0.03946555399974507, 0.0, 0.0, 0.0, 0.6900962999681715, 0.6213198568552601, 0.5523162746234553, 0.0, 0.0, 0.0, 0.4895341929010674, 0.05559893648096456, 0.0, 0.0, 0.0, 0.0, 0.0, 0.00034211370077005885, 5.892538324036727e-05, 0.03452369131003829, 0.0, 0.0, 
0.0, 0.0, 0.0, 0.013396694537215648, 1.0000000000000002, 0.0, 0.11839666199923521, 0.0, 0.0, 0.0, 0.5920235204628445, 0.6646940139871065, 0.5642336408764311, 0.0, 0.0, 0.0, 0.5121758451325813, 0.14723939842791067, 0.0, 0.0, 0.0, 0.0, 0.0, 0.0010263411023101764, 0.00017677614972110183, 0.10357107393011486, 0.0, 0.0, 
0.0, 0.0, 0.0, 0.01243011061066107, 1.0000000000000002, 0.0, 0.19732776999872537, 0.0, 0.0, 0.0, 0.4939507409575175, 0.7080681711189528, 0.5761510071294069, 0.0, 0.0, 0.0, 0.5348174973640951, 0.2388798603748568, 0.0, 0.0, 0.0, 0.0, 0.0, 0.0017105685038502944, 0.0002946269162018364, 0.17261845655019145, 0.0, 0.0, 
0.0, 0.0, 0.0, 0.011463526684106492, 1.0000000000000002, 0.0, 0.2762588779982155, 0.0, 0.0, 0.0, 0.39587796145219056, 0.7514423282507992, 0.5880683733823826, 0.0, 0.0, 0.0, 0.5574591495956089, 0.33052032232180295, 0.0, 0.0, 0.0, 0.0, 0.0, 0.002394795905390412, 0.0004124776826825709, 0.24166583917026802, 0.0, 0.0, 
0.0, 0.0, 0.0, 0.010496942757551914, 1.0, 0.0, 0.3551899859977056, 0.0, 0.0, 0.0, 0.29780518194686356, 0.7948164853826456, 0.5999857396353584, 0.0, 0.0, 0.0, 0.5801008018271228, 0.42216078426874903, 0.0, 0.0, 0.0, 0.0, 0.0, 0.0030790233069305298, 0.0005303284491633054, 0.3107132217903446, 0.0, 0.0, 
0.0, 0.0, 0.0, 0.009530358830997336, 1.0, 0.0, 0.4341210939971958, 0.0, 0.0, 0.0, 0.19973240244153667, 0.8381906425144919, 0.6119031058883342, 0.0, 0.0, 0.0, 0.6027424540586366, 0.5138012462156952, 0.0, 0.0, 0.0, 0.0, 0.0, 0.0037632507084706473, 0.00064817921564404, 0.3797606044104212, 0.0, 0.0, 
0.0, 0.0, 0.0, 0.008563774904442758, 1.0, 0.0, 0.5130522019966859, 0.0, 0.0, 0.0, 0.10165962293620967, 0.8815647996463383, 0.6238204721413099, 0.0, 0.0, 0.0, 0.6253841062901504, 0.6054417081626413, 0.0, 0.0, 0.0, 0.0, 0.0, 0.004447478110010765, 0.0007660299821247745, 0.44880798703049773, 0.0, 0.0, 
0.0, 0.0, 0.0, 0.00759719097788818, 1.0, 0.0, 0.5919833099961761, 0.0, 0.0, 0.0, 0.003586843430882709, 0.9249389567781847, 0.6357378383942857, 0.0, 0.0, 0.0, 0.6480257585216642, 0.6970821701095874, 0.0, 0.0, 0.0, 0.0, 0.0, 0.005131705511550883, 0.000883880748605509, 0.5178553696505743, 0.0, 0.0, 
0.0, 0.0, 0.0, 0.006584232180836423, 0.9727818474357702, 0.0004517734177429467, 0.5924136969866078, 0.0, 0.0, 0.0, 0.003108597640098348, 0.8930589645664518, 0.5509727932750476, 0.0, 0.0, 0.0, 0.6418280389196435, 0.7374712140949757, 0.0, 0.0, 0.0, 0.0, 0.0, 0.0059862521622361395, 0.001136209673409629, 0.5137520795852133, 0.0021855304067395216, 0.0, 
0.0, 0.0, 0.0, 0.005571273383784665, 0.9455636948715405, 0.0009035468354858934, 0.5928440839770396, 0.0, 0.0, 0.0, 0.0026303518493139867, 0.8611789723547191, 0.46620774815580945, 0.0, 0.0, 0.0, 0.6356303193176227, 0.7778602580803641, 0.0, 0.0, 0.0, 0.0, 0.0, 0.006840798812921396, 0.0013885385982137493, 0.5096487895198522, 0.004371060813479043, 0.0, 
0.0, 0.0, 0.0, 0.004558314586732909, 0.9183455423073107, 0.0013553202532288402, 0.5932744709674714, 0.0, 0.0, 0.0, 0.0021521060585296256, 0.8292989801429862, 0.3814427030365714, 0.0, 0.0, 0.0, 0.629432599715602, 0.8182493020657524, 0.0, 0.0, 0.0, 0.0, 0.0, 0.007695345463606652, 0.0016408675230178693, 0.5055454994544911, 0.006556591220218564, 0.0, 
0.0, 0.0, 0.0, 0.0035453557896811512, 0.8911273897430809, 0.0018070936709717869, 0.5937048579579032, 0.0, 0.0, 0.0, 0.0016738602677452642, 0.7974189879312534, 0.2966776579173333, 0.0, 0.0, 0.0, 0.6232348801135812, 0.8586383460511408, 0.0, 0.0, 0.0, 0.0, 0.0, 0.00854989211429191, 0.0018931964478219893, 0.50144220938913, 0.008742121626958086, 0.0, 
0.0, 0.0, 0.0, 0.0025323969926293937, 0.8639092371788512, 0.002258867088714734, 0.5941352449483349, 0.0, 0.0, 0.0, 0.0011956144769609029, 0.7655389957195206, 0.2119126127980952, 0.0, 0.0, 0.0, 0.6170371605115604, 0.8990273900365291, 0.0, 0.0, 0.0, 0.0, 0.0, 0.009404438764977166, 0.0021455253726261093, 0.49733891932376895, 0.010927652033697608, 0.0, 
0.0, 0.0, 0.0, 0.0015194381955776371, 0.8366910846146214, 0.0027106405064576803, 0.5945656319387667, 0.0, 0.0, 0.0, 0.0007173686861765417, 0.7336590035077877, 0.12714756767885715, 0.0, 0.0, 0.0, 0.6108394409095397, 0.9394164340219175, 0.0, 0.0, 0.0, 0.0, 0.0, 0.010258985415662423, 0.0023978542974302294, 0.49323562925840786, 0.013113182440437129, 0.0, 
0.0, 0.0, 0.0, 0.0005064793985258796, 0.8094729320503917, 0.003162413924200627, 0.5949960189291984, 0.0, 0.0, 0.0, 0.00023912289539218057, 0.7017790112960549, 0.04238252255961905, 0.0, 0.0, 0.0, 0.6046417213075188, 0.9798054780073058, 0.0, 0.0, 0.0, 0.0, 0.0, 0.01111353206634768, 0.0026501832222343494, 0.4891323391930468, 0.01529871284717665, 0.0, 
0.0, 0.0, 0.0, 0.0, 0.7985906377656905, 0.04723746428140257, 0.5883308094748819, 0.0, 0.0, 0.0, 0.0015377194522313406, 0.706783080844176, 0.000587153309351848, 0.0, 0.0, 0.0, 0.6082341510529106, 0.9856975346823688, 0.0, 0.0, 0.0, 0.0, 0.0, 0.01192614113111392, 0.0030181609354200086, 0.4928633765675553, 0.01529871284717665, 0.0, 
0.0, 0.0, 0.0, 0.0, 0.8040442017605179, 0.1349357915780635, 0.574570003575817, 0.0, 0.0, 0.0, 0.0046131583566940216, 0.7486712121521508, 0.0017614599280555442, 0.0, 0.0, 0.0, 0.6216167301457147, 0.9570926040471064, 0.0, 0.0, 0.0, 0.0, 0.0, 0.012696812609961142, 0.0035017874369872074, 0.5044287413819334, 0.013113182440437129, 0.0, 
0.0, 0.0, 0.0, 0.0, 0.8094977657553454, 0.22263411887472445, 0.5608091976767521, 0.0, 0.0, 0.0, 0.007688597261156703, 0.7905593434601257, 0.00293576654675924, 0.0, 0.0, 0.0, 0.634999309238519, 0.9284876734118439, 0.0, 0.0, 0.0, 0.0, 0.0, 0.013467484088808365, 0.003985413938554406, 0.5159941061963115, 0.010927652033697607, 0.0, 
0.0, 0.0, 0.0, 0.0, 0.8149513297501728, 0.3103324461713854, 0.5470483917776872, 0.0, 0.0, 0.0, 0.010764036165619384, 0.8324474747681005, 0.004110073165462936, 0.0, 0.0, 0.0, 0.6483818883313232, 0.8998827427765815, 0.0, 0.0, 0.0, 0.0, 0.0, 0.014238155567655588, 0.004469040440121605, 0.5275594710106895, 0.008742121626958086, 0.0, 
0.0, 0.0, 0.0, 0.0, 0.8204048937450001, 0.39803077346804633, 0.5332875858786222, 0.0, 0.0, 0.0, 0.013839475070082066, 0.8743356060760754, 0.005284379784166632, 0.0, 0.0, 0.0, 0.6617644674241273, 0.8712778121413192, 0.0, 0.0, 0.0, 0.0, 0.0, 0.015008827046502811, 0.004952666941688803, 0.5391248358250675, 0.006556591220218564, 0.0, 
0.0, 0.0, 0.0, 0.0, 0.8258584577398276, 0.48572910076470727, 0.5195267799795574, 0.0, 0.0, 0.0, 0.016914913974544747, 0.9162237373840503, 0.006458686402870328, 0.0, 0.0, 0.0, 0.6751470465169316, 0.8426728815060567, 0.0, 0.0, 0.0, 0.0, 0.0, 0.015779498525350034, 0.005436293443256002, 0.5506902006394456, 0.004371060813479042, 0.0, 
0.0, 0.0, 0.0, 0.0, 0.831312021734655, 0.5734274280613681, 0.5057659740804925, 0.0, 0.0, 0.0, 0.01999035287900743, 0.9581118686920251, 0.007632993021574025, 0.0, 0.0, 0.0, 0.6885296256097357, 0.8140679508707942, 0.0, 0.0, 0.0, 0.0, 0.0, 0.016550170004197257, 0.0059199199448232015, 0.5622555654538237, 0.002185530406739522, 0.0, 
0.0, 0.0, 0.0, 0.0, 0.8367655857294825, 0.6611257553580291, 0.4920051681814276, 0.0, 0.0, 0.0, 0.02306579178347011, 1.0, 0.00880729964027772, 0.0, 0.0, 0.0, 0.7019122047025399, 0.7854630202355318, 0.0, 0.0, 0.0, 0.0, 0.0, 0.01732084148304448, 0.0064035464463904, 0.5738209302682018, 0.0, 0.0, 
0.0, 0.0, 0.0, 0.0, 0.7261220383034762, 0.5734411905706988, 0.42640447909057055, 0.0, 0.0, 0.0, 0.1362775910845051, 0.9541633970698857, 0.008928181889263642, 0.0, 0.0, 0.0, 0.6099634909912688, 0.8140679508707942, 0.00046162730162779646, 0.0, 0.0, 0.0, 0.0, 0.015011395951971882, 0.005778550359282996, 0.49765048358081215, 0.0, 0.0, 
0.0, 0.0, 0.0, 0.0, 0.61547849087747, 0.4857566257833684, 0.3608037899997136, 0.0, 0.0, 0.0, 0.24948939038554013, 0.9083267941397714, 0.009049064138249564, 0.0, 0.0, 0.0, 0.5180147772799978, 0.8426728815060567, 0.0009232546032555929, 0.0, 0.0, 0.0, 0.0, 0.012701950420899284, 0.005153554272175593, 0.4214800368934225, 0.0, 0.0, 
0.0, 0.0, 0.0, 0.0, 0.5048349434514636, 0.39807206099603815, 0.2952031009088566, 0.0, 0.0, 0.0, 0.36270118968657517, 0.8624901912096571, 0.009169946387235485, 0.0, 0.0, 0.0, 0.4260660635687267, 0.871277812141319, 0.0013848819048833893, 0.0, 0.0, 0.0, 0.0, 0.010392504889826688, 0.00452855818506819, 0.3453095902060329, 0.0, 0.0, 
0.0, 0.0, 0.0, 0.0, 0.3941913960254574, 0.3103874962087078, 0.22960241181799956, 0.0, 0.0, 0.0, 0.47591298898761014, 0.8166535882795427, 0.009290828636221405, 0.0, 0.0, 0.0, 0.33411734985745567, 0.8998827427765815, 0.0018465092065111858, 0.0, 0.0, 0.0, 0.0, 0.00808305935875409, 0.0039035620979607864, 0.26913914351864326, 0.0, 0.0, 
0.0, 0.0, 0.0, 0.0, 0.28354784859945115, 0.22270293142137748, 0.16400172272714253, 0.0, 0.0, 0.0, 0.5891247882886451, 0.7708169853494284, 0.009411710885207326, 0.0, 0.0, 0.0, 0.2421686361461846, 0.9284876734118439, 0.0023081365081389824, 0.0, 0.0, 0.0, 0.0, 0.005773613827681493, 0.003278566010853383, 0.19296869683125362, 0.0, 0.0, 
0.0, 0.0, 0.0, 0.0, 0.1729043011734448, 0.1350183666340472, 0.09840103363628555, 0.0, 0.0, 0.0, 0.7023365875896802, 0.7249803824193142, 0.009532593134193247, 0.0, 0.0, 0.0, 0.15021992243491356, 0.9570926040471064, 0.0027697638097667785, 0.0, 0.0, 0.0, 0.0, 0.0034641682966088973, 0.0026535699237459796, 0.11679825014386402, 0.0, 0.0, 
0.0, 0.0, 0.0, 0.0, 0.06226075374743856, 0.04733380184671687, 0.03280034454542857, 0.0, 0.0, 0.0, 0.8155483868907152, 0.6791437794891999, 0.009653475383179169, 0.0, 0.0, 0.0, 0.058271208723642554, 0.9856975346823688, 0.003231391111394575, 0.0, 0.0, 0.0, 0.0, 0.001154722765536298, 0.0020285738366385767, 0.04062780345647432, 0.0, 0.0, 
0.0, 0.0, 0.0, 0.0, 0.04979590118599211, 0.004224367475448679, 0.0, 0.0, 0.0, 0.0, 0.8728817832404141, 0.6638024152501529, 0.009066322073827321, 0.0, 0.0, 0.0, 0.011477061743473247, 1.0, 0.006875851326253812, 0.0, 0.0, 0.0, 0.0, 0.0, 0.0022462630798517824, 0.003637548432711871, 0.0, 0.0, 
0.0, 0.0, 0.0, 0.0, 0.1355097434891053, 0.005690063520242663, 0.0, 0.0, 0.0, 0.0, 0.8743367766387771, 0.6789562897021734, 0.007771133206137704, 0.0, 0.0, 0.0, 0.00983748149440564, 1.0, 0.01370314445434449, 0.0, 0.0, 0.0, 0.0, 0.0, 0.0033066376533855985, 0.005827485072576631, 0.0, 0.0, 
0.0, 0.0, 0.0, 0.0, 0.22122358579221849, 0.007155759565036646, 0.0, 0.0, 0.0, 0.0, 0.87579177003714, 0.6941101641541938, 0.006475944338448086, 0.0, 0.0, 0.0, 0.008197901245338033, 1.0, 0.020530437582435165, 0.0, 0.0, 0.0, 0.0, 0.0, 0.004367012226919415, 0.008017421712441391, 0.0, 0.0, 
0.0, 0.0, 0.0, 0.0, 0.3069374280953317, 0.00862145560983063, 0.0, 0.0, 0.0, 0.0, 0.877246763435503, 0.7092640386062143, 0.005180755470758469, 0.0, 0.0, 0.0, 0.006558320996270427, 1.0, 0.027357730710525843, 0.0, 0.0, 0.0, 0.0, 0.0, 0.005427386800453231, 0.010207358352306151, 0.0, 0.0, 
0.0, 0.0, 0.0, 0.0, 0.3926512703984449, 0.010087151654624614, 0.0, 0.0, 0.0, 0.0, 0.8787017568338661, 0.7244179130582348, 0.003885566603068852, 0.0, 0.0, 0.0, 0.00491874074720282, 0.9999999999999999, 0.03418502383861652, 0.0, 0.0, 0.0, 0.0, 0.0, 0.006487761373987048, 0.012397294992170913, 0.0, 0.0, 
0.0, 0.0, 0.0, 0.0, 0.47836511270155807, 0.011552847699418597, 0.0, 0.0, 0.0, 0.0, 0.8801567502322291, 0.7395717875102552, 0.0025903777353792345, 0.0, 0.0, 0.0, 0.0032791604981352133, 0.9999999999999999, 0.041012316966707194, 0.0, 0.0, 0.0, 0.0, 0.0, 0.007548135947520863, 0.014587231632035671, 0.0, 0.0, 
0.0, 0.0, 0.0, 0.0, 0.5640789550046713, 0.013018543744212581, 0.0, 0.0, 0.0, 0.0, 0.881611743630592, 0.7547256619622758, 0.0012951888676896173, 0.0, 0.0, 0.0, 0.0016395802490676067, 0.9999999999999999, 0.047839610094797876, 0.0, 0.0, 0.0, 0.0, 0.0, 0.00860851052105468, 0.01677716827190043, 0.0, 0.0, 
0.0, 0.0, 0.0, 0.0, 0.6497927973077845, 0.014484239789006563, 0.0, 0.0, 0.0, 0.0, 0.883066737028955, 0.7698795364142962, 0.0, 0.0, 0.0, 0.0, 0.0, 0.9999999999999999, 0.05466690322288855, 0.0, 0.0, 0.0, 0.0, 0.0, 0.009668885094588495, 0.01896710491176519, 0.0, 0.0, 
0.0, 0.0, 0.0, 0.0, 0.5631537576667466, 0.01682881614806663, 0.0, 0.0, 0.0, 0.10536594559794756, 0.8986578387584276, 0.6672289315590567, 0.0, 0.0, 0.0, 0.0, 0.0012227249989452918, 0.959399793069432, 0.13886879149338582, 0.0, 0.0, 0.0, 0.0, 0.0, 0.0105017567923713, 0.017033152768320143, 0.0, 0.0, 
0.0, 0.0, 0.0, 0.0, 0.47651471802570866, 0.019173392507126692, 0.0, 0.0, 0.0, 0.2107318911958951, 0.9142489404879003, 0.5645783267038171, 0.0, 0.0, 0.0, 0.0, 0.0024454499978905837, 0.9187995861388641, 0.22307067976388312, 0.0, 0.0, 0.0, 0.0, 0.0, 0.011334628490154102, 0.015099200624875094, 0.0, 0.0, 
0.0, 0.0, 0.0, 0.0, 0.3898756783846707, 0.021517968866186756, 0.0, 0.0, 0.0, 0.3160978367938427, 0.929840042217373, 0.46192772184857767, 0.0, 0.0, 0.0, 0.0, 0.0036681749968358757, 0.8781993792082963, 0.30727256803438036, 0.0, 0.0, 0.0, 0.0, 0.0, 0.012167500187936907, 0.013165248481430046, 0.0, 0.0, 
0.0, 0.0, 0.0, 0.0, 0.30323663874363277, 0.02386254522524682, 0.0, 0.0, 0.0, 0.4214637823917902, 0.9454311439468457, 0.3592771169933382, 0.0, 0.0, 0.0, 0.0, 0.004890899995781167, 0.8375991722777284, 0.39147445630487765, 0.0, 0.0, 0.0, 0.0, 0.0, 0.01300037188571971, 0.011231296337985, 0.0, 0.0, 
0.0, 0.0, 0.0, 0.0, 0.21659759910259485, 0.026207121584306884, 0.0, 0.0, 0.0, 0.5268297279897378, 0.9610222456763183, 0.25662651213809873, 0.0, 0.0, 0.0, 0.0, 0.006113624994726459, 0.7969989653471605, 0.47567634457537494, 0.0, 0.0, 0.0, 0.0, 0.0, 0.013833243583502514, 0.009297344194539951, 0.0, 0.0, 
0.0, 0.0, 0.0, 0.0, 0.12995855946155688, 0.028551697943366948, 0.0, 0.0, 0.0, 0.6321956735876854, 0.976613347405791, 0.15397590728285915, 0.0, 0.0, 0.0, 0.0, 0.0073363499936717515, 0.7563987584165928, 0.5598782328458722, 0.0, 0.0, 0.0, 0.0, 0.0, 0.014666115281285318, 0.0073633920510949025, 0.0, 0.0, 
0.0, 0.0, 0.0, 0.0, 0.04331951982051896, 0.030896274302427015, 0.0, 0.0, 0.0, 0.7375616191856329, 0.9922044491352636, 0.05132530242761968, 0.0, 0.0, 0.0, 0.0, 0.008559074992617042, 0.7157985514860248, 0.6440801211163696, 0.0, 0.0, 0.0, 0.0, 0.0, 0.015498986979068121, 0.005429439907649856, 0.0, 0.0, 
0.0, 0.0, 0.0, 0.0, 0.0, 0.029930658316493244, 0.0, 0.0, 0.0, 0.7808466090699773, 0.9827988288705614, 0.0, 0.0, 0.0, 0.0, 0.0, 0.009028536743981143, 0.7062138688041496, 0.7071023275681769, 0.0, 0.0, 0.0, 0.0, 0.0, 0.014965962298705619, 0.004223067962726824, 0.0, 0.0, 
0.0, 0.0, 0.0, 0.0, 0.0, 0.025654849985565636, 0.0, 0.0, 0.0, 0.7620506432407185, 0.9483964866116841, 0.0, 0.0, 0.0, 0.0, 0.0, 0.00874473524776405, 0.7276447103709671, 0.7489448522012945, 0.0, 0.0, 0.0, 0.0, 0.0, 0.013067041240197811, 0.00374427621632581, 0.0, 0.0, 
0.0, 0.0, 0.0, 0.0, 0.0, 0.02137904165463803, 0.0, 0.0, 0.0, 0.7432546774114598, 0.9139941443528069, 0.0, 0.0, 0.0, 0.0, 0.0, 0.008460933751546959, 0.7490755519377845, 0.790787376834412, 0.0, 0.0, 0.0, 0.0, 0.0, 0.011168120181690005, 0.003265484469924796, 0.0, 0.0, 
0.0, 0.0, 0.0, 0.0, 0.0, 0.017103233323710422, 0.0, 0.0, 0.0, 0.724458711582201, 0.8795918020939296, 0.0, 0.0, 0.0, 0.0, 0.0, 0.008177132255329867, 0.770506393504602, 0.8326299014675296, 0.0, 0.0, 0.0, 0.0, 0.0, 0.0092691991231822, 0.0027866927235237825, 0.0, 0.0, 
0.0, 0.0, 0.0, 0.0, 0.0, 0.012827424992782818, 0.0, 0.0, 0.0, 0.7056627457529423, 0.8451894598350523, 0.0, 0.0, 0.0, 0.0, 0.0, 0.007893330759112775, 0.7919372350714194, 0.8744724261006471, 0.0, 0.0, 0.0, 0.0, 0.0, 0.007370278064674392, 0.0023079009771227684, 0.0, 0.0, 
0.0, 0.0, 0.0, 0.0, 0.0, 0.008551616661855211, 0.0, 0.0, 0.0, 0.6868667799236835, 0.8107871175761752, 0.0, 0.0, 0.0, 0.0, 0.0, 0.007609529262895682, 0.813368076638237, 0.9163149507337648, 0.0, 0.0, 0.0, 0.0, 0.0, 0.005471357006166584, 0.0018291092307217548, 0.0, 0.0, 
0.0, 0.0, 0.0, 0.0, 0.0, 0.004275808330927604, 0.0, 0.0, 0.0, 0.6680708140944247, 0.7763847753172979, 0.0, 0.0, 0.0, 0.0, 0.0, 0.00732572776667859, 0.8347989182050544, 0.9581574753668823, 0.0, 0.0, 0.0, 0.0, 0.0, 0.0035724359476587766, 0.0013503174843207408, 0.0, 0.0, 
0.0, 0.0, 0.0, 0.0, 0.0, 0.0, 0.0, 0.0, 0.0, 0.649274848265166, 0.7419824330584206, 0.0, 0.0, 0.0, 0.0, 0.0, 0.007041926270461498, 0.8562297597718719, 0.9999999999999999, 0.0, 0.0, 0.0, 0.0, 0.0, 0.0016735148891509712, 0.0008715257379197273, 0.0, 0.0, 
0.0, 0.0, 0.0, 0.0, 0.0, 0.0, 0.0, 0.0, 0.0029360503164438793, 0.6960382018298106, 0.7155117933160628, 0.0, 0.0, 0.0, 0.0, 0.0014838095300274841, 0.009858095943012941, 0.8293953727279331, 0.9944439354730472, 0.0, 0.0, 0.0, 0.0, 0.0, 0.10688669671318796, 0.11450186268267155, 0.0, 0.0, 
0.0, 0.0, 0.0, 0.0, 0.0, 0.0, 0.0, 0.0, 0.005872100632887759, 0.7428015553944551, 0.6890411535737051, 0.0, 0.0, 0.0, 0.0, 0.0029676190600549683, 0.012674265615564383, 0.8025609856839941, 0.9888878709460945, 0.0, 0.0, 0.0, 0.0, 0.0, 0.21209987853722492, 0.2281321996274234, 0.0, 0.0, 
0.0, 0.0, 0.0, 0.0, 0.0, 0.0, 0.0, 0.0, 0.008808150949331638, 0.7895649089590996, 0.6625705138313474, 0.0, 0.0, 0.0, 0.0, 0.004451428590082452, 0.015490435288115827, 0.7757265986400553, 0.9833318064191419, 0.0, 0.0, 0.0, 0.0, 0.0, 0.3173130603612619, 0.3417625365721752, 0.0, 0.0, 
0.0, 0.0, 0.0, 0.0, 0.0, 0.0, 0.0, 0.0, 0.011744201265775517, 0.8363282625237441, 0.6360998740889896, 0.0, 0.0, 0.0, 0.0, 0.0059352381201099366, 0.01830660496066727, 0.7488922115961164, 0.9777757418921892, 0.0, 0.0, 0.0, 0.0, 0.0, 0.4225262421852989, 0.45539287351692703, 0.0, 0.0, 
0.0, 0.0, 0.0, 0.0, 0.0, 0.0, 0.0, 0.0, 0.014680251582219396, 0.8830916160883887, 0.6096292343466319, 0.0, 0.0, 0.0, 0.0, 0.007419047650137421, 0.02112277463321871, 0.7220578245521776, 0.9722196773652365, 0.0, 0.0, 0.0, 0.0, 0.0, 0.5277394240093359, 0.5690232104616788, 0.0, 0.0, 
0.0, 0.0, 0.0, 0.0, 0.0, 0.0, 0.0, 0.0, 0.017616301898663277, 0.9298549696530332, 0.583158594604274, 0.0, 0.0, 0.0, 0.0, 0.008902857180164904, 0.023938944305770152, 0.6952234375082387, 0.9666636128382838, 0.0, 0.0, 0.0, 0.0, 0.0, 0.6329526058333729, 0.6826535474064307, 0.0, 0.0, 
0.0, 0.0, 0.0, 0.0, 0.0, 0.0, 0.0, 0.0, 0.020552352215107154, 0.9766183232176777, 0.5566879548619162, 0.0, 0.0, 0.0, 0.0, 0.010386666710192389, 0.026755113978321594, 0.6683890504642999, 0.9611075483113312, 0.0, 0.0, 0.0, 0.0, 0.0, 0.7381657876574099, 0.7962838843511826, 0.0, 0.0, 
0.053672025107432145, 0.04003675803697241, 0.04424269762496933, 0.03668884578010326, 0.0, 0.0, 0.0, 0.00029364566019612394, 0.021647006325577815, 0.9900326304319841, 0.549550131170913, 0.00030224219224686354, 0.0, 0.0, 0.0004115973177751495, 0.06900646520294151, 0.07472273737989935, 0.6548109407020902, 0.9557886115327374, 0.0, 0.0, 0.0, 0.0, 0.0, 0.7990015237933511, 0.7965260947206794, 0.0, 0.0, 
0.16101607532229645, 0.12011027411091724, 0.132728092874908, 0.11006653734030977, 0.0, 0.0, 0.0, 0.0008809369805883718, 0.020900264230075256, 0.9700978912959523, 0.5617451235312644, 0.0009067265767405907, 0.0, 0.0, 0.0012347919533254484, 0.18476225265841226, 0.16784181451050337, 0.6544891082216098, 0.9507068025025027, 0.0, 0.0, 0.0, 0.0, 0.0, 0.8154598142411965, 0.683380178514921, 0.0, 0.0, 
0.2683601255371607, 0.20018379018486204, 0.22121348812484665, 0.1834442289005163, 0.0, 0.0, 0.0, 0.0014682283009806196, 0.020153522134572697, 0.9501631521599204, 0.5739401158916158, 0.0015112109612343176, 0.0, 0.0, 0.0020579865888757476, 0.300518040113883, 0.2609608916411075, 0.6541672757411293, 0.945624993472268, 0.0, 0.0, 0.0, 0.0, 0.0, 0.8319181046890419, 0.5702342623091627, 0.0, 0.0, 
0.375704175752025, 0.28025730625880685, 0.3096988833747853, 0.25682192046072283, 0.0, 0.0, 0.0, 0.0020555196213728677, 0.019406780039070138, 0.9302284130238886, 0.586135108251967, 0.0021156953457280446, 0.0, 0.0, 0.0028811812244260463, 0.41627382756935377, 0.3540799687717115, 0.6538454432606489, 0.9405431844420333, 0.0, 0.0, 0.0, 0.0, 0.0, 0.8483763951368873, 0.45708834610340454, 0.0, 0.0, 
0.4830482259668893, 0.3603308223327517, 0.398184278624724, 0.3301996120209293, 0.0, 0.0, 0.0, 0.0026428109417651153, 0.01866003794356758, 0.9102936738878568, 0.5983301006123184, 0.002720179730221772, 0.0, 0.0, 0.0037043758599763455, 0.5320296150248246, 0.4471990459023156, 0.6535236107801684, 0.9354613754117987, 0.0, 0.0, 0.0, 0.0, 0.0, 0.8648346855847328, 0.34394242989764623, 0.0, 0.0, 
0.5903922761817536, 0.4404043384066965, 0.48666967387466264, 0.40357730358113586, 0.0, 0.0, 0.0, 0.0032301022621573634, 0.01791329584806502, 0.8903589347518249, 0.6105250929726698, 0.003324664114715499, 0.0, 0.0, 0.004527570495526645, 0.6477854024802954, 0.5403181230329196, 0.653201778299688, 0.930379566381564, 0.0, 0.0, 0.0, 0.0, 0.0, 0.8812929760325782, 0.23079651369188803, 0.0, 0.0, 
0.6977363263966179, 0.5204778544806413, 0.5751550691246013, 0.4769549951413423, 0.0, 0.0, 0.0, 0.003817393582549611, 0.01716655375256246, 0.8704241956157931, 0.622720085333021, 0.003929148499209226, 0.0, 0.0, 0.005350765131076943, 0.7635411899357661, 0.6334372001635236, 0.6528799458192075, 0.9252977573513294, 0.0, 0.0, 0.0, 0.0, 0.0, 0.8977512664804236, 0.11765059748612972, 0.0, 0.0, 
0.8050803766114821, 0.6005513705545862, 0.6636404643745399, 0.5503326867015489, 0.0, 0.0, 0.0, 0.004404684902941859, 0.016419811657059902, 0.8504894564797613, 0.6349150776933724, 0.004533632883702953, 0.0, 0.0, 0.006173959766627242, 0.8792969773912369, 0.7265562772941276, 0.652558113338727, 0.9202159483210947, 0.0, 0.0, 0.0, 0.0, 0.0, 0.914209556928269, 0.004504681280371442, 0.0, 0.0, 
0.7765176448654184, 0.6205384310009592, 0.5817408375939254, 0.47729353141688524, 0.0, 0.0, 0.0, 0.0038173935825496115, 0.10614386784228408, 0.8704241956157931, 0.642779499013941, 0.0039291484992092255, 0.0, 0.0, 0.005350765131076943, 0.8469553120898228, 0.7326528097795622, 0.6967671658416036, 0.9200740841701924, 0.0, 0.0, 0.0, 0.0, 0.0, 0.7937633579611486, 0.0040219683645265954, 0.0, 0.0, 
0.7479549131193547, 0.6405254914473323, 0.4998412108133107, 0.4042543761322216, 0.0, 0.0, 0.0, 0.0032301022621573634, 0.19586792402750827, 0.8903589347518249, 0.6506439203345097, 0.003324664114715499, 0.0, 0.0, 0.004527570495526644, 0.8146136467884086, 0.7387493422649968, 0.74097621834448, 0.9199322200192902, 0.0, 0.0, 0.0, 0.0, 0.0, 0.6733171589940282, 0.003539255448681748, 0.0, 0.0, 
0.719392181373291, 0.6605125518937053, 0.4179415840326961, 0.3312152208475579, 0.0, 0.0, 0.0, 0.0026428109417651153, 0.28559198021273247, 0.9102936738878568, 0.6585083416550783, 0.0027201797302217716, 0.0, 0.0, 0.0037043758599763455, 0.7822719814869945, 0.7448458747504313, 0.7851852708473566, 0.9197903558683881, 0.0, 0.0, 0.0, 0.0, 0.0, 0.5528709600269079, 0.003056542532836901, 0.0, 0.0, 
0.6908294496272273, 0.6804996123400783, 0.33604195725208147, 0.25817606556289424, 0.0, 0.0, 0.0, 0.0020555196213728677, 0.37531603639795663, 0.9302284130238886, 0.666372762975647, 0.0021156953457280446, 0.0, 0.0, 0.0028811812244260463, 0.7499303161855804, 0.7509424072358658, 0.8293943233502331, 0.9196484917174859, 0.0, 0.0, 0.0, 0.0, 0.0, 0.4324247610597875, 0.002573829616992054, 0.0, 0.0, 
0.6622667178811635, 0.7004866727864513, 0.25414233047146684, 0.1851369102782306, 0.0, 0.0, 0.0, 0.00146822830098062, 0.4650400925831808, 0.9501631521599204, 0.6742371842962156, 0.0015112109612343176, 0.0, 0.0, 0.002057986588875747, 0.7175886508841662, 0.7570389397213003, 0.8736033758531097, 0.9195066275665836, 0.0, 0.0, 0.0, 0.0, 0.0, 0.31197856209266717, 0.0020911167011472068, 0.0, 0.0, 
0.6337039861350998, 0.7204737332328244, 0.17224270369085226, 0.11209775499356689, 0.0, 0.0, 0.0, 0.0008809369805883719, 0.554764148768405, 0.9700978912959523, 0.6821016056167842, 0.0009067265767405902, 0.0, 0.0, 0.0012347919533254488, 0.6852469855827522, 0.7631354722067349, 0.9178124283559861, 0.9193647634156814, 0.0, 0.0, 0.0, 0.0, 0.0, 0.19153236312554678, 0.00160840378530236, 0.0, 0.0, 
0.6051412543890361, 0.7404607936791974, 0.09034307691023757, 0.03905859970890324, 0.0, 0.0, 0.0, 0.00029364566019612383, 0.6444882049536291, 0.9900326304319841, 0.6899660269373529, 0.0003022421922468637, 0.0, 0.0, 0.0004115973177751496, 0.6529053202813381, 0.7692320046921695, 0.9620214808588626, 0.9192228992647792, 0.0, 0.0, 0.0, 0.0, 0.0, 0.07108616415842639, 0.0011256908694575129, 0.0, 0.0, 
0.5516355018122419, 0.700424035642225, 0.04714447045026181, 0.002369753928800003, 0.0, 0.0, 0.0, 0.0, 0.6890113885929543, 0.9345264799559817, 0.6917239493557029, 0.0, 0.0, 0.0, 0.0, 0.5948712121339591, 0.7874615862058942, 0.969004172806669, 0.8578751693767063, 0.0, 0.0, 0.0, 0.0, 0.0, 0.01013886036320848, 0.0008253787840994165, 0.0, 0.0, 
0.4731867284047172, 0.6003634591219071, 0.042646884310924664, 0.0020312176532571455, 0.0, 0.0, 0.0, 0.0, 0.6883336996863804, 0.803579439867945, 0.6873753728718343, 0.0, 0.0, 0.0, 0.0, 0.5111446611406154, 0.8178242167479094, 0.938760504199405, 0.7353215737514625, 0.0, 0.0, 0.0, 0.0, 0.0, 0.008690451739892984, 0.0007074675292280712, 0.0, 0.0, 
0.39473795499719255, 0.5003028826015893, 0.03814929817158752, 0.001692681377714288, 0.0, 0.0, 0.0, 0.0, 0.6876560107798064, 0.6726323997799083, 0.6830267963879656, 0.0, 0.0, 0.0, 0.0, 0.4274181101472716, 0.8481868472899244, 0.9085168355921412, 0.6127679781262187, 0.0, 0.0, 0.0, 0.0, 0.0, 0.007242043116577486, 0.0005895562743567261, 0.0, 0.0, 
0.31628918158966784, 0.4002423060812714, 0.03365171203225037, 0.0013541451021714303, 0.0, 0.0, 0.0, 0.0, 0.6869783218732325, 0.5416853596918716, 0.6786782199040969, 0.0, 0.0, 0.0, 0.0, 0.3436915591539279, 0.8785494778319395, 0.8782731669848773, 0.490214382500975, 0.0, 0.0, 0.0, 0.0, 0.0, 0.005793634493261989, 0.00047164501948538084, 0.0, 0.0, 
0.2378404081821432, 0.30018172956095357, 0.029154125892913225, 0.0010156088266285728, 0.0, 0.0, 0.0, 0.0, 0.6863006329666586, 0.410738319603835, 0.6743296434202283, 0.0, 0.0, 0.0, 0.0, 0.2599650081605841, 0.9089121083739546, 0.8480294983776135, 0.3676607868757312, 0.0, 0.0, 0.0, 0.0, 0.0, 0.004345225869946491, 0.00035373376461403567, 0.0, 0.0, 
0.15939163477461848, 0.2001211530406357, 0.024656539753576078, 0.0006770725510857152, 0.0, 0.0, 0.0, 0.0, 0.6856229440600846, 0.2797912795157983, 0.6699810669363596, 0.0, 0.0, 0.0, 0.0, 0.1762384571672404, 0.9392747389159697, 0.8177858297703496, 0.24510719125048752, 0.0, 0.0, 0.0, 0.0, 0.0, 0.0028968172466309946, 0.00023582250974269045, 0.0, 0.0, 
0.08094286136709383, 0.10006057652031786, 0.02015895361423893, 0.0003385362755428576, 0.0, 0.0, 0.0, 0.0, 0.6849452551535107, 0.1488442394277616, 0.665632490452491, 0.0, 0.0, 0.0, 0.0, 0.0925119061738966, 0.9696373694579848, 0.7875421611630857, 0.12255359562524382, 0.0, 0.0, 0.0, 0.0, 0.0, 0.0014484086233154964, 0.00011791125487134522, 0.0, 0.0, 
0.002494087959569192, 0.0, 0.015661367474901787, 0.0, 0.0, 0.0, 0.0, 0.0, 0.6842675662469367, 0.01789719933972497, 0.6612839139686223, 0.0, 0.0, 0.0, 0.0, 0.008785355180552854, 0.9999999999999999, 0.7572984925558219, 0.0, 0.0, 0.0, 0.0, 0.0, 0.0, 0.0, 0.0, 0.0, 0.0, 
0.0021615428982933, 0.0, 0.013573185144914882, 0.0, 0.0, 0.0, 0.0, 0.0, 0.681385653880348, 0.10492678162258733, 0.5774075998678416, 0.0, 0.0, 0.0, 0.0, 0.0076139744898124735, 0.9999999999999999, 0.7574220065796038, 0.0, 0.0, 0.0, 0.0, 0.0, 0.0, 0.0, 0.0, 0.0, 0.0, 
0.0018289978370174076, 0.0, 0.011485002814927977, 0.0, 0.0, 0.0, 0.0, 0.0, 0.6785037415137591, 0.19195636390544968, 0.4935312857670609, 0.0, 0.0, 0.0, 0.0, 0.006442593799072093, 0.9999999999999999, 0.7575455206033858, 0.0, 0.0, 0.0, 0.0, 0.0, 0.0, 0.0, 0.0, 0.0, 0.0, 
0.0014964527757415154, 0.0, 0.009396820484941072, 0.0, 0.0, 0.0, 0.0, 0.0, 0.6756218291471704, 0.278985946188312, 0.4096549716662802, 0.0, 0.0, 0.0, 0.0, 0.005271213108331712, 0.9999999999999999, 0.7576690346271676, 0.0, 0.0, 0.0, 0.0, 0.0, 0.0, 0.0, 0.0, 0.0, 0.0, 
0.001163907714465623, 0.0, 0.007308638154954167, 0.0, 0.0, 0.0, 0.0, 0.0, 0.6727399167805815, 0.36601552847117436, 0.3257786575654995, 0.0, 0.0, 0.0, 0.0, 0.004099832417591332, 1.0, 0.7577925486509496, 0.0, 0.0, 0.0, 0.0, 0.0, 0.0, 0.0, 0.0, 0.0, 0.0, 
0.0008313626531897306, 0.0, 0.005220455824967262, 0.0, 0.0, 0.0, 0.0, 0.0, 0.6698580044139928, 0.4530451107540367, 0.24190234346471884, 0.0, 0.0, 0.0, 0.0, 0.0029284517268509513, 1.0, 0.7579160626747314, 0.0, 0.0, 0.0, 0.0, 0.0, 0.0, 0.0, 0.0, 0.0, 0.0, 
0.0004988175919138386, 0.0, 0.0031322734949803567, 0.0, 0.0, 0.0, 0.0, 0.0, 0.6669760920474039, 0.5400746930368991, 0.15802602936393806, 0.0, 0.0, 0.0, 0.0, 0.00175707103611057, 1.0, 0.7580395766985133, 0.0, 0.0, 0.0, 0.0, 0.0, 0.0, 0.0, 0.0, 0.0, 0.0, 
0.0001662725306379462, 0.0, 0.0010440911649934517, 0.0, 0.0, 0.0, 0.0, 0.0, 0.6640941796808152, 0.6271042753197614, 0.07414971526315739, 0.0, 0.0, 0.0, 0.0, 0.0005856903453701906, 1.0, 0.7581630907222953, 0.0, 0.0, 0.0, 0.0, 0.0, 0.0, 0.0, 0.0, 0.0, 0.0, 
5.510214486362719e-05, 0.0, 0.0002233287667203224, 0.0, 0.0, 0.0, 0.0, 0.0, 0.6196066637440947, 0.6749872976055667, 0.03207092367412998, 0.0, 0.0, 0.0, 0.0, 0.0, 0.9801901980882345, 0.7743431912185738, 0.0, 0.0, 0.0, 0.0, 0.0, 0.0, 0.0, 0.0, 0.0, 0.0, 
0.00016530643459088158, 0.0, 0.0006699863001609672, 0.0, 0.0, 0.0, 0.0, 0.0, 0.5335135442372426, 0.6837237598943149, 0.031789654596855704, 0.0, 0.0, 0.0, 0.0, 0.0, 0.9405705942647034, 0.806579878187349, 0.0, 0.0, 0.0, 0.0, 0.0, 0.0, 0.0, 0.0, 0.0, 0.0, 
0.000275510724318136, 0.0, 0.0011166438336016118, 0.0, 0.0, 0.0, 0.0, 0.0, 0.44742042473039056, 0.692460222183063, 0.03150838551958143, 0.0, 0.0, 0.0, 0.0, 0.0, 0.9009509904411722, 0.8388165651561241, 0.0, 0.0, 0.0, 0.0, 0.0, 0.0, 0.0, 0.0, 0.0, 0.0, 
0.00038571501404539036, 0.0, 0.0015633013670422568, 0.0, 0.0, 0.0, 0.0, 0.0, 0.36132730522353845, 0.7011966844718112, 0.03122711644230716, 0.0, 0.0, 0.0, 0.0, 0.0, 0.8613313866176411, 0.8710532521248993, 0.0, 0.0, 0.0, 0.0, 0.0, 0.0, 0.0, 0.0, 0.0, 0.0, 
0.0004959193037726448, 0.0, 0.0020099589004829014, 0.0, 0.0, 0.0, 0.0, 0.0, 0.2752341857166864, 0.7099331467605593, 0.030945847365032884, 0.0, 0.0, 0.0, 0.0, 0.0, 0.82171178279411, 0.9032899390936745, 0.0, 0.0, 0.0, 0.0, 0.0, 0.0, 0.0, 0.0, 0.0, 0.0, 
0.0006061235934998992, 0.0, 0.0024566164339235464, 0.0, 0.0, 0.0, 0.0, 0.0, 0.18914106620983429, 0.7186696090493075, 0.03066457828775861, 0.0, 0.0, 0.0, 0.0, 0.0, 0.7820921789705788, 0.9355266260624496, 0.0, 0.0, 0.0, 0.0, 0.0, 0.0, 0.0, 0.0, 0.0, 0.0, 
0.0007163278832271535, 0.0, 0.002903273967364191, 0.0, 0.0, 0.0, 0.0, 0.0, 0.10304794670298223, 0.7274060713380557, 0.030383309210484336, 0.0, 0.0, 0.0, 0.0, 0.0, 0.7424725751470477, 0.9677633130312249, 0.0, 0.0, 0.0, 0.0, 0.0, 0.0, 0.0, 0.0, 0.0, 0.0, 
0.0008265321729544079, 0.0, 0.003349931500804836, 0.0, 0.0, 0.0, 0.0, 0.0, 0.016954827196130152, 0.7361425336268038, 0.03010204013321006, 0.0, 0.0, 0.0, 0.0, 0.0, 0.7028529713235165, 1.0, 0.0, 0.0, 0.0, 0.0, 0.0, 0.0, 0.0, 0.0, 0.0, 0.0, 
0.0007163278832271535, 0.0, 0.002903273967364191, 0.0, 0.0, 0.0, 0.0, 0.0, 0.12184031720179123, 0.764762448332957, 0.026537230922226696, 0.0, 0.0, 0.0, 0.0, 0.0, 0.7310141671499448, 1.0, 0.0, 0.0, 0.0, 0.0, 0.0, 0.0, 0.0, 0.0, 0.0, 0.0, 
0.0006061235934998992, 0.0, 0.0024566164339235464, 0.0, 0.0, 0.0, 0.0, 0.0, 0.2267258072074523, 0.7933823630391102, 0.022972421711243335, 0.0, 0.0, 0.0, 0.0, 0.0, 0.7591753629763731, 1.0, 0.0, 0.0, 0.0, 0.0, 0.0, 0.0, 0.0, 0.0, 0.0, 0.0, 
0.0004959193037726447, 0.0, 0.002009958900482902, 0.0, 0.0, 0.0, 0.0, 0.0, 0.33161129721311344, 0.8220022777452635, 0.01940761250025997, 0.0, 0.0, 0.0, 0.0, 0.0, 0.7873365588028014, 1.0, 0.0, 0.0, 0.0, 0.0, 0.0, 0.0, 0.0, 0.0, 0.0, 0.0, 
0.00038571501404539036, 0.0, 0.0015633013670422568, 0.0, 0.0, 0.0, 0.0, 0.0, 0.4364967872187745, 0.8506221924514168, 0.015842803289276605, 0.0, 0.0, 0.0, 0.0, 0.0, 0.8154977546292297, 1.0, 0.0, 0.0, 0.0, 0.0, 0.0, 0.0, 0.0, 0.0, 0.0, 0.0, 
0.00027551072431813593, 0.0, 0.0011166438336016123, 0.0, 0.0, 0.0, 0.0, 0.0, 0.5413822772244355, 0.87924210715757, 0.01227799407829324, 0.0, 0.0, 0.0, 0.0, 0.0, 0.843658950455658, 1.0, 0.0, 0.0, 0.0, 0.0, 0.0, 0.0, 0.0, 0.0, 0.0, 0.0, 
0.00016530643459088156, 0.0, 0.0006699863001609673, 0.0, 0.0, 0.0, 0.0, 0.0, 0.6462677672300967, 0.9078620218637232, 0.008713184867309879, 0.0, 0.0, 0.0, 0.0, 0.0, 0.8718201462820862, 1.0, 0.0, 0.0, 0.0, 0.0, 0.0, 0.0, 0.0, 0.0, 0.0, 0.0, 
5.5102144863627186e-05, 0.0, 0.00022332876672032228, 0.0, 0.0, 0.0, 0.0, 0.0, 0.7511532572357578, 0.9364819365698764, 0.005148375656326514, 0.0, 0.0, 0.0, 0.0, 0.0, 0.8999813421085144, 1.0, 0.0, 0.0, 0.0, 0.0, 0.0, 0.0, 0.0, 0.0, 0.0, 0.0, 
0.0, 0.0, 0.03269426622029612, 0.0030146001117239553, 0.0007296201428826402, 0.0, 0.0, 0.0, 0.7855169081921632, 0.92365494162346, 0.06980823964744584, 0.0004721647435248179, 0.0, 0.0, 0.0, 0.0, 0.9099514972433401, 0.9905766173615065, 0.0, 0.0, 0.0, 0.0, 0.0, 0.0, 0.0, 0.0, 0.0, 0.0, 
0.0, 0.0, 0.09808279866088837, 0.009043800335171865, 0.002188860428647921, 0.0, 0.0, 0.0, 0.749358720099313, 0.8693810370244739, 0.20269277684066786, 0.0014164942305744538, 0.0, 0.0, 0.0, 0.0, 0.9017306116865631, 0.9717298520845196, 0.0, 0.0, 0.0, 0.0, 0.0, 0.0, 0.0, 0.0, 0.0, 0.0, 
0.0, 0.0, 0.1634713311014806, 0.015073000558619777, 0.003648100714413201, 0.0, 0.0, 0.0, 0.7132005320064628, 0.8151071324254878, 0.33557731403388985, 0.0023608237176240897, 0.0, 0.0, 0.0, 0.0, 0.8935097261297861, 0.9528830868075326, 0.0, 0.0, 0.0, 0.0, 0.0, 0.0, 0.0, 0.0, 0.0, 0.0, 
0.0, 0.0, 0.22885986354207286, 0.021102200782067686, 0.005107341000178482, 0.0, 0.0, 0.0, 0.6770423439136126, 0.7608332278265018, 0.46846185122711187, 0.0033051532046737254, 0.0, 0.0, 0.0, 0.0, 0.885288840573009, 0.9340363215305457, 0.0, 0.0, 0.0, 0.0, 0.0, 0.0, 0.0, 0.0, 0.0, 0.0, 
0.0, 0.0, 0.2942483959826651, 0.027131401005515598, 0.006566581285943762, 0.0, 0.0, 0.0, 0.6408841558207624, 0.7065593232275157, 0.6013463884203339, 0.0042494826917233615, 0.0, 0.0, 0.0, 0.0, 0.877067955016232, 0.9151895562535588, 0.0, 0.0, 0.0, 0.0, 0.0, 0.0, 0.0, 0.0, 0.0, 0.0, 
0.0, 0.0, 0.35963692842325734, 0.033160601228963506, 0.008025821571709042, 0.0, 0.0, 0.0, 0.6047259677279122, 0.6522854186285296, 0.7342309256135559, 0.005193812178772997, 0.0, 0.0, 0.0, 0.0, 0.868847069459455, 0.8963427909765718, 0.0, 0.0, 0.0, 0.0, 0.0, 0.0, 0.0, 0.0, 0.0, 0.0, 
0.0, 0.0, 0.42502546086384957, 0.03918980145241142, 0.009485061857474324, 0.0, 0.0, 0.0, 0.568567779635062, 0.5980115140295436, 0.867115462806778, 0.006138141665822633, 0.0, 0.0, 0.0, 0.0, 0.860626183902678, 0.8774960256995848, 0.0, 0.0, 0.0, 0.0, 0.0, 0.0, 0.0, 0.0, 0.0, 0.0, 
0.0, 0.0, 0.49041399330444185, 0.04521900167585933, 0.010944302143239604, 0.0, 0.0, 0.0, 0.5324095915422118, 0.5437376094305575, 1.0, 0.007082471152872269, 0.0, 0.0, 0.0, 0.0, 0.852405298345901, 0.8586492604225979, 0.0, 0.0, 0.0, 0.0, 0.0, 0.0, 0.0, 0.0, 0.0, 0.0, 
0.0, 0.0, 0.42574248593175923, 0.040286666030305805, 0.07683659914085803, 0.0, 0.0, 0.0, 0.4614216460032502, 0.5388246645484752, 0.9358975572473487, 0.007892152465540495, 0.0, 0.0, 0.0, 0.0, 0.8323971924436319, 0.8774960256995848, 0.000522289848207493, 0.0, 0.0, 0.0, 0.0, 0.0, 0.0, 0.0, 0.0, 0.0, 
0.0, 0.0, 0.36107097855907666, 0.03535433038475228, 0.14272889613847645, 0.0, 0.0, 0.0, 0.39043370046428866, 0.5339117196663931, 0.8717951144946974, 0.008701833778208719, 0.0, 0.0, 0.0, 0.0, 0.8123890865413629, 0.8963427909765718, 0.001044579696414986, 0.0, 0.0, 0.0, 0.0, 0.0, 0.0, 0.0, 0.0, 0.0, 
0.0, 0.0, 0.29639947118639404, 0.030421994739198755, 0.20862119313609487, 0.0, 0.0, 0.0, 0.3194457549253271, 0.5289987747843108, 0.8076926717420461, 0.009511515090876945, 0.0, 0.0, 0.0, 0.0, 0.7923809806390938, 0.9151895562535587, 0.0015668695446224789, 0.0, 0.0, 0.0, 0.0, 0.0, 0.0, 0.0, 0.0, 0.0, 
0.0, 0.0, 0.2317279638137114, 0.025489659093645232, 0.2745134901337133, 0.0, 0.0, 0.0, 0.24845780938636552, 0.5240858299022286, 0.7435902289893948, 0.010321196403545169, 0.0, 0.0, 0.0, 0.0, 0.7723728747368247, 0.9340363215305456, 0.002089159392829972, 0.0, 0.0, 0.0, 0.0, 0.0, 0.0, 0.0, 0.0, 0.0, 
0.0, 0.0, 0.1670564564410288, 0.02055732344809171, 0.34040578713133174, 0.0, 0.0, 0.0, 0.17746986384740393, 0.5191728850201464, 0.6794877862367434, 0.011130877716213395, 0.0, 0.0, 0.0, 0.0, 0.7523647688345557, 0.9528830868075325, 0.002611449241037465, 0.0, 0.0, 0.0, 0.0, 0.0, 0.0, 0.0, 0.0, 0.0, 
0.0, 0.0, 0.10238494906834622, 0.015624987802538182, 0.40629808412895013, 0.0, 0.0, 0.0, 0.10648191830844239, 0.5142599401380642, 0.615385343484092, 0.01194055902888162, 0.0, 0.0, 0.0, 0.0, 0.7323566629322866, 0.9717298520845195, 0.0031337390892449577, 0.0, 0.0, 0.0, 0.0, 0.0, 0.0, 0.0, 0.0, 0.0, 
0.0, 0.0, 0.037713441695663596, 0.010692652156984658, 0.4721903811265685, 0.0, 0.0, 0.0, 0.03549397276948085, 0.5093469952559819, 0.5512829007314407, 0.012750240341549845, 0.0, 0.0, 0.0, 0.0, 0.7123485570300176, 0.9905766173615065, 0.0036560289374524507, 0.0, 0.0, 0.0, 0.0, 0.0, 0.0, 0.0, 0.0, 0.0, 
0.0002801273327230781, 0.0, 0.0466866862479796, 0.008462964880217076, 0.5377801977373172, 0.0, 0.0, 0.0, 0.0, 0.5171073864258421, 0.5244895206728554, 0.05310454871702952, 0.0, 0.0, 0.0, 0.0, 0.7221882038069575, 0.9841787605265668, 0.005193184697777839, 0.0, 0.0, 0.0, 0.0, 0.00011279291813580348, 0.0011400792333567222, 0.0, 0.0, 0.0, 
0.0008403819981692344, 0.0, 0.12930468272529413, 0.008935925972235434, 0.6030675339611961, 0.0, 0.0, 0.0, 0.0, 0.5375411136476446, 0.5350052033083361, 0.13300348415532065, 0.0, 0.0, 0.0, 0.0, 0.7618756032631064, 0.9525362815797007, 0.00774520637022112, 0.0, 0.0, 0.0, 0.0, 0.0003383787544074104, 0.0034202377000701664, 0.0, 0.0, 0.0, 
0.0014006366636153905, 0.0, 0.21192267920260868, 0.009408887064253793, 0.668354870185075, 0.0, 0.0, 0.0, 0.0, 0.5579748408694469, 0.5455208859438168, 0.21290241959361178, 0.0, 0.0, 0.0, 0.0, 0.8015630027192554, 0.9208938026328346, 0.010297228042664404, 0.0, 0.0, 0.0, 0.0, 0.0005639645906790174, 0.005700396166783611, 0.0, 0.0, 0.0, 
0.001960891329061547, 0.0, 0.2945406756799232, 0.009881848156272152, 0.7336422064089538, 0.0, 0.0, 0.0, 0.0, 0.5784085680912494, 0.5560365685792974, 0.29280135503190297, 0.0, 0.0, 0.0, 0.0, 0.8412504021754044, 0.8892513236859685, 0.012849249715107685, 0.0, 0.0, 0.0, 0.0, 0.0007895504269506244, 0.007980554633497056, 0.0, 0.0, 0.0, 
0.002521145994507703, 0.0, 0.3771586721572378, 0.01035480924829051, 0.7989295426328327, 0.0, 0.0, 0.0, 0.0, 0.5988422953130519, 0.5665522512147781, 0.37270029047019404, 0.0, 0.0, 0.0, 0.0, 0.8809378016315532, 0.8576088447391024, 0.015401271387550968, 0.0, 0.0, 0.0, 0.0, 0.0010151362632222314, 0.010260713100210499, 0.0, 0.0, 0.0, 
0.003081400659953859, 0.0, 0.4597766686345523, 0.010827770340308868, 0.8642168788567115, 0.0, 0.0, 0.0, 0.0, 0.6192760225348544, 0.5770679338502588, 0.4525992259084852, 0.0, 0.0, 0.0, 0.0, 0.9206252010877022, 0.8259663657922361, 0.017953293059994248, 0.0, 0.0, 0.0, 0.0, 0.0012407220994938384, 0.012540871566923944, 0.0, 0.0, 0.0, 
0.0036416553254000157, 0.0, 0.542394665111867, 0.011300731432327226, 0.9295042150805903, 0.0, 0.0, 0.0, 0.0, 0.6397097497566567, 0.5875836164857395, 0.5324981613467763, 0.0, 0.0, 0.0, 0.0, 0.9603126005438511, 0.79432388684537, 0.02050531473243753, 0.0, 0.0, 0.0, 0.0, 0.0014663079357654452, 0.014821030033637389, 0.0, 0.0, 0.0, 
0.004201909990846172, 0.0, 0.6250126615891815, 0.011773692524345585, 0.9947915513044693, 0.0, 0.0, 0.0, 0.0, 0.6601434769784592, 0.5980992991212202, 0.6123970967850675, 0.0, 0.0, 0.0, 0.0, 1.0, 0.7626814078985039, 0.023057336404880814, 0.0, 0.0, 0.0, 0.0, 0.0016918937720370522, 0.017101188500350833, 0.0, 0.0, 0.0, 
0.0036416553254000157, 0.0, 0.5424108646652662, 0.01020386685443284, 0.8621526777972067, 0.0, 0.0, 0.0, 0.0, 0.573494241524949, 0.5183527259050575, 0.6640774838803918, 0.0, 0.0, 0.0, 0.0, 0.8666666666666667, 0.6609905535120367, 0.023121738394079935, 0.0, 0.0, 0.0, 0.0, 0.0014663079357654452, 0.014821030033637389, 0.0, 0.0, 0.0, 
0.0030814006599538596, 0.0, 0.45980906774135105, 0.008634041184520096, 0.7295138042899441, 0.0, 0.0, 0.0, 0.0, 0.4868450060714388, 0.4386061526888948, 0.7157578709757162, 0.0, 0.0, 0.0, 0.0, 0.7333333333333334, 0.5592996991255695, 0.02318614038327906, 0.0, 0.0, 0.0, 0.0, 0.0012407220994938382, 0.012540871566923944, 0.0, 0.0, 0.0, 
0.002521145994507703, 0.0, 0.3772072708174359, 0.007064215514607351, 0.5968749307826815, 0.0, 0.0, 0.0, 0.0, 0.40019577061792866, 0.3588595794727321, 0.7674382580710405, 0.0, 0.0, 0.0, 0.0, 0.6, 0.45760884473910235, 0.02325054237247818, 0.0, 0.0, 0.0, 0.0, 0.0010151362632222314, 0.0102607131002105, 0.0, 0.0, 0.0, 
0.001960891329061547, 0.0, 0.29460547389352065, 0.0054943898446946065, 0.46423605727541895, 0.0, 0.0, 0.0, 0.0, 0.31354653516441844, 0.27911300625656943, 0.8191186451663648, 0.0, 0.0, 0.0, 0.0, 0.4666666666666667, 0.35591799035263516, 0.0233149443616773, 0.0, 0.0, 0.0, 0.0, 0.0007895504269506244, 0.007980554633497056, 0.0, 0.0, 0.0, 
0.0014006366636153907, 0.0, 0.21200367696960543, 0.003924564174781863, 0.3315971837681564, 0.0, 0.0, 0.0, 0.0, 0.22689729971090822, 0.19936643304040674, 0.8707990322616892, 0.0, 0.0, 0.0, 0.0, 0.33333333333333337, 0.25422713596616797, 0.023379346350876424, 0.0, 0.0, 0.0, 0.0, 0.0005639645906790173, 0.005700396166783611, 0.0, 0.0, 0.0, 
0.0008403819981692342, 0.0, 0.12940188004569025, 0.0023547385048691173, 0.19895831026089372, 0.0, 0.0, 0.0, 0.0, 0.1402480642573981, 0.11961985982424406, 0.9224794193570135, 0.0, 0.0, 0.0, 0.0, 0.19999999999999996, 0.15253628157970078, 0.023443748340075544, 0.0, 0.0, 0.0, 0.0, 0.00033837875440741053, 0.003420237700070168, 0.0, 0.0, 0.0, 
0.00028012733272307806, 0.0, 0.04680008312177508, 0.0007849128349563719, 0.06631943675363117, 0.0, 0.0, 0.0, 0.0, 0.05359882880388789, 0.039873286608081315, 0.9741598064523378, 0.0, 0.0, 0.0, 0.0, 0.06666666666666665, 0.050845427193233594, 0.023508150329274665, 0.0, 0.0, 0.0, 0.0, 0.00011279291813580351, 0.0011400792333567215, 0.0, 0.0, 0.0, 
0.0, 0.0, 0.00735817781518028, 0.0, 0.04903781015578474, 0.03670191618608966, 0.0, 0.0, 0.0, 0.011888989809341293, 0.00028637229267404804, 1.0, 0.0, 0.0, 0.0, 0.001474134573631871, 0.03296609933295472, 0.04694397318779697, 0.0647465649309015, 0.0, 0.0, 0.0, 0.0, 0.00011681398031528337, 0.04440828579534707, 0.0, 0.0, 0.0, 
0.0, 0.0, 0.011076164125905796, 0.0, 0.14711343046735423, 0.11010574855826898, 0.0, 0.0, 0.0, 0.015118547273758276, 0.0008591168780221442, 1.0, 0.0, 0.0, 0.0, 0.004422403720895612, 0.09889829799886415, 0.14083191956339092, 0.14715899214495604, 0.0, 0.0, 0.0, 0.0, 0.0003504419409458501, 0.13322485738604123, 0.0, 0.0, 0.0, 
0.0, 0.0, 0.01479415043663131, 0.0, 0.2451890507789237, 0.18350958093044828, 0.0, 0.0, 0.0, 0.018348104738175258, 0.0014318614633702402, 1.0, 0.0, 0.0, 0.0, 0.007370672868159355, 0.1648304966647736, 0.23471986593898486, 0.2295714193590106, 0.0, 0.0, 0.0, 0.0, 0.0005840699015764168, 0.22204142897673534, 0.0, 0.0, 0.0, 
0.0, 0.0, 0.018512136747356824, 0.0, 0.3432646710904932, 0.2569134133026276, 0.0, 0.0, 0.0, 0.02157766220259224, 0.002004606048718336, 1.0, 0.0, 0.0, 0.0, 0.010318942015423096, 0.23076269533068303, 0.3286078123145788, 0.31198384657306516, 0.0, 0.0, 0.0, 0.0, 0.0008176978622069836, 0.3108580005674295, 0.0, 0.0, 0.0, 
0.0, 0.0, 0.02223012305808234, 0.0, 0.44134029140206266, 0.3303172456748069, 0.0, 0.0, 0.0, 0.02480721966700922, 0.0025773506340664326, 1.0, 0.0, 0.0, 0.0, 0.013267211162686839, 0.29669489399659243, 0.42249575869017275, 0.39439627378711967, 0.0, 0.0, 0.0, 0.0, 0.0010513258228375504, 0.39967457215812363, 0.0, 0.0, 0.0, 
0.0, 0.0, 0.025948109368807853, 0.0, 0.5394159117136321, 0.40372107804698626, 0.0, 0.0, 0.0, 0.028036777131426202, 0.0031500952194145285, 1.0, 0.0, 0.0, 0.0, 0.01621548030995058, 0.3626270926625019, 0.5163837050657667, 0.47680870100117423, 0.0, 0.0, 0.0, 0.0, 0.0012849537834681171, 0.4884911437488178, 0.0, 0.0, 0.0, 
0.0, 0.0, 0.02966609567953337, 0.0, 0.6374915320252016, 0.47712491041916555, 0.0, 0.0, 0.0, 0.03126633459584319, 0.0037228398047626245, 1.0, 0.0, 0.0, 0.0, 0.019163749457214323, 0.4285592913284113, 0.6102716514413606, 0.5592211282152287, 0.0, 0.0, 0.0, 0.0, 0.001518581744098684, 0.577307715339512, 0.0, 0.0, 0.0, 
0.0, 0.0, 0.033384081990258885, 0.0, 0.7355671523367711, 0.5505287427913449, 0.0, 0.0, 0.0, 0.034495892060260165, 0.0042955843901107205, 1.0, 0.0, 0.0, 0.0, 0.022112018604478065, 0.49449148999432074, 0.7041595978169546, 0.6416335554292834, 0.0, 0.0, 0.0, 0.0, 0.0017522097047292507, 0.6661242869302061, 0.0, 0.0, 0.0, 
0.0, 0.0, 0.029650726425927504, 0.0, 0.6390871477103252, 0.4771249104191656, 0.0, 0.0, 0.0, 0.0310981164614243, 0.0038332405818081367, 1.0, 0.0, 0.0, 0.0, 0.02134682774354968, 0.4313304008276019, 0.6107314476304442, 0.6367750549337424, 0.0, 0.0, 0.0, 0.0, 0.0017504171106787535, 0.577307715339512, 0.0, 0.0, 0.0, 
0.0, 0.0, 0.02591737086159612, 0.0, 0.5426071430838794, 0.40372107804698626, 0.0, 0.0, 0.0, 0.027700340862588435, 0.003370896773505553, 1.0, 0.0, 0.0, 0.0, 0.020581636882621292, 0.36816931166088296, 0.5173032974439338, 0.6319165544382015, 0.0, 0.0, 0.0, 0.0, 0.0017486245166282563, 0.4884911437488178, 0.0, 0.0, 0.0, 
0.0, 0.0, 0.02218401529726474, 0.0, 0.44612713845743346, 0.3303172456748069, 0.0, 0.0, 0.0, 0.024302565263752574, 0.0029085529652029688, 1.0, 0.0, 0.0, 0.0, 0.019816446021692906, 0.3050082224941641, 0.4238751472574235, 0.6270580539426605, 0.0, 0.0, 0.0, 0.0, 0.001746831922577759, 0.39967457215812363, 0.0, 0.0, 0.0, 
0.0, 0.0, 0.018450659732933354, 0.0, 0.3496471338309876, 0.2569134133026276, 0.0, 0.0, 0.0, 0.02090478966491671, 0.002446209156900385, 1.0, 0.0, 0.0, 0.0, 0.01905125516076452, 0.24184713332744523, 0.3304469970709131, 0.6221995534471195, 0.0, 0.0, 0.0, 0.0, 0.001745039328527262, 0.3108580005674295, 0.0, 0.0, 0.0, 
0.0, 0.0, 0.014717304168601973, 0.0, 0.25316712920454176, 0.18350958093044833, 0.0, 0.0, 0.0, 0.017507014066080843, 0.0019838653485978013, 1.0, 0.0, 0.0, 0.0, 0.018286064299836133, 0.17868604416072636, 0.23701884688440267, 0.6173410529515786, 0.0, 0.0, 0.0, 0.0, 0.0017432467344767647, 0.2220414289767354, 0.0, 0.0, 0.0, 
0.0, 0.0, 0.010983948604270592, 0.0, 0.15668712457809586, 0.11010574855826899, 0.0, 0.0, 0.0, 0.014109238467244982, 0.001521521540295217, 1.0, 0.0, 0.0, 0.0, 0.017520873438907743, 0.11552495499400744, 0.14359069669789237, 0.6124825524560377, 0.0, 0.0, 0.0, 0.0, 0.0017414541404262675, 0.13322485738604117, 0.0, 0.0, 0.0, 
0.0, 0.0, 0.007250593039939208, 0.0, 0.06020711995165007, 0.036701916186089645, 0.0, 0.0, 0.0, 0.010711462868409117, 0.0010591777319926333, 1.0, 0.0, 0.0, 0.0, 0.01675568257797936, 0.05236386582728858, 0.05016254651138197, 0.6076240519604967, 0.0, 0.0, 0.0, 0.0, 0.0017396615463757704, 0.04440828579534706, 0.0, 0.0, 0.0, 
0.0, 0.0, 0.044836430610743064, 0.0, 0.011693137818775604, 0.04463368600441516, 0.0, 0.0, 0.0, 0.04999871797353813, 0.04454301956251191, 1.0, 0.06227926625630431, 0.0, 0.0, 0.056536144051049536, 0.0603639266978334, 0.0032185733235850136, 0.5957652238341982, 0.0, 0.0, 0.0, 0.0, 0.001622847566060487, 0.000635786009797415, 0.034569579954709655, 0.0, 0.0, 
0.0, 0.0, 0.12374146131668215, 0.0, 0.011145178179472755, 0.13390105801324548, 0.0, 0.0, 0.0, 0.13197100378263202, 0.13197304703185303, 1.0, 0.18683779876891293, 0.0, 0.0, 0.13686225785811829, 0.13952513760564195, 0.0027587771345014404, 0.5769060680771422, 0.0, 0.0, 0.0, 0.0, 0.0013910121994804175, 0.001907358029392245, 0.10370873986412896, 0.0, 0.0, 
0.0, 0.0, 0.20264649202262122, 0.0, 0.010597218540169904, 0.22316843002207581, 0.0, 0.0, 0.0, 0.2139432895917259, 0.21940307450119417, 1.0, 0.31139633128152155, 0.0, 0.0, 0.217188371665187, 0.21868634851345048, 0.0022989809454178668, 0.5580469123200861, 0.0, 0.0, 0.0, 0.0, 0.001159176832900348, 0.0031789300489870748, 0.17284789977354828, 0.0, 0.0, 
0.0, 0.0, 0.2815515227285603, 0.0, 0.010049258900867055, 0.31243580203090615, 0.0, 0.0, 0.0, 0.2959155754008198, 0.30683310197053526, 1.0, 0.4359548637941302, 0.0, 0.0, 0.29751448547225573, 0.29784755942125896, 0.0018391847563342936, 0.5391877565630301, 0.0, 0.0, 0.0, 0.0, 0.0009273414663202783, 0.004450502068581905, 0.24198705968296758, 0.0, 0.0, 
0.0, 0.0, 0.36045655343449945, 0.0, 0.009501299261564206, 0.40170317403973643, 0.0, 0.0, 0.0, 0.3778878612099137, 0.3942631294398764, 1.0, 0.5605133963067388, 0.0, 0.0, 0.3778405992793245, 0.37700877032906754, 0.00137938856725072, 0.520328600805974, 0.0, 0.0, 0.0, 0.0, 0.0006955060997402087, 0.005722074088176735, 0.3111262195923869, 0.0, 0.0, 
0.0, 0.0, 0.4393615841404385, 0.0, 0.008953339622261355, 0.49097054604856677, 0.0, 0.0, 0.0, 0.45986014701900757, 0.48169315690921755, 1.0, 0.6850719288193474, 0.0, 0.0, 0.45816671308639323, 0.456169981236876, 0.0009195923781671468, 0.501469445048918, 0.0, 0.0, 0.0, 0.0, 0.00046367073316013916, 0.006993646107771565, 0.3802653795018062, 0.0, 0.0, 
0.0, 0.0, 0.5182666148463776, 0.0, 0.008405379982958506, 0.5802379180573971, 0.0, 0.0, 0.0, 0.5418324328281016, 0.5691231843785587, 1.0, 0.809630461331956, 0.0, 0.0, 0.538492826893462, 0.5353311921446846, 0.0004597961890835732, 0.4826102892918619, 0.0, 0.0, 0.0, 0.0, 0.00023183536658006958, 0.008265218127366395, 0.4494045394112255, 0.0, 0.0, 
0.0, 0.0, 0.5971716455523166, 0.0, 0.007857420343655655, 0.6695052900662274, 0.0, 0.0, 0.0, 0.6238047186371954, 0.6565532118478998, 1.0, 0.9341889938445647, 0.0, 0.0, 0.6188189407005307, 0.6144924030524931, 0.0, 0.46375113353480585, 0.0, 0.0, 0.0, 0.0, 0.0, 0.009536790146961224, 0.5185436993206448, 0.0, 0.0, 
0.0, 0.0, 0.5192620207490405, 0.0, 0.0068097642978349, 0.700858763091497, 0.0, 0.0, 0.002849937114784673, 0.5436433187366996, 0.5690127836015132, 0.940190730891089, 0.9429637946652893, 0.0, 0.0, 0.6148611977494104, 0.532560082645494, 0.0, 0.5000859103086107, 0.0017213659825816934, 0.0, 0.0, 0.0, 0.0, 0.009618458025806551, 0.547857067197698, 0.0003797320298825064, 0.0, 
0.0, 0.0, 0.4413523959457644, 0.0, 0.005762108252014147, 0.7322122361167666, 0.0, 0.0, 0.005699874229569346, 0.4634819188362038, 0.48147235535512656, 0.880381461782178, 0.9517385954860141, 0.0, 0.0, 0.6109034547982901, 0.45062776223849493, 0.0, 0.5364206870824156, 0.003442731965163387, 0.0, 0.0, 0.0, 0.0, 0.00970012590465188, 0.5771704350747511, 0.0007594640597650128, 0.0, 
0.0, 0.0, 0.36344277114248835, 0.0, 0.004714452206193393, 0.7635657091420361, 0.0, 0.0, 0.008549811344354018, 0.383320518935708, 0.39393192710873987, 0.820572192673267, 0.9605133963067388, 0.0, 0.0, 0.6069457118471698, 0.36869544183149583, 0.0, 0.5727554638562206, 0.00516409794774508, 0.0, 0.0, 0.0, 0.0, 0.009781793783497207, 0.6064838029518043, 0.001139196089647519, 0.0, 
0.0, 0.0, 0.28553314633921223, 0.0, 0.0036667961603726387, 0.7949191821673056, 0.0, 0.0, 0.011399748459138692, 0.3031591190352122, 0.30639149886235323, 0.760762923564356, 0.9692881971274635, 0.0, 0.0, 0.6029879688960496, 0.2867631214244968, 0.0, 0.6090902406300255, 0.006885463930326774, 0.0, 0.0, 0.0, 0.0, 0.009863461662342535, 0.6357971708288573, 0.0015189281195300255, 0.0, 
0.0, 0.0, 0.2076235215359361, 0.0, 0.0026191401145518843, 0.8262726551925752, 0.0, 0.0, 0.014249685573923365, 0.2229977191347164, 0.2188510706159666, 0.700953654455445, 0.9780629979481882, 0.0, 0.0, 0.5990302259449293, 0.20483080101749773, 0.0, 0.6454250174038304, 0.008606829912908467, 0.0, 0.0, 0.0, 0.0, 0.009945129541187862, 0.6651105387059105, 0.001898660149412532, 0.0, 
0.0, 0.0, 0.12971389673266004, 0.0, 0.0015714840687311308, 0.8576261282178448, 0.0, 0.0, 0.017099622688708037, 0.14283631923422058, 0.1313106423695799, 0.641144385346534, 0.986837798768913, 0.0, 0.0, 0.595072482993809, 0.12289848061049863, 0.0, 0.6817597941776353, 0.01032819589549016, 0.0, 0.0, 0.0, 0.0, 0.01002679742003319, 0.6944239065829636, 0.002278392179295038, 0.0, 
0.0, 0.0, 0.05180427192938397, 0.0, 0.0005238280229103772, 0.8889796012431144, 0.0, 0.0, 0.019949559803492712, 0.06267491933372471, 0.04377021412319326, 0.581335116237623, 0.9956125995896377, 0.0, 0.0, 0.5911147400426886, 0.040966160203499524, 0.0, 0.7180945709514402, 0.012049561878071853, 0.0, 0.0, 0.0, 0.0, 0.010108465298878518, 0.7237372744600168, 0.0026581242091775446, 0.0, 
0.0, 0.0, 0.012106574976280439, 0.0, 0.0, 0.8452217416096578, 0.0, 0.0, 0.019949559803492712, 0.021902391088331148, 5.622014610625025e-05, 0.5148372778847982, 0.9757754482169329, 0.0, 0.0, 0.5498601439959866, 0.0, 0.0, 0.6886730705488374, 0.07203475182262603, 0.0, 0.0, 0.0, 0.0, 0.009472679289081102, 0.691280269197565, 0.06932479087584421, 0.0, 
0.0, 0.0, 0.010620805873349709, 0.0, 0.0, 0.7263525493174752, 0.0, 0.0, 0.017099622688708037, 0.020518734498039832, 0.00016866043831875074, 0.44165087028805927, 0.9273263446507987, 0.0, 0.0, 0.4713086948537028, 0.0, 0.0, 0.5934952929698267, 0.19028376572915268, 0.0, 0.0, 0.0, 0.0, 0.008119439390640946, 0.5970528907956083, 0.20227839217929505, 0.0, 
0.0, 0.0, 0.009135036770418981, 0.0, 0.0, 0.6074833570252925, 0.0, 0.0, 0.014249685573923365, 0.019135077907748512, 0.0002811007305312512, 0.3684644626913204, 0.8788772410846644, 0.0, 0.0, 0.392757245711419, 0.0, 0.0, 0.49831751539081615, 0.3085327796356793, 0.0, 0.0, 0.0, 0.0, 0.006766199492200788, 0.5028255123936516, 0.33523199348274585, 0.0, 
0.0, 0.0, 0.007649267667488253, 0.0, 0.0, 0.48861416473310987, 0.0, 0.0, 0.011399748459138692, 0.017751421317457196, 0.0003935410227437517, 0.2952780550945815, 0.8304281375185301, 0.0, 0.0, 0.3142057965691352, 0.0, 0.0, 0.40313973781180545, 0.42678179354220597, 0.0, 0.0, 0.0, 0.0, 0.00541295959376063, 0.40859813399169476, 0.4681855947861967, 0.0, 
0.0, 0.0, 0.006163498564557526, 0.0, 0.0, 0.3697449724409272, 0.0, 0.0, 0.00854981134435402, 0.016367764727165876, 0.0005059813149562522, 0.2220916474978426, 0.7819790339523959, 0.0, 0.0, 0.23565434742685137, 0.0, 0.0, 0.3079619602327949, 0.5450308074487326, 0.0, 0.0, 0.0, 0.0, 0.004059719695320472, 0.31437075558973804, 0.6011391960896475, 0.0, 
0.0, 0.0, 0.004677729461626798, 0.0, 0.0, 0.25087578014874456, 0.0, 0.0, 0.005699874229569347, 0.01498410813687456, 0.0006184216071687527, 0.14890523990110371, 0.7335299303862616, 0.0, 0.0, 0.15710289828456758, 0.0, 0.0, 0.21278418265378418, 0.6632798213552592, 0.0, 0.0, 0.0, 0.0, 0.0027064797968803147, 0.22014337718778132, 0.7340927973930983, 0.0, 
0.0, 0.0, 0.0031919603586960683, 0.0, 0.0, 0.13200658785656194, 0.0, 0.0, 0.002849937114784675, 0.013600451546583242, 0.0007308618993812533, 0.07571883230436488, 0.6850808268201274, 0.0, 0.0, 0.07855144914228374, 0.0, 0.0, 0.1176064050747736, 0.7815288352617858, 0.0, 0.0, 0.0, 0.0, 0.0013532398984401565, 0.1259159987858245, 0.8670463986965491, 0.0, 
0.0, 0.0, 0.0017061912557653411, 0.0, 0.0, 0.013137395564379371, 0.0, 0.0, 0.0, 0.012216794956291924, 0.0008433021915937538, 0.0025324247076259445, 0.6366317232539931, 0.0, 0.0, 0.0, 0.0, 0.0, 0.02242862749576292, 0.8997778491683125, 0.0, 0.0, 0.0, 0.0, 0.0, 0.031688620383867806, 1.0, 0.0, 
0.002312941604450028, 0.0003413136834574194, 0.08820767472852738, 0.05994733825776568, 0.0, 0.13619324880955613, 0.084367589245172, 0.0004561437364517372, 0.0002306822196137729, 0.10299457504233661, 0.09406552503475442, 0.0024203024122473825, 0.6850808268201274, 0.0012576601673546712, 0.0028285819748847395, 0.11483812184493249, 0.0, 0.0, 0.09955027673574661, 0.7838656190973325, 0.0, 0.0, 0.0, 0.0, 0.0, 0.11304642871367598, 0.9817096272662942, 0.0, 
0.004625883208900056, 0.0006826273669148388, 0.17470915820128943, 0.11989467651553136, 0.0, 0.2592491020547329, 0.168735178490344, 0.0009122874729034744, 0.0004613644392275458, 0.1937723551283813, 0.18728774787791508, 0.002308180116868821, 0.7335299303862616, 0.0025153203347093424, 0.005657163949769479, 0.22967624368986497, 0.0, 0.0, 0.17667192597573028, 0.6679533890263526, 0.0, 0.0, 0.0, 0.0, 0.0, 0.19440423704348414, 0.9634192545325884, 0.0, 
0.006938824813350084, 0.0010239410503722582, 0.26121064167405145, 0.17984201477329703, 0.0, 0.3823049552999097, 0.253102767735516, 0.0013684312093552116, 0.0006920466588413187, 0.28455013521442596, 0.2805099707210757, 0.002196057821490259, 0.7819790339523959, 0.0037729805020640136, 0.008485745924654219, 0.3445143655347975, 0.0, 0.0, 0.253793575215714, 0.5520411589553726, 0.0, 0.0, 0.0, 0.0, 0.0, 0.27576204537329235, 0.9451288817988825, 0.0, 
0.009251766417800112, 0.0013652547338296776, 0.3477121251468135, 0.23978935303106272, 0.0, 0.5053608085450865, 0.337470356980688, 0.0018245749458069488, 0.0009227288784550916, 0.37532791530047066, 0.37373219356423637, 0.002083935526111697, 0.8304281375185301, 0.005030640669418685, 0.011314327899538958, 0.45935248737972995, 0.0, 0.0, 0.33091522445569765, 0.43612892888439275, 0.0, 0.0, 0.0, 0.0, 0.0, 0.3571198537031005, 0.9268385090651767, 0.0, 
0.01156470802225014, 0.001706568417287097, 0.43421360861957553, 0.2997366912888284, 0.0, 0.6284166617902632, 0.42183794622586, 0.002280718682258686, 0.0011534110980688645, 0.46610569538651536, 0.46695441640739704, 0.0019718132307331355, 0.8788772410846644, 0.006288300836773356, 0.014142909874423697, 0.5741906092246625, 0.0, 0.0, 0.4080368736956813, 0.32021669881341286, 0.0, 0.0, 0.0, 0.0, 0.0, 0.43847766203290867, 0.9085481363314708, 0.0, 
0.013877649626700168, 0.0020478821007445165, 0.5207150920923376, 0.35968402954659406, 0.0, 0.75147251503544, 0.506205535471032, 0.002736862418710423, 0.0013840933176826374, 0.55688347547256, 0.5601766392505577, 0.0018596909353545735, 0.9273263446507987, 0.007545961004128027, 0.016971491849308438, 0.689028731069595, 0.0, 0.0, 0.485158522935665, 0.2043044687424329, 0.0, 0.0, 0.0, 0.0, 0.0, 0.5198354703627168, 0.890257763597765, 0.0, 
0.016190591231150197, 0.002389195784201936, 0.6072165755650997, 0.4196313678043598, 0.0, 0.8745283682806168, 0.590573124716204, 0.0031930061551621604, 0.0016147755372964102, 0.6476612555586048, 0.6533988620937184, 0.0017475686399760118, 0.975775448216933, 0.008803621171482699, 0.019800073824193177, 0.8038668529145274, 0.0, 0.0, 0.5622801721756487, 0.08839223867145296, 0.0, 0.0, 0.0, 0.0, 0.0, 0.6011932786925249, 0.8719673908640592, 0.0, 
0.016190591231150193, 0.002389195784201936, 0.6084022911761597, 0.4196313678043598, 0.0, 0.8740198569410055, 0.5912165096212512, 0.0031930061551621604, 0.0016147755372964104, 0.6944532268319384, 0.6870301810164544, 0.001578740326134282, 0.9338999348645918, 0.07547028783814935, 0.020732347681504164, 0.8042647791475621, 0.0, 0.0, 0.5608977981392875, 0.06338232101399409, 0.0, 0.0, 0.0, 0.0, 0.000810390650091643, 0.5990807040002671, 0.8511369669536362, 0.00017691701962333243, 
0.013877649626700166, 0.0020478821007445165, 0.5242722389255179, 0.35968402954659406, 0.0, 0.7499469810166064, 0.5081356901861737, 0.002736862418710423, 0.0013840933176826374, 0.6972593892925613, 0.6610705960187658, 0.0013532059938293846, 0.8016998045937753, 0.207545961004128, 0.019768313421241406, 0.6902225097686993, 0.0, 0.0, 0.48101140082658156, 0.1292747157700564, 0.0, 0.0, 0.0, 0.0, 0.002431171950274929, 0.5134977462859432, 0.8277664918664961, 0.0005307510588699973, 
0.01156470802225014, 0.0017065684172870971, 0.4401421866748759, 0.2997366912888284, 0.0, 0.6258741050922073, 0.42505487075109616, 0.0022807186822586863, 0.0011534110980688647, 0.7000655517531841, 0.6351110110210771, 0.0011276716615244873, 0.6694996743229589, 0.33962163417010666, 0.01880427916097864, 0.5761802403898363, 0.0, 0.0, 0.4011250035138756, 0.19516711052611868, 0.0, 0.0, 0.0, 0.0, 0.0040519532504582146, 0.42791478857161935, 0.8043960167793559, 0.0008845850981166622, 
0.00925176641780011, 0.0013652547338296776, 0.356012134424234, 0.23978935303106272, 0.0, 0.5018012291678082, 0.34197405131601866, 0.0018245749458069488, 0.0009227288784550917, 0.7028717142138069, 0.6091514260233886, 0.0009021373292195898, 0.5372995440521425, 0.4716973073360853, 0.017840244900715882, 0.4621379710109734, 0.0, 0.0, 0.32123860620116956, 0.261059505282181, 0.0, 0.0, 0.0, 0.0, 0.005672734550641501, 0.3423318308572955, 0.7810255416922158, 0.001238419137363327, 
0.006938824813350083, 0.0010239410503722582, 0.27188208217359217, 0.17984201477329703, 0.0, 0.37772835324340914, 0.25889323188094115, 0.0013684312093552118, 0.0006920466588413187, 0.7056778766744296, 0.5831918410257, 0.0006766029969146924, 0.4050994137813261, 0.603772980502064, 0.016876210640453117, 0.34809570163211045, 0.0, 0.0, 0.2413522088884636, 0.3269519000382433, 0.0, 0.0, 0.0, 0.0, 0.007293515850824787, 0.2567488731429716, 0.7576550666050756, 0.001592253176609992, 
0.004625883208900054, 0.0006826273669148389, 0.18775202992295026, 0.11989467651553137, 0.0, 0.25365547731901006, 0.17581241244586365, 0.0009122874729034745, 0.00046136443922754596, 0.7084840391350524, 0.5572322560280114, 0.00045106866460979493, 0.2728992835105096, 0.7358486536680426, 0.01591217638019036, 0.2340534322532476, 0.0, 0.0, 0.16146581157575762, 0.3928442947943056, 0.0, 0.0, 0.0, 0.0, 0.008914297151008072, 0.17116591542864773, 0.7342845915179356, 0.0019460872158566568, 
0.002312941604450027, 0.00034131368345741934, 0.10362197767230841, 0.059947338257765714, 0.0, 0.12958260139461097, 0.09273159301078615, 0.00045614373645173727, 0.00023068221961377298, 0.7112902015956752, 0.5312726710303227, 0.00022553433230489747, 0.1406991532396933, 0.8679243268340212, 0.014948142119927595, 0.12001116287438462, 0.0, 0.0, 0.0815794142630516, 0.4587366895503679, 0.0, 0.0, 0.0, 0.0, 0.010535078451191358, 0.08558295771432389, 0.7109141164307955, 0.0022999212551033216, 
0.0, 0.0, 0.019491925421666473, 0.0, 0.0, 0.005509725470211916, 0.00965077357570861, 0.0, 0.0, 0.7140963640562981, 0.5053130860326341, 0.0, 0.00849902296887683, 1.0, 0.013984107859664833, 0.005968893495521729, 0.0, 0.0, 0.00169301695034562, 0.5246290843064302, 0.0, 0.0, 0.0, 0.0, 0.012155859751374645, 0.0, 0.6875436413436553, 0.0026537552943499865, 
0.0006782306692056006, 0.0, 0.01945557697075412, 0.0, 0.0018195221311125634, 0.005383192144425379, 0.08276778341096738, 0.0, 0.0, 0.7292994950546303, 0.5077792503441163, 0.0, 0.007726283294858378, 1.0, 0.07903052781935084, 0.008127264623752016, 0.0, 0.0, 0.001467281356966204, 0.4577735007431439, 0.0, 0.0, 0.0, 0.0, 0.12974282076135588, 0.0, 0.6766570047336778, 0.0022999212551033216, 
0.0013564613384112012, 0.0, 0.01941922851984177, 0.0, 0.0036390442622251267, 0.0052566588186388425, 0.15588479324622617, 0.0, 0.0, 0.7445026260529626, 0.5102454146555985, 0.0, 0.006953543620839926, 1.0, 0.14407694777903685, 0.010285635751982304, 0.0, 0.0, 0.0012415457635867881, 0.3909179171798576, 0.0, 0.0, 0.0, 0.0, 0.24732978177133713, 0.0, 0.6657703681237005, 0.0019460872158566568, 
0.0020346920076168016, 0.0, 0.019382880068929423, 0.0, 0.00545856639333769, 0.005130125492852305, 0.22900180308148496, 0.0, 0.0, 0.7597057570512948, 0.5127115789670807, 0.0, 0.006180803946821474, 1.0, 0.20912336773872284, 0.01244400688021259, 0.0, 0.0, 0.001015810170207372, 0.3240623336165712, 0.0, 0.0, 0.0, 0.0, 0.36491674278131836, 0.0, 0.654883731513723, 0.001592253176609992, 
0.0027129226768224024, 0.0, 0.01934653161801707, 0.0, 0.0072780885244502535, 0.005003592167065768, 0.3021188129167437, 0.0, 0.0, 0.7749088880496271, 0.5151777432785629, 0.0, 0.005408064272803022, 1.0, 0.27416978769840883, 0.014602378008442878, 0.0, 0.0, 0.000790074576827956, 0.2572067500532849, 0.0, 0.0, 0.0, 0.0, 0.4825037037912996, 0.0, 0.6439970949037457, 0.001238419137363327, 
0.003391153346028003, 0.0, 0.01931018316710472, 0.0, 0.009097610655562817, 0.004877058841279231, 0.37523582275200246, 0.0, 0.0, 0.7901120190479594, 0.5176439075900451, 0.0, 0.00463532459878457, 1.0, 0.33921620765809485, 0.016760749136673164, 0.0, 0.0, 0.00056433898344854, 0.1903511664899986, 0.0, 0.0, 0.0, 0.0, 0.6000906648012809, 0.0, 0.6331104582937682, 0.0008845850981166622, 
0.004069384015233603, 0.0, 0.01927383471619237, 0.0, 0.01091713278667538, 0.004750525515492694, 0.4483528325872613, 0.0, 0.0, 0.8053151500462916, 0.5201100719015272, 0.0, 0.0038625849247661175, 1.0, 0.4042626276177808, 0.01891912026490345, 0.0, 0.0, 0.0003386033900691242, 0.12349558292671226, 0.0, 0.0, 0.0, 0.0, 0.7176776258112622, 0.0, 0.6222238216837909, 0.0005307510588699973, 
0.004747614684439204, 0.0, 0.019237486265280018, 0.0, 0.012736654917787943, 0.0046239921897061565, 0.52146984242252, 0.0, 0.0, 0.8205182810446239, 0.5225762362130094, 0.0, 0.0030898452507476656, 1.0, 0.46930904757746683, 0.021077491393133738, 0.0, 0.0, 0.00011286779668970813, 0.05663999936342595, 0.0, 0.0, 0.0, 0.0, 0.8352645868212434, 0.0, 0.6113371850738134, 0.00017691701962333243, 
0.005323858308378417, 0.0626074469207195, 0.056829864393383195, 0.03376948244008019, 0.06363692585969341, 0.005401284649396269, 0.5542023522947639, 0.0, 0.06666666666666667, 0.8180592764680474, 0.5302796433510011, 0.05896312304689765, 0.03929887884704071, 0.9766517345438521, 0.4696236545331575, 0.02185611977770585, 0.0, 0.0, 0.0, 0.05597236306427961, 0.04475569251973377, 0.0, 0.0, 0.046825223663685266, 0.8725437412856814, 0.0, 0.5662891171981862, 0.00016705085620315787, 
0.005798114887051244, 0.18782234076215848, 0.1320509691005019, 0.10130844732024058, 0.1636179456123918, 0.0070824028945630285, 0.5465503622039927, 0.0, 0.2, 0.7979381363165622, 0.5432202933155023, 0.17688936914069295, 0.11248968571364525, 0.9299552036315563, 0.4052064484848529, 0.02125500541861978, 0.0, 0.0, 0.0, 0.1214926740292732, 0.1342670775592013, 0.0, 0.0, 0.1404756709910558, 0.8295150892045763, 0.0, 0.487079618056909, 0.0005011525686094737, 
0.006272371465724071, 0.3130372346035975, 0.20727207380762058, 0.16884741220040095, 0.26359896536509014, 0.00876352113972979, 0.5388983721132214, 0.0, 0.3333333333333333, 0.7778169961650769, 0.5561609432800034, 0.29481561523448824, 0.18568049258024977, 0.8832586727192605, 0.3407892424365482, 0.020653891059533715, 0.0, 0.0, 0.0, 0.1870129849942668, 0.22377846259866885, 0.0, 0.0, 0.23412611831842634, 0.7864864371234711, 0.0, 0.40787011891563185, 0.0008352542810157893, 
0.006746628044396898, 0.43825212844503647, 0.28249317851473926, 0.23638637708056134, 0.3635799851177885, 0.010444639384896549, 0.5312463820224502, 0.0, 0.4666666666666667, 0.7576958560135917, 0.5691015932445046, 0.41274186132828355, 0.25887129944685433, 0.8365621418069646, 0.2763720363882435, 0.020052776700447646, 0.0, 0.0, 0.0, 0.2525332959592604, 0.3132898476381364, 0.0, 0.0, 0.3277765656457969, 0.743457785042366, 0.0, 0.32866061977435473, 0.0011693559934221052, 
0.007220884623069725, 0.5634670222864755, 0.357714283221858, 0.30392534196072174, 0.46356100487048685, 0.01212575763006331, 0.5235943919316789, 0.0, 0.6, 0.7375747158621064, 0.5820422432090058, 0.5306681074220788, 0.33206210631345884, 0.7898656108946689, 0.21195483033993878, 0.01945166234136158, 0.0, 0.0, 0.0, 0.318053606924254, 0.4028012326776039, 0.0, 0.0, 0.42142701297316737, 0.7004291329612609, 0.0, 0.24945112063307756, 0.0015034577058284208, 
0.007695141201742551, 0.6886819161279145, 0.4329353879289767, 0.3714643068408821, 0.5635420246231853, 0.01380687587523007, 0.5159424018409077, 0.0, 0.7333333333333333, 0.7174535757106213, 0.5949828931735068, 0.6485943535158741, 0.4052529131800634, 0.743169079982373, 0.14753762429163408, 0.01885054798227551, 0.0, 0.0, 0.0, 0.3835739178892476, 0.49231261771707147, 0.0, 0.0, 0.5150774603005379, 0.6574004808801558, 0.0, 0.17024162149180044, 0.0018375594182347367, 
0.008169397780415378, 0.8138968099693534, 0.5081564926360953, 0.4390032717210425, 0.6635230443758836, 0.01548799412039683, 0.5082904117501365, 0.0, 0.8666666666666667, 0.697332435559136, 0.607923543138008, 0.7665205996096695, 0.4784437200466679, 0.6964725490700772, 0.08312041824332944, 0.01824943362318944, 0.0, 0.0, 0.0, 0.4490942288542412, 0.581824002756539, 0.0, 0.0, 0.6087279076279084, 0.6143718287990507, 0.0, 0.09103212235052327, 0.0021716611306410523, 
0.008643654359088204, 0.9391117038107926, 0.583377597343214, 0.5065422366012029, 0.763504064128582, 0.01716911236556359, 0.5006384216593652, 0.0, 0.9999999999999999, 0.6772112954076508, 0.6208641931025092, 0.8844468457034648, 0.5516345269132724, 0.6497760181577814, 0.018703212195024705, 0.017648319264103374, 0.0, 0.0, 0.0, 0.5146145398192348, 0.6713353877960065, 0.0, 0.0, 0.702378354955279, 0.5713431767179455, 0.0, 0.011822623209246074, 0.002505762843047368, 
0.0074911671112097775, 0.8932439598657519, 0.5055939176974522, 0.43900327172104253, 0.7487206382643481, 0.018250724795493483, 0.4338866321047832, 0.0, 0.8673412858162547, 0.586916456019964, 0.6476581833799494, 0.8717546568041739, 0.5540137243180601, 0.5631392157367439, 0.01620945056902141, 0.01529521002888959, 0.0, 0.0, 0.0, 0.525294978260043, 0.5856566228673836, 0.0, 0.0, 0.6087279076279085, 0.49516408648888616, 0.0, 0.010246273448013264, 0.1355049944639744, 
0.00633867986333135, 0.8473762159207111, 0.4278102380516903, 0.37146430684088216, 0.7339372124001141, 0.01933233722542338, 0.3671348425502012, 0.0, 0.7346825716325094, 0.4966216166322772, 0.6744521736573896, 0.8590624679048829, 0.5563929217228477, 0.47650241331570636, 0.013715688943018117, 0.012942100793675807, 0.0, 0.0, 0.0, 0.5359754167008511, 0.4999778579387606, 0.0, 0.0, 0.5150774603005379, 0.41898499625982677, 0.0, 0.008669923686780455, 0.26850422608490143, 
0.005186192615452922, 0.8015084719756704, 0.35002655840592845, 0.30392534196072174, 0.7191537865358802, 0.020413949655353272, 0.3003830529956192, 0.0, 0.6020238574487642, 0.4063267772445905, 0.70124616393483, 0.846370279005592, 0.5587721191276355, 0.38986561089466887, 0.011221927317014824, 0.010588991558462024, 0.0, 0.0, 0.0, 0.5466558551416594, 0.4142990930101377, 0.0, 0.0, 0.4214270129731674, 0.3428059060307673, 0.0, 0.007093573925547644, 0.40150345770582846, 
0.004033705367574495, 0.7556407280306298, 0.27224287876016656, 0.23638637708056137, 0.7043703606716463, 0.021495562085283165, 0.23363126344103713, 0.0, 0.469365143265019, 0.3160319378569037, 0.7280401542122702, 0.8336780901063011, 0.5611513165324231, 0.3032288084736313, 0.008728165691011529, 0.00823588232324824, 0.0, 0.0, 0.0, 0.5573362935824676, 0.3286203280815147, 0.0, 0.0, 0.3277765656457969, 0.26662681580170794, 0.0, 0.005517224164314835, 0.5345026893267555, 
0.0028812181196960687, 0.7097729840855891, 0.19445919911440468, 0.168847412200401, 0.6895869348074124, 0.022577174515213058, 0.16687947388645508, 0.0, 0.3367064290812738, 0.2257370984692169, 0.7548341444897104, 0.8209859012070102, 0.5635305139372108, 0.21659200605259377, 0.006234404065008234, 0.005882773088034457, 0.0, 0.0, 0.0, 0.5680167320232757, 0.24294156315289173, 0.0, 0.0, 0.23412611831842634, 0.19044772557264855, 0.0, 0.003940874403082025, 0.6675019209476825, 
0.001728730871817641, 0.6639052401405483, 0.11667551946864285, 0.10130844732024058, 0.6748035089431785, 0.02365878694514295, 0.10012768433187308, 0.0, 0.2040477148975285, 0.13544225908153018, 0.7816281347671507, 0.8082937123077193, 0.5659097113419984, 0.12995520363155633, 0.0037406424390049407, 0.003529663852820674, 0.0, 0.0, 0.0, 0.578697170464084, 0.1572627982242688, 0.0, 0.0, 0.14047567099105585, 0.11426863534358911, 0.0, 0.002364524641849214, 0.8005011525686095, 
0.0005762436239392134, 0.6180374961955076, 0.038891839822880914, 0.03376948244008021, 0.6600200830789446, 0.024740399375072848, 0.03337589477729108, 0.0, 0.07138900071378329, 0.045147419693843394, 0.8084221250445909, 0.7956015234084284, 0.5682889087467861, 0.043318401210518775, 0.0012468808130016475, 0.0011765546176068925, 0.0, 0.0, 0.0, 0.5893776089048922, 0.07158403329564578, 0.0, 0.0, 0.046825223663685245, 0.03808954511452978, 0.0, 0.0007881748806164053, 0.9335003841895366, 
0.0, 0.5555974873779947, 0.0, 0.0, 0.6103281291695467, 0.023595791884035273, 0.0, 0.0, 0.004722334047116667, 0.0, 0.8336978455044236, 0.7859601043011968, 0.5315132736192346, 0.0, 0.0, 0.0, 0.0, 0.0, 0.0, 0.5849935422979046, 0.028090725233352057, 0.0, 0.0, 0.0, 0.0, 0.0, 0.0, 0.98641868248972, 
0.0, 0.4765852136880097, 0.0, 0.0, 0.5257276472149848, 0.020224964472030236, 0.0, 0.0, 0.004047714897528571, 0.0, 0.8574552961466488, 0.7793694549860247, 0.455582805959344, 0.0, 0.0, 0.0, 0.0, 0.0, 0.0, 0.5655449706431213, 0.02678287403738749, 0.0, 0.0, 0.0, 0.0, 0.0, 0.0, 0.9592560474691599, 
0.0, 0.3975729399980247, 0.0, 0.0, 0.441127165260423, 0.016854137060025195, 0.0, 0.0, 0.0033730957479404765, 0.0, 0.8812127467888741, 0.7727788056708526, 0.37965233829945333, 0.0, 0.0, 0.0, 0.0, 0.0, 0.0, 0.546096398988338, 0.025475022841422928, 0.0, 0.0, 0.0, 0.0, 0.0, 0.0, 0.9320934124485999, 
0.0, 0.31856066630803964, 0.0, 0.0, 0.3565266833058611, 0.013483309648020157, 0.0, 0.0, 0.002698476598352381, 0.0, 0.9049701974310992, 0.7661881563556805, 0.30372187063956263, 0.0, 0.0, 0.0, 0.0, 0.0, 0.0, 0.5266478273335546, 0.02416717164545836, 0.0, 0.0, 0.0, 0.0, 0.0, 0.0, 0.9049307774280398, 
0.0, 0.23954839261805466, 0.0, 0.0, 0.2719262013512993, 0.010112482236015116, 0.0, 0.0, 0.002023857448764286, 0.0, 0.9287276480733244, 0.7595975070405083, 0.227791402979672, 0.0, 0.0, 0.0, 0.0, 0.0, 0.0, 0.5071992556787713, 0.0228593204494938, 0.0, 0.0, 0.0, 0.0, 0.0, 0.0, 0.8777681424074798, 
0.0, 0.16053611892806963, 0.0, 0.0, 0.18732571939673742, 0.006741654824010079, 0.0, 0.0, 0.0013492382991761908, 0.0, 0.9524850987155495, 0.7530068577253363, 0.15186093531978134, 0.0, 0.0, 0.0, 0.0, 0.0, 0.0, 0.487750684023988, 0.021551469253529233, 0.0, 0.0, 0.0, 0.0, 0.0, 0.0, 0.8506055073869198, 
0.0, 0.08152384523808465, 0.0, 0.0, 0.10272523744217554, 0.0033708274120050376, 0.0, 0.0, 0.0006746191495880958, 0.0, 0.9762425493577748, 0.7464162084101641, 0.07593046765989064, 0.0, 0.0, 0.0, 0.0, 0.0, 0.0, 0.4683021123692047, 0.020243618057564666, 0.0, 0.0, 0.0, 0.0, 0.0, 0.0, 0.8234428723663597, 
0.0, 0.002511571548099545, 0.0, 0.0, 0.01812475548761367, 0.0, 0.0, 0.0, 0.0, 0.0, 1.0, 0.739825559094992, 0.0, 0.0, 0.0, 0.0, 0.0, 0.0, 0.0, 0.44885354071442135, 0.018935766861600103, 0.0, 0.0, 0.0, 0.0, 0.0, 0.0, 0.7962802373457997, 
0.0, 0.0021766953416862724, 0.0, 0.0, 0.015708121422598514, 0.0, 0.0, 0.0, 0.0, 0.0, 1.0, 0.6432326227873235, 0.0, 0.0, 0.0, 0.0, 0.0, 0.0, 0.0, 0.46629956674100465, 0.016751960370839602, 0.0, 0.0, 0.0, 0.0, 0.0, 0.00022622193215556373, 0.7702100047217448, 
0.0, 0.0018418191352729998, 0.0, 0.0, 0.01329148735758336, 0.0, 0.0, 0.0, 0.0, 0.0, 1.0, 0.546639686479655, 0.0, 0.0, 0.0, 0.0, 0.0, 0.0, 0.0, 0.4837455927675879, 0.014568153880079102, 0.0, 0.0, 0.0, 0.0, 0.0, 0.00045244386431112746, 0.74413977209769, 
0.0, 0.0015069429288597272, 0.0, 0.0, 0.010874853292568203, 0.0, 0.0, 0.0, 0.0, 0.0, 1.0, 0.4500467501719865, 0.0, 0.0, 0.0, 0.0, 0.0, 0.0, 0.0, 0.5011916187941712, 0.012384347389318602, 0.0, 0.0, 0.0, 0.0, 0.0, 0.0006786657964666912, 0.7180695394736352, 
0.0, 0.0011720667224464545, 0.0, 0.0, 0.008458219227553047, 0.0, 0.0, 0.0, 0.0, 0.0, 1.0, 0.35345381386431796, 0.0, 0.0, 0.0, 0.0, 0.0, 0.0, 0.0, 0.5186376448207545, 0.0102005408985581, 0.0, 0.0, 0.0, 0.0, 0.0, 0.0009048877286222549, 0.6919993068495803, 
0.0, 0.0008371905160331817, 0.0, 0.0, 0.0060415851625378915, 0.0, 0.0, 0.0, 0.0, 0.0, 1.0, 0.25686087755664944, 0.0, 0.0, 0.0, 0.0, 0.0, 0.0, 0.0, 0.5360836708473378, 0.008016734407797599, 0.0, 0.0, 0.0, 0.0, 0.0, 0.0011311096607778187, 0.6659290742255255, 
0.0, 0.0005023143096199094, 0.0, 0.0, 0.003624951097522734, 0.0, 0.0, 0.0, 0.0, 0.0, 1.0, 0.16026794124898092, 0.0, 0.0, 0.0, 0.0, 0.0, 0.0, 0.0, 0.5535296968739211, 0.005832927917037099, 0.0, 0.0, 0.0, 0.0, 0.0, 0.0013573315929333823, 0.6398588416014708, 
0.0, 0.0001674381032066366, 0.0, 0.0, 0.0012083170325075804, 0.0, 0.0, 0.0, 0.0, 0.0, 1.0, 0.0636750049413124, 0.0, 0.0, 0.0, 0.0, 0.0, 0.0, 0.0, 0.5709757229005044, 0.003649121426276599, 0.0, 0.0, 0.0, 0.0, 0.0, 0.0015835535250889462, 0.6137886089774158, 
0.0, 0.0, 0.0, 0.0, 0.0, 0.0, 0.0, 0.0, 0.0, 0.0031426593429880537, 0.9965385266539544, 0.014353301001646302, 0.0, 0.002874592005205959, 0.0, 0.0, 0.06137324295681372, 0.0008539936731292512, 0.0, 0.5882164222639534, 0.002386736968836589, 0.0, 0.0, 0.0, 0.0, 0.0, 0.05626645015610029, 0.6110188996763084, 
0.0, 0.0, 0.0, 0.0, 0.0, 0.0, 0.0, 0.0, 0.0, 0.009427978028964161, 0.9896155799618631, 0.012302829429982544, 0.0, 0.008623776015617876, 0.0, 0.0, 0.18411972887044115, 0.0025619810193877536, 0.0, 0.6052517949642684, 0.0020457745447170763, 0.0, 0.0, 0.0, 0.0, 0.0, 0.16540602148596742, 0.6315497136981482, 
0.0, 0.0, 0.0, 0.0, 0.0, 0.0, 0.0, 0.0, 0.0, 0.01571329671494027, 0.9826926332697719, 0.010252357858318786, 0.0, 0.014372960026029795, 0.0, 0.0, 0.3068662147840686, 0.004269968365646256, 0.0, 0.6222871676645834, 0.0017048121205975636, 0.0, 0.0, 0.0, 0.0, 0.0, 0.2745455928158345, 0.6520805277199879, 
0.0, 0.0, 0.0, 0.0, 0.0, 0.0, 0.0, 0.0, 0.0, 0.021998615400916376, 0.9757696865776806, 0.008201886286655028, 0.0, 0.020122144036441712, 0.0, 0.0, 0.429612700697696, 0.005977955711904758, 0.0, 0.6393225403648983, 0.0013638496964780509, 0.0, 0.0, 0.0, 0.0, 0.0, 0.3836851641457017, 0.6726113417418278, 
0.0, 0.0, 0.0, 0.0, 0.0, 0.0, 0.0, 0.0, 0.0, 0.028283934086892483, 0.9688467398855892, 0.006151414714991272, 0.0, 0.02587132804685363, 0.0, 0.0, 0.5523591866113234, 0.0076859430581632604, 0.0, 0.6563579130652133, 0.0010228872723585382, 0.0, 0.0, 0.0, 0.0, 0.0, 0.49282473547556876, 0.6931421557636676, 
0.0, 0.0, 0.0, 0.0, 0.0, 0.0, 0.0, 0.0, 0.0, 0.03456925277286859, 0.961923793193498, 0.004100943143327514, 0.0, 0.03162051205726555, 0.0, 0.0, 0.6751056725249509, 0.009393930404421763, 0.0, 0.6733932857655281, 0.0006819248482390254, 0.0, 0.0, 0.0, 0.0, 0.0, 0.6019643068054359, 0.7136729697855073, 
0.0, 0.0, 0.0, 0.0, 0.0, 0.0, 0.0, 0.0, 0.0, 0.0408545714588447, 0.9550008465014067, 0.002050471571663756, 0.0, 0.03736969606767747, 0.0, 0.0, 0.7978521584385784, 0.011101917750680266, 0.0, 0.6904286584658431, 0.0003409624241195127, 0.0, 0.0, 0.0, 0.0, 0.0, 0.711103878135303, 0.7342037838073472, 
0.0, 0.0, 0.0, 0.0, 0.0, 0.0, 0.0, 0.0, 0.0, 0.047139890144820805, 0.9480778998093154, 0.0, 0.0, 0.04311888007808939, 0.0, 0.0, 0.9205986443522058, 0.012809905096938768, 0.0, 0.7074640311661581, 0.0, 0.0, 0.0, 0.0, 0.0, 0.0, 0.8202434494651701, 0.754734597829187, 
0.0, 0.0, 0.0, 0.0, 0.0, 0.0, 0.0, 0.0, 0.0, 0.043349845264412296, 0.9372397613965447, 0.0, 0.0, 0.14836608924923755, 0.0, 0.0, 0.9311854917719117, 0.012028462750057535, 0.0, 0.7202659604686625, 0.0, 0.0, 0.0, 0.0, 0.0, 0.00046322080652657407, 0.8029588044860991, 0.6541033181186287, 
0.0, 0.0, 0.0, 0.0, 0.0, 0.0, 0.0, 0.0, 0.0, 0.03955980038400379, 0.9264016229837739, 0.0, 0.0, 0.2536132984203857, 0.0, 0.0, 0.9417723391916176, 0.011247020403176303, 0.0, 0.733067889771167, 0.0, 0.0, 0.0, 0.0, 0.0, 0.0009264416130531481, 0.785674159507028, 0.5534720384080705, 
0.0, 0.0, 0.0, 0.0, 0.0, 0.0, 0.0, 0.0, 0.0, 0.035769755503595284, 0.9155634845710032, 0.0, 0.0, 0.35886050759153393, 0.0, 0.0, 0.9523591866113235, 0.010465578056295072, 0.0, 0.7458698190736714, 0.0, 0.0, 0.0, 0.0, 0.0, 0.0013896624195797222, 0.768389514527957, 0.45284075869751217, 
0.0, 0.0, 0.0, 0.0, 0.0, 0.0, 0.0, 0.0, 0.0, 0.031979710623186774, 0.9047253461582325, 0.0, 0.0, 0.4641077167626821, 0.0, 0.0, 0.9629460340310293, 0.00968413570941384, 0.0, 0.7586717483761759, 0.0, 0.0, 0.0, 0.0, 0.0, 0.0018528832261062963, 0.751104869548886, 0.3522094789869539, 
0.0, 0.0, 0.0, 0.0, 0.0, 0.0, 0.0, 0.0, 0.0, 0.02818966574277827, 0.8938872077454618, 0.0, 0.0, 0.5693549259338303, 0.0, 0.0, 0.9735328814507352, 0.008902693362532608, 0.0, 0.7714736776786804, 0.0, 0.0, 0.0, 0.0, 0.0, 0.00231610403263287, 0.7338202245698149, 0.2515781992763957, 
0.0, 0.0, 0.0, 0.0, 0.0, 0.0, 0.0, 0.0, 0.0, 0.024399620862369763, 0.883049069332691, 0.0, 0.0, 0.6746021351049785, 0.0, 0.0, 0.9841197288704411, 0.008121251015651375, 0.0, 0.7842756069811848, 0.0, 0.0, 0.0, 0.0, 0.0, 0.0027793248391594443, 0.7165355795907439, 0.1509469195658374, 
0.0, 0.0, 0.0, 0.0, 0.0, 0.0, 0.0, 0.0, 0.0, 0.020609575981961253, 0.8722109309199203, 0.0, 0.0, 0.7798493442761266, 0.0, 0.0, 0.9947065762901469, 0.007339808668770143, 0.0, 0.7970775362836893, 0.0, 0.0, 0.0, 0.0, 0.0, 0.0032425456456860184, 0.6992509346116729, 0.050315639855279204, 
0.0, 0.0, 0.0, 0.0, 0.0, 0.0, 0.0, 0.0, 0.00011569514570505095, 0.01846919382698185, 0.8108544989162274, 0.0, 0.0010496865757449773, 0.8253292197909741, 0.0, 0.04194047677515596, 0.9999999999999999, 0.007057981562869685, 0.0, 0.7999253561409991, 0.00037402559838523605, 0.0, 0.0, 0.0, 0.0, 0.043412857573400715, 0.6892992621712464, 0.0, 
0.0, 0.0, 0.0, 0.0, 0.0, 0.0, 0.0, 0.0, 0.00034708543711515285, 0.01797847439743154, 0.6989797733216124, 0.0, 0.003149059727234932, 0.811041761649521, 0.0, 0.1258214303254679, 0.9999999999999999, 0.007275769697950001, 0.0, 0.7928190665531143, 0.0011220767951557083, 0.0, 0.0, 0.0, 0.0, 0.12329026062230353, 0.6866805622694644, 0.0, 
0.0, 0.0, 0.0, 0.0, 0.0, 0.0, 0.0, 0.0, 0.0005784757285252547, 0.017487754967881235, 0.5871050477269975, 0.0, 0.005248432878724886, 0.796754303508068, 0.0, 0.20970238387577977, 0.9999999999999999, 0.007493557833030317, 0.0, 0.7857127769652293, 0.0018701279919261802, 0.0, 0.0, 0.0, 0.0, 0.2031676636712063, 0.6840618623676824, 0.0, 
0.0, 0.0, 0.0, 0.0, 0.0, 0.0, 0.0, 0.0, 0.0008098660199353567, 0.016997035538330926, 0.4752303221323824, 0.0, 0.007347806030214841, 0.7824668453666149, 0.0, 0.2935833374260917, 0.9999999999999999, 0.007711345968110633, 0.0, 0.7786064873773445, 0.0026181791886966525, 0.0, 0.0, 0.0, 0.0, 0.28304506672010915, 0.6814431624659005, 0.0, 
0.0, 0.0, 0.0, 0.0, 0.0, 0.0, 0.0, 0.0, 0.0010412563113454585, 0.016506316108780617, 0.3633555965377674, 0.0, 0.009447179181704795, 0.7681793872251619, 0.0, 0.3774642909764036, 1.0, 0.007929134103190948, 0.0, 0.7715001977894597, 0.0033662303854671244, 0.0, 0.0, 0.0, 0.0, 0.36292246976901194, 0.6788244625641185, 0.0, 
0.0, 0.0, 0.0, 0.0, 0.0, 0.0, 0.0, 0.0, 0.0012726466027555604, 0.01601559667923031, 0.2514808709431524, 0.0, 0.01154655233319475, 0.7538919290837087, 0.0, 0.46134524452671555, 1.0, 0.008146922238271265, 0.0, 0.7643939082015748, 0.004114281582237597, 0.0, 0.0, 0.0, 0.0, 0.4427998728179148, 0.6762057626623366, 0.0, 
0.0, 0.0, 0.0, 0.0, 0.0, 0.0, 0.0, 0.0, 0.0015040368941656623, 0.015524877249680002, 0.13960614534853744, 0.0, 0.013645925484684705, 0.7396044709422557, 0.0, 0.5452261980770274, 1.0, 0.00836471037335158, 0.0, 0.7572876186136899, 0.004862332779008069, 0.0, 0.0, 0.0, 0.0, 0.5226772758668176, 0.6735870627605547, 0.0, 
0.0, 0.0, 0.0, 0.0, 0.0, 0.0, 0.0, 0.0, 0.0017354271855757643, 0.015034157820129694, 0.027731419753922504, 0.0, 0.01574529863617466, 0.7253170128008026, 0.0, 0.6291071516273393, 1.0, 0.008582498508431896, 0.0, 0.750181329025805, 0.0056103839757785405, 0.0, 0.0, 0.0, 0.0, 0.6025546789157203, 0.6709683628587727, 0.0, 
0.0, 0.0, 0.0, 0.0, 0.0, 0.0, 0.0, 0.0, 0.0015040368941656623, 0.013029603444112402, 0.02403389712006617, 0.0, 0.1455097216236386, 0.6365958054710297, 0.0, 0.6321453365778962, 0.932780819040679, 0.00743816537397431, 0.0, 0.748619101289619, 0.0060778868402990415, 0.0, 0.0, 0.0, 0.0, 0.5932370647024165, 0.6706454645421902, 0.0, 
0.0, 0.0, 0.0, 0.0, 0.0, 0.0, 0.0, 0.0, 0.0012726466027555604, 0.011025049068095108, 0.020336374486209837, 0.0, 0.27527414461110256, 0.5478745981412566, 0.0, 0.635183521528453, 0.8655616380813581, 0.006293832239516724, 0.0, 0.7470568735534329, 0.006545389704819542, 0.0, 0.0, 0.0, 0.0, 0.5839194504891128, 0.6703225662256077, 0.0, 
0.0, 0.0, 0.0, 0.0, 0.0, 0.0, 0.0, 0.0, 0.0010412563113454585, 0.009020494692077816, 0.016638851852353503, 0.0, 0.4050385675985665, 0.4591533908114836, 0.0, 0.6382217064790099, 0.7983424571220372, 0.0051494991050591386, 0.0, 0.7454946458172469, 0.007012892569340043, 0.0, 0.0, 0.0, 0.0, 0.574601836275809, 0.6699996679090253, 0.0, 
0.0, 0.0, 0.0, 0.0, 0.0, 0.0, 0.0, 0.0, 0.0008098660199353567, 0.007015940316060523, 0.012941329218497168, 0.0, 0.5348029905860304, 0.3704321834817106, 0.0, 0.6412598914295667, 0.7311232761627162, 0.004005165970601552, 0.0, 0.7439324180810608, 0.007480395433860543, 0.0, 0.0, 0.0, 0.0, 0.5652842220625053, 0.6696767695924428, 0.0, 
0.0, 0.0, 0.0, 0.0, 0.0, 0.0, 0.0, 0.0, 0.0005784757285252548, 0.005011385940043231, 0.009243806584640833, 0.0, 0.6645674135734944, 0.2817109761519376, 0.0, 0.6442980763801236, 0.6639040952033952, 0.0028608328361439655, 0.0, 0.7423701903448747, 0.007947898298381044, 0.0, 0.0, 0.0, 0.0, 0.5559666078492015, 0.6693538712758603, 0.0, 
0.0, 0.0, 0.0, 0.0, 0.0, 0.0, 0.0, 0.0, 0.0003470854371151529, 0.003006831564025937, 0.005546283950784499, 0.0, 0.7943318365609583, 0.19298976882216456, 0.0, 0.6473362613306805, 0.5966849142440743, 0.0017164997016863798, 0.0, 0.7408079626086886, 0.008415401162901544, 0.0, 0.0, 0.0, 0.0, 0.5466489936358977, 0.6690309729592778, 0.0, 
0.0, 0.0, 0.0, 0.0, 0.0, 0.0, 0.0, 0.0, 0.00011569514570505097, 0.0010022771880086444, 0.0018487613169281651, 0.0, 0.9240962595484222, 0.1042685614923915, 0.0, 0.6503744462812373, 0.5294657332847534, 0.0005721665672287941, 0.0, 0.7392457348725026, 0.008882904027422044, 0.0, 0.0, 0.0, 0.0, 0.5373313794225939, 0.6687080746426953, 0.0, 
0.0, 0.0, 0.0, 0.0, 0.0, 0.0, 0.0, 0.0, 0.000359989039685238, 0.0001211854152592519, 0.0, 0.0, 0.9897132396393439, 0.10386698385483836, 0.0, 0.6534340853468789, 0.5209175249387353, 0.04160867048082665, 0.0, 0.7527539998770113, 0.009011013022050946, 0.0, 0.00017606583662988575, 0.0, 0.0, 0.5464835242984762, 0.6670894032549012, 0.0, 
0.0, 0.0, 0.0, 0.0, 0.0, 0.0, 0.0, 0.0, 0.001079967119055714, 0.0003635562457777557, 0.0, 0.0, 0.9911827768337234, 0.19178503590950513, 0.0, 0.6565151785276053, 0.57104028920602, 0.12482601144247996, 0.0, 0.7813327576222149, 0.008799728146788251, 0.0, 0.0005281975098896572, 0.0, 0.0, 0.5741054282635446, 0.6641749587958954, 0.0, 
0.0, 0.0, 0.0, 0.0, 0.0, 0.0, 0.0, 0.0, 0.00179994519842619, 0.0006059270762962595, 0.0, 0.0, 0.9926523140281028, 0.27970308796417187, 0.0, 0.6595962717083318, 0.6211630534733047, 0.20804335240413324, 0.0, 0.8099115153674183, 0.008588443271525553, 0.0, 0.0008803291831494288, 0.0, 0.0, 0.6017273322286131, 0.6612605143368895, 0.0, 
0.0, 0.0, 0.0, 0.0, 0.0, 0.0, 0.0, 0.0, 0.002519923277796666, 0.0008482979068147633, 0.0, 0.0, 0.9941218512224822, 0.3676211400188386, 0.0, 0.6626773648890582, 0.6712858177405894, 0.2912606933657865, 0.0, 0.8384902731126219, 0.008377158396262858, 0.0, 0.0012324608564092002, 0.0, 0.0, 0.6293492361936814, 0.6583460698778837, 0.0, 
0.0, 0.0, 0.0, 0.0, 0.0, 0.0, 0.0, 0.0, 0.003239901357167142, 0.001090668737333267, 0.0, 0.0, 0.9955913884168617, 0.45553919207350535, 0.0, 0.6657584580697846, 0.7214085820078739, 0.37447803432743987, 0.0, 0.8670690308578255, 0.00816587352100016, 0.0, 0.0015845925296689718, 0.0, 0.0, 0.6569711401587499, 0.6554316254188778, 0.0, 
0.0, 0.0, 0.0, 0.0, 0.0, 0.0, 0.0, 0.0, 0.003959879436537618, 0.0013330395678517709, 0.0, 0.0, 0.9970609256112412, 0.5434572441281721, 0.0, 0.6688395512505111, 0.7715313462751587, 0.45769537528909315, 0.0, 0.895647788603029, 0.007954588645737466, 0.0, 0.0019367242029287432, 0.0, 0.0, 0.6845930441238183, 0.652517180959872, 0.0, 
0.0, 0.0, 0.0, 0.0, 0.0, 0.0, 0.0, 0.0, 0.004679857515908094, 0.0015754103983702747, 0.0, 0.0, 0.9985304628056205, 0.6313752961828389, 0.0, 0.6719206444312374, 0.8216541105424433, 0.5409127162507464, 0.0, 0.9242265463482324, 0.007743303770474768, 0.0, 0.0022888558761885148, 0.0, 0.0, 0.7122149480888866, 0.6496027365008661, 0.0, 
0.0, 0.0, 0.0, 0.0, 0.0, 0.0, 0.0, 0.0, 0.00539983559527857, 0.0018177812288887785, 0.0, 0.0, 1.0, 0.7192933482375057, 0.0, 0.6750017376119639, 0.871776874809728, 0.6241300572123998, 0.0, 0.952805304093436, 0.007532018895212072, 0.0, 0.0026409875494482864, 0.0, 0.0, 0.7398368520539551, 0.6466882920418603, 0.0, 
0.0, 0.0, 0.0, 0.0, 0.0, 0.0, 0.0, 0.0, 0.004679857515908094, 0.0015754103983702747, 0.004056971297602836, 0.0014063379967909223, 0.992524037795036, 0.6234978989843966, 0.0001298712478185164, 0.6737024159806149, 0.842288059057523, 0.6698476914944429, 0.005234565989947656, 0.9590979302143112, 0.006527749709183795, 0.001168159850553027, 0.09755843085546159, 0.0, 0.0, 0.7456329940998904, 0.651405784059184, 0.0, 
0.0, 0.0, 0.0, 0.0, 0.0, 0.0, 0.0, 0.0, 0.003959879436537618, 0.0013330395678517709, 0.008113942595205672, 0.0028126759935818446, 0.985048075590072, 0.5277024497312874, 0.0002597424956370328, 0.6724030943492659, 0.812799243305318, 0.7155653257764859, 0.010469131979895312, 0.9653905563351863, 0.00552348052315552, 0.002336319701106054, 0.19247587416147488, 0.0, 0.0, 0.7514291361458256, 0.6561232760765078, 0.0, 
0.0, 0.0, 0.0, 0.0, 0.0, 0.0, 0.0, 0.0, 0.0032399013571671417, 0.001090668737333267, 0.012170913892808508, 0.004219013990372767, 0.977572113385108, 0.43190700047817826, 0.0003896137434555492, 0.6711037727179169, 0.7833104275531131, 0.761282960058529, 0.01570369796984297, 0.9716831824560616, 0.004519211337127243, 0.0035044795516590813, 0.2873933174674882, 0.0, 0.0, 0.757225278191761, 0.6608407680938315, 0.0, 
0.0, 0.0, 0.0, 0.0, 0.0, 0.0, 0.0, 0.0, 0.0025199232777966657, 0.0008482979068147633, 0.016227885190411344, 0.005625351987163689, 0.970096151180144, 0.33611155122506914, 0.0005194849912740656, 0.6698044510865679, 0.753821611800908, 0.807000594340572, 0.020938263959790624, 0.9779758085769368, 0.0035149421510989667, 0.004672639402212108, 0.3823107607735015, 0.0, 0.0, 0.7630214202376963, 0.6655582601111553, 0.0, 
0.0, 0.0, 0.0, 0.0, 0.0, 0.0, 0.0, 0.0, 0.0017999451984261898, 0.0006059270762962595, 0.02028485648801418, 0.007031689983954611, 0.96262018897518, 0.24031610197196002, 0.000649356239092582, 0.6685051294552189, 0.724332796048703, 0.8527182286226151, 0.02617282994973828, 0.9842684346978119, 0.0025106729650706903, 0.005840799252765136, 0.47722820407951483, 0.0, 0.0, 0.7688175622836315, 0.670275752128479, 0.0, 
0.0, 0.0, 0.0, 0.0, 0.0, 0.0, 0.0, 0.0, 0.0010799671190557135, 0.0003635562457777557, 0.024341827785617016, 0.008438027980745534, 0.9551442267702159, 0.14452065271885084, 0.0007792274869110984, 0.6672058078238698, 0.6948439802964981, 0.8984358629046583, 0.03140739593968594, 0.9905610608186871, 0.0015064037790424147, 0.0070089591033181626, 0.5721456473855281, 0.0, 0.0, 0.7746137043295668, 0.6749932441458028, 0.0, 
0.0, 0.0, 0.0, 0.0, 0.0, 0.0, 0.0, 0.0, 0.00035998903968523753, 0.0001211854152592519, 0.02839879908321985, 0.009844365977536455, 0.947668264565252, 0.04872520346574172, 0.0009090987347296148, 0.6659064861925209, 0.6653551645442931, 0.9441534971867014, 0.03664196192963359, 0.9968536869395623, 0.0005021345930141382, 0.00817711895387119, 0.6670630906915415, 0.0, 0.0, 0.780409846375502, 0.6797107361631265, 0.0, 
0.03087542508787774, 0.0, 0.0, 0.0, 0.0, 0.0, 0.0, 0.0, 0.0001670740391916915, 0.0, 0.029983492204923624, 0.010768261020602474, 0.9289330657132308, 0.0007723135832413909, 0.03879379730940777, 0.6625280772554101, 0.6074598132581339, 0.9476742876826049, 0.10330862859630026, 0.973898566374559, 0.0, 0.059187624948229545, 0.6685149798303928, 0.0, 0.0, 0.7940338704907923, 0.6814161799612691, 0.0, 
0.09262627526363322, 0.0, 0.0, 0.0, 0.0, 0.0, 0.0, 0.0, 0.0005012221175750745, 0.0, 0.02909590715072833, 0.011209713109943589, 0.8989386302141523, 0.0006619830713497637, 0.11443332321094556, 0.6570705810125373, 0.5211579264380205, 0.9089982343923689, 0.23140739593968596, 0.921695699123677, 0.0, 0.1600404770863932, 0.5765013148020822, 0.0, 0.0, 0.8154857766754375, 0.6801095755402304, 0.0, 
0.1543771254393887, 0.0, 0.0, 0.0, 0.0, 0.0, 0.0, 0.0, 0.0008353701959584575, 0.0, 0.02820832209653304, 0.011651165199284703, 0.8689441947150738, 0.0005516525594581364, 0.19007284911248334, 0.6516130847696647, 0.4348560396179071, 0.870322181102133, 0.3595061632830716, 0.869492831872795, 0.0, 0.26089332922455694, 0.4844876497737717, 0.0, 0.0, 0.8369376828600827, 0.6788029711191919, 0.0, 
0.21612797561514419, 0.0, 0.0, 0.0, 0.0, 0.0, 0.0, 0.0, 0.0011695182743418405, 0.0, 0.027320737042337746, 0.012092617288625818, 0.8389497592159953, 0.00044132204756650907, 0.2657123750140211, 0.646155588526792, 0.3485541527977937, 0.8316461278118971, 0.4876049306264573, 0.8172899646219131, 0.0, 0.36174618136272063, 0.39247398474546114, 0.0, 0.0, 0.858389589044728, 0.6774963666981532, 0.0, 
0.2778788257908997, 0.0, 0.0, 0.0, 0.0, 0.0, 0.0, 0.0, 0.0015036663527252235, 0.0, 0.026433151988142452, 0.012534069377966932, 0.8089553237169169, 0.00033099153567488183, 0.3413519009155589, 0.6406980922839194, 0.2622522659776803, 0.7929700745216611, 0.615703697969843, 0.7650870973710311, 0.0, 0.46259903350088427, 0.3004603197171506, 0.0, 0.0, 0.8798414952293732, 0.6761897622771146, 0.0, 
0.33962967596665516, 0.0, 0.0, 0.0, 0.0, 0.0, 0.0, 0.0, 0.0018378144311086064, 0.0, 0.02554556693394716, 0.012975521467308047, 0.7789608882178385, 0.0002206610237832546, 0.41699142681709667, 0.6352405960410467, 0.17595037915756695, 0.7542940212314252, 0.7438024653132287, 0.7128842301201491, 0.0, 0.563451885639048, 0.20844665468884005, 0.0, 0.0, 0.9012934014140183, 0.6748831578560759, 0.0, 
0.40138052614241065, 0.0, 0.0, 0.0, 0.0, 0.0, 0.0, 0.0, 0.0021719625094919893, 0.0, 0.02465798187975187, 0.01341697355664916, 0.74896645271876, 0.00011033051189162724, 0.4926309527186345, 0.629783099798174, 0.08964849233745353, 0.7156179679411893, 0.8719012326566143, 0.6606813628692672, 0.0, 0.6643047377772117, 0.1164329896605295, 0.0, 0.0, 0.9227453075986635, 0.6735765534350373, 0.0, 
0.46313137631816614, 0.0, 0.0, 0.0, 0.0, 0.0, 0.0, 0.0, 0.0025061105878753723, 0.0, 0.023770396825556577, 0.013858425645990274, 0.7189720172196815, 0.0, 0.5682704786201722, 0.6243256035553013, 0.003346605517340084, 0.6769419146509533, 1.0, 0.6084784956183852, 0.0, 0.7651575899153753, 0.024419324632218912, 0.0, 0.0, 0.9441972137833087, 0.6722699490139986, 0.0, 
0.4035363451258234, 0.0, 0.0, 0.0, 0.0, 0.0, 0.0, 0.0, 0.0021719625094919893, 0.0, 0.020601010582149033, 0.013909029647680638, 0.6238141225572439, 0.0, 0.49250108147081595, 0.5417586249169853, 0.0033480662954750483, 0.5866829926974929, 1.0, 0.5275754300678055, 0.0005760759014802873, 0.6631365779266586, 0.02116341468125639, 0.0, 0.0, 0.8944102568497878, 0.5831132129922796, 0.0, 
0.3439413139334807, 0.0, 0.0, 0.0, 0.0, 0.0, 0.0, 0.0, 0.0018378144311086064, 0.0, 0.01743162433874149, 0.013959633649371, 0.5286562278948064, 0.0, 0.41673168432145963, 0.4591916462786694, 0.003349527073610013, 0.49642407074403244, 1.0, 0.4466723645172258, 0.0011521518029605747, 0.5611155659379419, 0.017907504730293868, 0.0, 0.0, 0.8446232999162671, 0.49395647697056055, 0.0, 
0.28434628274113805, 0.0, 0.0, 0.0, 0.0, 0.0, 0.0, 0.0, 0.0015036663527252232, 0.0, 0.014262238095333947, 0.014010237651061365, 0.43349833323236875, 0.0, 0.3409622871721033, 0.37662466764035335, 0.0033509878517449776, 0.406165148790572, 1.0, 0.3657692989666462, 0.0017282277044408621, 0.4590945539492252, 0.014651594779331348, 0.0, 0.0, 0.7948363429827462, 0.4047997409488416, 0.0, 
0.22475125154879533, 0.0, 0.0, 0.0, 0.0, 0.0, 0.0, 0.0, 0.0011695182743418403, 0.0, 0.011092851851926403, 0.014060841652751729, 0.3383404385699312, 0.0, 0.26519289002274704, 0.2940576890020374, 0.0033524486298799425, 0.31590622683711156, 1.0, 0.2848662334160665, 0.0023043036059211494, 0.3570735419605085, 0.011395684828368826, 0.0, 0.0, 0.7450493860492253, 0.31564300492712255, 0.0, 
0.1651562203564526, 0.0, 0.0, 0.0, 0.0, 0.0, 0.0, 0.0, 0.0008353701959584574, 0.0, 0.007923465608518861, 0.014111445654442091, 0.2431825439074936, 0.0, 0.18942349287339078, 0.2114907103637214, 0.003353909408014907, 0.22564730488365115, 1.0, 0.2039631678654868, 0.0028803795074014366, 0.25505252997179184, 0.008139774877406306, 0.0, 0.0, 0.6952624291157046, 0.22648626890540352, 0.0, 
0.10556118916410995, 0.0, 0.0, 0.0, 0.0, 0.0, 0.0, 0.0, 0.0005012221175750742, 0.0, 0.0047540793651113175, 0.014162049656132455, 0.14802464924505598, 0.0, 0.11365409572403445, 0.1289237317254054, 0.0033553701861498714, 0.13538838293019062, 1.0, 0.12306010231490716, 0.0034564554088817243, 0.15303151798307513, 0.0048838649264437844, 0.0, 0.0, 0.6454754721821837, 0.13732953288368455, 0.0, 
0.04596615797176723, 0.0, 0.0, 0.0, 0.0, 0.0, 0.0, 0.0, 0.00016707403919169125, 0.0, 0.0015846931217037737, 0.01421265365782282, 0.05286675458261847, 0.0, 0.03788469857467813, 0.04635675308708942, 0.0033568309642848363, 0.04512946097673021, 1.0, 0.04215703676432747, 0.004032531310362011, 0.05101050599435841, 0.0016279549754812626, 0.0, 0.0, 0.5956885152486628, 0.04817279686196552, 0.0, 
0.015090732883889435, 0.0, 0.0, 0.0, 0.0, 0.0, 0.0, 0.0, 0.0, 0.0, 0.0, 0.013579316156044326, 0.005166423081779383, 0.0, 0.0, 0.0047350461834027155, 0.0031337239297954973, 0.0011622225677032686, 1.0, 0.0015918037231017403, 0.004032531310362012, 0.0, 0.0, 0.0, 0.0, 0.5327420343297756, 0.003354800261032182, 0.0, 
0.012934913900476658, 0.0, 0.0, 0.0, 0.0, 0.0, 0.0, 0.0, 0.0, 0.0, 0.0, 0.012262037150796979, 0.004923654742538797, 0.0, 0.0, 0.004058611014345185, 0.0026860490826818547, 0.0034866677031098058, 1.0, 0.0013644031912300632, 0.0034564554088817243, 0.0, 0.0, 0.0, 0.0, 0.45663602942552195, 0.0028755430808847277, 0.0, 
0.010779094917063881, 0.0, 0.0, 0.0, 0.0, 0.0, 0.0, 0.0, 0.0, 0.0, 0.0, 0.01094475814554963, 0.004680886403298211, 0.0, 0.0, 0.003382175845287654, 0.002238374235568212, 0.005811112838516343, 1.0, 0.0011370026593583858, 0.002880379507401437, 0.0, 0.0, 0.0, 0.0, 0.3805300245212683, 0.0023962859007372727, 0.0, 
0.008623275933651104, 0.0, 0.0, 0.0, 0.0, 0.0, 0.0, 0.0, 0.0, 0.0, 0.0, 0.009627479140302281, 0.004438118064057626, 0.0, 0.0, 0.002705740676230123, 0.00179069938845457, 0.00813555797392288, 1.0, 0.0009096021274867087, 0.00230430360592115, 0.0, 0.0, 0.0, 0.0, 0.30442401961701465, 0.0019170287205898184, 0.0, 
0.006467456950238329, 0.0, 0.0, 0.0, 0.0, 0.0, 0.0, 0.0, 0.0, 0.0, 0.0, 0.008310200135054933, 0.00419534972481704, 0.0, 0.0, 0.0020293055071725925, 0.0013430245413409273, 0.010460003109329418, 1.0, 0.0006822015956150316, 0.0017282277044408621, 0.0, 0.0, 0.0, 0.0, 0.22831801471276097, 0.0014377715404423636, 0.0, 
0.004311637966825552, 0.0, 0.0, 0.0, 0.0, 0.0, 0.0, 0.0, 0.0, 0.0, 0.0, 0.006992921129807585, 0.003952581385576455, 0.0, 0.0, 0.0013528703381150615, 0.0008953496942272847, 0.012784448244735954, 1.0, 0.00045480106374335425, 0.001152151802960575, 0.0, 0.0, 0.0, 0.0, 0.1522120098085073, 0.0009585143602949091, 0.0, 
0.002155818983412775, 0.0, 0.0, 0.0, 0.0, 0.0, 0.0, 0.0, 0.0, 0.0, 0.0, 0.005675642124560237, 0.0037098130463358685, 0.0, 0.0, 0.0006764351690575305, 0.0004476748471136426, 0.015108893380142492, 1.0, 0.00022740053187167712, 0.0005760759014802877, 0.0, 0.0, 0.0, 0.0, 0.07610600490425368, 0.00047925718014745454, 0.0, 
0.0, 0.0, 0.0, 0.0, 0.0, 0.0, 0.0, 0.0, 0.0, 0.0, 0.0, 0.004358363119312888, 0.003467044707095283, 0.0, 0.0, 0.0, 0.0, 0.01743333851554903, 1.0, 0.0, 0.0, 0.0, 0.0, 0.0, 0.0, 0.0, 0.0, 0.0, 
0.0, 0.0, 0.0, 0.0, 0.0, 0.0, 0.0, 0.0, 0.0, 0.0, 0.0, 0.0037772480367378363, 0.0030047720794825782, 0.0, 0.0, 0.0, 0.0, 0.13351917247538736, 1.0, 0.0, 0.0, 0.0, 0.0, 0.0, 0.0, 0.00022713557463752842, 0.0, 0.0, 
0.0, 0.0, 0.0, 0.0, 0.0, 0.0, 0.0, 0.0, 0.0, 0.0, 0.0, 0.0031961329541627848, 0.002542499451869874, 0.0, 0.0, 0.0, 0.0, 0.24960500643522568, 1.0, 0.0, 0.0, 0.0, 0.0, 0.0, 0.0, 0.00045427114927505685, 0.0, 0.0, 
0.0, 0.0, 0.0, 0.0, 0.0, 0.0, 0.0, 0.0, 0.0, 0.0, 0.0, 0.0026150178715877333, 0.0020802268242571696, 0.0, 0.0, 0.0, 0.0, 0.365690840395064, 1.0, 0.0, 0.0, 0.0, 0.0, 0.0, 0.0, 0.0006814067239125853, 0.0, 0.0, 
0.0, 0.0, 0.0, 0.0, 0.0, 0.0, 0.0, 0.0, 0.0, 0.0, 0.0, 0.0020339027890126813, 0.0016179541966444653, 0.0, 0.0, 0.0, 0.0, 0.4817766743549023, 1.0, 0.0, 0.0, 0.0, 0.0, 0.0, 0.0, 0.0009085422985501137, 0.0, 0.0, 
0.0, 0.0, 0.0, 0.0, 0.0, 0.0, 0.0, 0.0, 0.0, 0.0, 0.0, 0.0014527877064376294, 0.001155681569031761, 0.0, 0.0, 0.0, 0.0, 0.5978625083147406, 1.0, 0.0, 0.0, 0.0, 0.0, 0.0, 0.0, 0.001135677873187642, 0.0, 0.0, 
0.0, 0.0, 0.0, 0.0, 0.0, 0.0, 0.0, 0.0, 0.0, 0.0, 0.0, 0.0008716726238625779, 0.0006934089414190564, 0.0, 0.0, 0.0, 0.0, 0.713948342274579, 1.0, 0.0, 0.0, 0.0, 0.0, 0.0, 0.0, 0.0013628134478251707, 0.0, 0.0, 
0.0, 0.0, 0.0, 0.0, 0.0, 0.0, 0.0, 0.0, 0.0, 0.0, 0.0, 0.0002905575412875264, 0.00023113631380635227, 0.0, 0.0, 0.0, 0.0, 0.8300341762344173, 1.0, 0.0, 0.0, 0.0, 0.0, 0.0, 0.0, 0.001589949022462699, 0.0, 0.0, 
0.0, 0.0, 0.0, 0.0, 0.0, 0.0, 0.0, 0.0, 0.0, 0.0, 0.0, 0.0, 0.0, 0.0, 0.0, 0.0, 0.0, 0.8955386203333807, 0.9362883948870198, 0.0, 0.0, 0.0, 0.0, 0.0, 0.0, 0.001589949022462699, 0.0, 0.0, 
0.0, 0.0, 0.0, 0.0, 0.0, 0.0, 0.0, 0.0, 0.0, 0.0, 0.0, 0.0, 0.0, 0.0, 0.0, 0.0, 0.0, 0.9104616745714692, 0.8088651846610593, 0.0, 0.0, 0.0, 0.0, 0.0, 0.0, 0.0013628134478251707, 0.0, 0.0, 
0.0, 0.0, 0.0, 0.0, 0.0, 0.0, 0.0, 0.0, 0.0, 0.0, 0.0, 0.0, 0.0, 0.0, 0.0, 0.0, 0.0, 0.9253847288095577, 0.6814419744350988, 0.0, 0.0, 0.0, 0.0, 0.0, 0.0, 0.0011356778731876423, 0.0, 0.0, 
0.0, 0.0, 0.0, 0.0, 0.0, 0.0, 0.0, 0.0, 0.0, 0.0, 0.0, 0.0, 0.0, 0.0, 0.0, 0.0, 0.0, 0.9403077830476461, 0.5540187642091384, 0.0, 0.0, 0.0, 0.0, 0.0, 0.0, 0.0009085422985501137, 0.0, 0.0, 
0.0, 0.0, 0.0, 0.0, 0.0, 0.0, 0.0, 0.0, 0.0, 0.0, 0.0, 0.0, 0.0, 0.0, 0.0, 0.0, 0.0, 0.9552308372857345, 0.42659555398317794, 0.0, 0.0, 0.0, 0.0, 0.0, 0.0, 0.0006814067239125853, 0.0, 0.0, 
0.0, 0.0, 0.0, 0.0, 0.0, 0.0, 0.0, 0.0, 0.0, 0.0, 0.0, 0.0, 0.0, 0.0, 0.0, 0.0, 0.0, 0.970153891523823, 0.29917234375721746, 0.0, 0.0, 0.0, 0.0, 0.0, 0.0, 0.00045427114927505696, 0.0, 0.0, 
0.0, 0.0, 0.0, 0.0, 0.0, 0.0, 0.0, 0.0, 0.0, 0.0, 0.0, 0.0, 0.0, 0.0, 0.0, 0.0, 0.0, 0.9850769457619115, 0.1717491335312571, 0.0, 0.0, 0.0, 0.0, 0.0, 0.0, 0.00022713557463752837, 0.0, 0.0, 
0.0, 0.0, 0.0, 0.0, 0.0, 0.0, 0.0, 0.0, 0.0, 0.0, 0.0, 0.0, 0.0, 0.0, 0.0, 0.0, 0.0, 1.0, 0.0443259233052965, 0.0, 0.0, 0.0, 0.0, 0.0, 0.0, 0.0, 0.0, 0.0, 
0.0, 0.0, 0.0, 0.0, 0.0, 0.0, 0.0, 0.0, 0.0, 0.0, 0.0, 0.0, 0.0, 0.0, 0.0, 0.0, 0.0018029964566940448, 1.0, 0.04093694269618888, 0.0, 0.0, 0.0, 0.0, 0.0, 0.0, 0.0, 0.0, 0.0, 
0.0, 0.0, 0.0, 0.0, 0.0, 0.0, 0.0, 0.0, 0.0, 0.0, 0.0, 0.0, 0.0, 0.0, 0.0, 0.0, 0.0036059929133880897, 1.0, 0.037547962087081256, 0.0, 0.0, 0.0, 0.0, 0.0, 0.0, 0.0, 0.0, 0.0, 
0.0, 0.0, 0.0, 0.0, 0.0, 0.0, 0.0, 0.0, 0.0, 0.0, 0.0, 0.0, 0.0, 0.0, 0.0, 0.0, 0.0054089893700821345, 1.0, 0.03415898147797364, 0.0, 0.0, 0.0, 0.0, 0.0, 0.0, 0.0, 0.0, 0.0, 
0.0, 0.0, 0.0, 0.0, 0.0, 0.0, 0.0, 0.0, 0.0, 0.0, 0.0, 0.0, 0.0, 0.0, 0.0, 0.0, 0.007211985826776179, 1.0, 0.030770000868866016, 0.0, 0.0, 0.0, 0.0, 0.0, 0.0, 0.0, 0.0, 0.0, 
0.0, 0.0, 0.0, 0.0, 0.0, 0.0, 0.0, 0.0, 0.0, 0.0, 0.0, 0.0, 0.0, 0.0, 0.0, 0.0, 0.009014982283470224, 1.0, 0.027381020259758394, 0.0, 0.0, 0.0, 0.0, 0.0, 0.0, 0.0, 0.0, 0.0, 
0.0, 0.0, 0.0, 0.0, 0.0, 0.0, 0.0, 0.0, 0.0, 0.0, 0.0, 0.0, 0.0, 0.0, 0.0, 0.0, 0.010817978740164269, 1.0, 0.023992039650650776, 0.0, 0.0, 0.0, 0.0, 0.0, 0.0, 0.0, 0.0, 0.0, 
0.0, 0.0, 0.0, 0.0, 0.0, 0.0, 0.0, 0.0, 0.0, 0.0, 0.0, 0.0, 0.0, 0.0, 0.0, 0.0, 0.012620975196858314, 1.0, 0.020603059041543154, 0.0, 0.0, 0.0, 0.0, 0.0, 0.0, 0.0, 0.0, 0.0, 
0.034780155454341696, 0.0, 0.0, 0.0, 0.0, 0.0, 0.0, 0.0, 0.0, 0.0, 0.0, 0.0, 0.0, 0.0, 0.0, 0.0, 0.07843514370008016, 1.0, 0.017760989735374502, 0.0, 0.0, 0.0, 0.0, 0.0, 0.0, 0.0005244300087233852, 0.0, 0.0, 
0.10434046636302509, 0.0, 0.0, 0.0, 0.0, 0.0, 0.0, 0.0, 0.0, 0.0, 0.0, 0.0, 0.0, 0.0, 0.0, 0.0, 0.2082604842498298, 1.0, 0.015465831732144823, 0.0, 0.0, 0.0, 0.0, 0.0, 0.0, 0.0015732900261701556, 0.0, 0.0, 
0.1739007772717085, 0.0, 0.0, 0.0, 0.0, 0.0, 0.0, 0.0, 0.0, 0.0, 0.0, 0.0, 0.0, 0.0, 0.0, 0.0, 0.33808582479957944, 1.0, 0.013170673728915144, 0.0, 0.0, 0.0, 0.0, 0.0, 0.0, 0.002622150043616926, 0.0, 0.0, 
0.24346108818039186, 0.0, 0.0, 0.0, 0.0, 0.0, 0.0, 0.0, 0.0, 0.0, 0.0, 0.0, 0.0, 0.0, 0.0, 0.0, 0.46791116534932914, 1.0, 0.010875515725685464, 0.0, 0.0, 0.0, 0.0, 0.0, 0.0, 0.0036710100610636964, 0.0, 0.0, 
0.3130213990890753, 0.0, 0.0, 0.0, 0.0, 0.0, 0.0, 0.0, 0.0, 0.0, 0.0, 0.0, 0.0, 0.0, 0.0, 0.0, 0.5977365058990787, 1.0, 0.008580357722455785, 0.0, 0.0, 0.0, 0.0, 0.0, 0.0, 0.0047198700785104665, 0.0, 0.0, 
0.38258170999775865, 0.0, 0.0, 0.0, 0.0, 0.0, 0.0, 0.0, 0.0, 0.0, 0.0, 0.0, 0.0, 0.0, 0.0, 0.0, 0.7275618464488284, 1.0, 0.006285199719226106, 0.0, 0.0, 0.0, 0.0, 0.0, 0.0, 0.005768730095957237, 0.0, 0.0, 
0.45214202090644207, 0.0, 0.0, 0.0, 0.0, 0.0, 0.0, 0.0, 0.0, 0.0, 0.0, 0.0, 0.0, 0.0, 0.0, 0.0, 0.857387186998578, 1.0, 0.003990041715996425, 0.0, 0.0, 0.0, 0.0, 0.0, 0.0, 0.006817590113404008, 0.0, 0.0, 
0.5217023318151255, 0.0, 0.0, 0.0, 0.0, 0.0, 0.0, 0.0, 0.0, 0.0, 0.0, 0.0, 0.0, 0.0, 0.0, 0.0, 0.9872125275483276, 1.0, 0.0016948837127667448, 0.0, 0.0, 0.0, 0.0, 0.0, 0.0, 0.007866450130850777, 0.0, 0.0, 
0.45214202090644207, 0.0, 0.0, 0.0, 0.0, 0.0, 0.0, 0.0, 0.0005913951476532234, 0.0, 0.0, 0.0, 0.0, 0.0, 0.0, 0.07544783696677938, 0.9889175238752173, 0.868389229302417, 0.0014688992177311789, 0.0, 0.0, 0.0, 0.0, 0.0, 0.0, 0.006817590113404007, 0.0, 0.0, 
0.3825817099977587, 0.0, 0.0, 0.0, 0.0, 0.0, 0.0, 0.0, 0.0011827902953064468, 0.0, 0.0, 0.0, 0.0, 0.0, 0.0, 0.15089567393355877, 0.9906225202021068, 0.736778458604834, 0.001242914722695613, 0.0, 0.0, 0.0, 0.0, 0.0, 0.0, 0.005768730095957237, 0.0, 0.0, 
0.31302139908907534, 0.0, 0.0, 0.0, 0.0, 0.0, 0.0, 0.0, 0.0017741854429596702, 0.0, 0.0, 0.0, 0.0, 0.0, 0.0, 0.22634351090033816, 0.9923275165289965, 0.6051676879072512, 0.0010169302276600467, 0.0, 0.0, 0.0, 0.0, 0.0, 0.0, 0.004719870078510466, 0.0, 0.0, 
0.24346108818039192, 0.0, 0.0, 0.0, 0.0, 0.0, 0.0, 0.0, 0.0023655805906128936, 0.0, 0.0, 0.0, 0.0, 0.0, 0.0, 0.30179134786711753, 0.9940325128558861, 0.4735569172096682, 0.0007909457326244809, 0.0, 0.0, 0.0, 0.0, 0.0, 0.0, 0.0036710100610636955, 0.0, 0.0, 
0.1739007772717085, 0.0, 0.0, 0.0, 0.0, 0.0, 0.0, 0.0, 0.0029569757382661172, 0.0, 0.0, 0.0, 0.0, 0.0, 0.0, 0.3772391848338969, 0.9957375091827758, 0.3419461465120852, 0.0005649612375889148, 0.0, 0.0, 0.0, 0.0, 0.0, 0.0, 0.0026221500436169254, 0.0, 0.0, 
0.10434046636302513, 0.0, 0.0, 0.0, 0.0, 0.0, 0.0, 0.0, 0.0035483708859193404, 0.0, 0.0, 0.0, 0.0, 0.0, 0.0, 0.4526870218006763, 0.9974425055096654, 0.21033537581450235, 0.00033897674255334883, 0.0, 0.0, 0.0, 0.0, 0.0, 0.0, 0.0015732900261701543, 0.0, 0.0, 
0.034780155454341766, 0.0, 0.0, 0.0, 0.0, 0.0, 0.0, 0.0, 0.004139766033572564, 0.0, 0.0, 0.0, 0.0, 0.0, 0.0, 0.5281348587674557, 0.9991475018365551, 0.07872460511691937, 0.00011299224751778287, 0.0, 0.0, 0.0, 0.0, 0.0, 0.0, 0.0005244300087233842, 0.0, 0.0, 
0.0002866393235006584, 0.03746685268006216, 5.510024878518966e-05, 0.00014086028109892227, 0.0022827116916191497, 0.0, 0.0, 0.0, 0.03376219569009412, 0.0, 0.0020680939290129577, 0.06666666666666667, 0.0, 0.0, 0.0, 0.529225625151809, 0.9909122939096796, 0.012057938450252608, 0.0, 0.0, 0.0, 0.0, 0.042385909512213375, 0.0, 0.0, 0.0, 0.0, 0.0, 
0.0008599179705019752, 0.11240055804018648, 0.000165300746355569, 0.0004225808432967668, 0.006848135074857449, 0.0, 0.0, 0.0, 0.09241565985548401, 0.0, 0.006204281787038873, 0.2, 0.0, 0.0, 0.0, 0.4559593209537366, 0.9727368817290389, 0.010335375814502236, 0.0, 0.0, 0.0, 0.0, 0.12715772853664012, 0.0, 0.0, 0.0, 0.0, 0.0, 
0.0014331966175032919, 0.1873342634003108, 0.0002755012439259483, 0.0007043014054946114, 0.01141355845809575, 0.0, 0.0, 0.0, 0.1510691240208739, 0.0, 0.010340469645064788, 0.3333333333333333, 0.0, 0.0, 0.0, 0.3826930167556641, 0.9545614695483983, 0.008612813178751864, 0.0, 0.0, 0.0, 0.0, 0.21192954756106688, 0.0, 0.0, 0.0, 0.0, 0.0, 
0.0020064752645046085, 0.2622679687604351, 0.0003857017414963276, 0.0009860219676924558, 0.015978981841334047, 0.0, 0.0, 0.0, 0.2097225881862638, 0.0, 0.014476657503090705, 0.4666666666666667, 0.0, 0.0, 0.0, 0.3094267125575916, 0.9363860573677576, 0.006890250543001491, 0.0, 0.0, 0.0, 0.0, 0.2967013665854936, 0.0, 0.0, 0.0, 0.0, 0.0, 
0.0025797539115059256, 0.33720167412055946, 0.000495902239066707, 0.0012677425298903006, 0.02054440522457235, 0.0, 0.0, 0.0, 0.2683760523516537, 0.0, 0.01861284536111662, 0.6, 0.0, 0.0, 0.0, 0.23616040835951913, 0.9182106451871169, 0.005167687907251118, 0.0, 0.0, 0.0, 0.0, 0.3814731856099204, 0.0, 0.0, 0.0, 0.0, 0.0, 
0.0031530325585072422, 0.4121353794806838, 0.0006061027366370863, 0.0015494630920881449, 0.025109828607810646, 0.0, 0.0, 0.0, 0.32702951651704354, 0.0, 0.022749033219142536, 0.7333333333333333, 0.0, 0.0, 0.0, 0.16289410416144662, 0.9000352330064763, 0.0034451252715007458, 0.0, 0.0, 0.0, 0.0, 0.46624500463434715, 0.0, 0.0, 0.0, 0.0, 0.0, 
0.003726311205508559, 0.4870690848408081, 0.0007163032342074655, 0.0018311836542859897, 0.029675251991048947, 0.0, 0.0, 0.0, 0.38568298068243345, 0.0, 0.02688522107716845, 0.8666666666666667, 0.0, 0.0, 0.0, 0.08962779996337411, 0.8818598208258357, 0.0017225626357503729, 0.0, 0.0, 0.0, 0.0, 0.5510168236587739, 0.0, 0.0, 0.0, 0.0, 0.0, 
0.0042995898525098756, 0.5620027902009325, 0.0008265037317778448, 0.002112904216483834, 0.034240675374287245, 0.0, 0.0, 0.0, 0.44433644484782336, 0.0, 0.031021408935194363, 0.9999999999999999, 0.0, 0.0, 0.0, 0.016361495765301697, 0.863684408645195, 0.0, 0.0, 0.0, 0.0, 0.0, 0.6357886426832007, 0.0, 0.0, 0.0, 0.0, 0.0, 
0.003726311205508559, 0.4883829605326722, 0.0022198530347371354, 0.0022217261097036995, 0.03331501233765333, 0.0, 0.0, 0.0, 0.48082724084106987, 0.13333333333333333, 0.13269313775133576, 0.871535336827362, 0.0, 0.0, 0.0, 0.015248175094032397, 0.7485264874925024, 0.0, 0.0, 0.0, 0.0, 0.0019263031518097517, 0.6313908046683994, 0.0, 0.0, 0.0, 0.0, 0.0, 
0.0031530325585072422, 0.41476313086441197, 0.0036132023376964258, 0.002330548002923565, 0.03238934930101941, 0.0, 0.0, 0.0, 0.5173180368343164, 0.26666666666666666, 0.23436486656747718, 0.7430706736547241, 0.0, 0.0, 0.0, 0.014134854422763096, 0.6333685663398096, 0.0, 0.0, 0.0, 0.0, 0.0038526063036195034, 0.6269929666535979, 0.0, 0.0, 0.0, 0.0, 0.0, 
0.002579753911505925, 0.34114330119615166, 0.0050065516406557166, 0.0024393698961434306, 0.03146368626438549, 0.0, 0.0, 0.0, 0.5538088328275629, 0.4, 0.3360365953836186, 0.6146060104820862, 0.0, 0.0, 0.0, 0.013021533751493796, 0.518210645187117, 0.0, 0.0, 0.0, 0.0, 0.0057789094554292555, 0.6225951286387966, 0.0, 0.0, 0.0, 0.0, 0.0, 
0.0020064752645046085, 0.2675234715278914, 0.006399900943615007, 0.002548191789363296, 0.030538023227751572, 0.0, 0.0, 0.0, 0.5902996288208094, 0.5333333333333333, 0.43770832419975997, 0.48614134730944825, 0.0, 0.0, 0.0, 0.011908213080224495, 0.4030527240344243, 0.0, 0.0, 0.0, 0.0, 0.007705212607239007, 0.6181972906239952, 0.0, 0.0, 0.0, 0.0, 0.0, 
0.0014331966175032919, 0.19390364185963116, 0.007793250246574298, 0.0026570136825831616, 0.029612360191117654, 0.0, 0.0, 0.0, 0.6267904248140559, 0.6666666666666666, 0.5393800530159014, 0.3576766841368103, 0.0, 0.0, 0.0, 0.010794892408955195, 0.28789480288173164, 0.0, 0.0, 0.0, 0.0, 0.009631515759048758, 0.6137994526091939, 0.0, 0.0, 0.0, 0.0, 0.0, 
0.0008599179705019748, 0.12028381219137085, 0.009186599549533587, 0.002765835575803027, 0.028686697154483732, 0.0, 0.0, 0.0, 0.6632812208073025, 0.8, 0.6410517818320428, 0.22921202096417248, 0.0, 0.0, 0.0, 0.009681571737685895, 0.172736881729039, 0.0, 0.0, 0.0, 0.0, 0.011557818910858511, 0.6094016145943926, 0.0, 0.0, 0.0, 0.0, 0.0, 
0.00028663932350065854, 0.04666398252311066, 0.010579948852492879, 0.0028746574690228927, 0.027761034117849814, 0.0, 0.0, 0.0, 0.699772016800549, 0.9333333333333333, 0.7427235106481842, 0.10074735779153454, 0.0, 0.0, 0.0, 0.008568251066416593, 0.05757896057634626, 0.0, 0.0, 0.0, 0.0, 0.013484122062668262, 0.6050037765795911, 0.0, 0.0, 0.0, 0.0, 0.0, 
0.0, 0.009197129843048445, 0.011554417744664522, 0.002915726114633942, 0.026392132045250885, 0.00023862070185043285, 0.036413501332622715, 0.0, 0.6701495871440274, 0.9698974211933846, 0.8073220833858379, 0.03512356035497501, 0.0, 0.0, 0.0, 0.0074774846820631485, 0.0, 0.0, 0.0, 0.0, 0.0, 0.05842792757133498, 0.5626178670673778, 0.0, 0.0, 0.0, 0.0, 0.0, 
0.0, 0.007883254151184382, 0.012110006226048521, 0.0028890415126361754, 0.024579990936686943, 0.0007158621055512985, 0.10924050399786814, 0.0, 0.5744139318377377, 0.9096922635801542, 0.8348475000450039, 0.03234062865449405, 0.0, 0.0, 0.0, 0.006409272584625555, 0.0, 0.0, 0.0, 0.0, 0.0, 0.14638923543685867, 0.48224388605775237, 0.0, 0.0, 0.0, 0.0, 0.0, 
0.0, 0.006569378459320319, 0.01266559470743252, 0.002862356910638409, 0.022767849828123, 0.0011931035092521644, 0.18206750666311358, 0.0, 0.4786782765314481, 0.8494871059669238, 0.8623729167041699, 0.029557696954013092, 0.0, 0.0, 0.0, 0.0053410604871879635, 0.0, 0.0, 0.0, 0.0, 0.0, 0.23435054330238236, 0.40186990504812703, 0.0, 0.0, 0.0, 0.0, 0.0, 
0.0, 0.005255502767456254, 0.013221183188816519, 0.002835672308640642, 0.02095570871955906, 0.0016703449129530298, 0.254894509328359, 0.0, 0.3829426212251585, 0.7892819483536934, 0.8898983333633359, 0.026774765253532132, 0.0, 0.0, 0.0, 0.00427284838975037, 0.0, 0.0, 0.0, 0.0, 0.0, 0.322311851167906, 0.3214959240385016, 0.0, 0.0, 0.0, 0.0, 0.0, 
0.0, 0.003941627075592191, 0.013776771670200517, 0.002808987706642876, 0.019143567610995116, 0.0021475863166538958, 0.32772151199360444, 0.0, 0.2872069659188689, 0.7290767907404629, 0.917423750022502, 0.02399183355305117, 0.0, 0.0, 0.0, 0.0032046362923127784, 0.0, 0.0, 0.0, 0.0, 0.0, 0.4102731590334297, 0.24112194302887624, 0.0, 0.0, 0.0, 0.0, 0.0, 
0.0, 0.0026277513837281267, 0.014332360151584516, 0.0027823031046451093, 0.017331426502431177, 0.0026248277203547612, 0.4005485146588499, 0.0, 0.19147131061257927, 0.6688716331272325, 0.944949166681668, 0.021208901852570208, 0.0, 0.0, 0.0, 0.002136424194875185, 0.0, 0.0, 0.0, 0.0, 0.0, 0.4982344668989534, 0.1607479620192508, 0.0, 0.0, 0.0, 0.0, 0.0, 
0.0, 0.0013138756918640634, 0.014887948632968516, 0.0027556185026473426, 0.015519285393867235, 0.003102069124055627, 0.4733755173240953, 0.0, 0.09573565530628969, 0.6086664755140021, 0.9724745833408339, 0.018425970152089247, 0.0, 0.0, 0.0, 0.0010682120974375934, 0.0, 0.0, 0.0, 0.0, 0.0, 0.586195774764477, 0.08037398100962545, 0.0, 0.0, 0.0, 0.0, 0.0, 
0.0, 0.0, 0.015443537114352514, 0.002728933900649576, 0.013707144285303294, 0.0035793105277564926, 0.5462025199893408, 0.0, 0.0, 0.5484613179007717, 1.0, 0.015643038451608283, 0.0, 0.0, 0.0, 0.0, 0.0, 0.0, 0.0, 0.0, 0.0, 0.6741570826300007, 0.0, 0.0, 0.0, 0.0, 0.0, 0.0, 
0.0, 0.0, 0.018021284483652894, 0.0042020726833064065, 0.013960900127452588, 0.0031020691240556267, 0.4734866357793215, 0.0, 0.0, 0.5899009789997276, 1.0, 0.016104249131705085, 0.0, 0.001529580723198506, 0.00133698451254786, 0.0, 0.0, 0.0, 0.0, 0.0, 0.0, 0.6897319696492528, 0.0, 0.0, 0.0, 0.0, 0.0, 0.0, 
0.0, 0.0, 0.02059903185295327, 0.005675211465963236, 0.014214655969601881, 0.0026248277203547612, 0.4007707515693022, 0.0, 0.0, 0.6313406400986836, 1.0, 0.01656545981180189, 0.0, 0.003059161446397012, 0.00267396902509572, 0.0, 0.0, 0.0, 0.0, 0.0, 0.0, 0.7053068566685048, 0.0, 0.0, 0.0, 0.0, 0.0, 0.0, 
0.0, 0.0, 0.02317677922225365, 0.007148350248620067, 0.014468411811751175, 0.0021475863166538958, 0.32805486735928285, 0.0, 0.0, 0.6727803011976395, 1.0, 0.017026670491898693, 0.0, 0.004588742169595518, 0.00401095353764358, 0.0, 0.0, 0.0, 0.0, 0.0, 0.0, 0.7208817436877568, 0.0, 0.0, 0.0, 0.0, 0.0, 0.0, 
0.0, 0.0, 0.025754526591554028, 0.008621489031276897, 0.014722167653900468, 0.0016703449129530298, 0.25533898314926357, 0.0, 0.0, 0.7142199622965955, 1.0, 0.017487881171995498, 0.0, 0.006118322892794024, 0.00534793805019144, 0.0, 0.0, 0.0, 0.0, 0.0, 0.0, 0.736456630707009, 0.0, 0.0, 0.0, 0.0, 0.0, 0.0, 
0.0, 0.0, 0.028332273960854408, 0.010094627813933728, 0.014975923496049762, 0.001193103509252164, 0.18262309893924428, 0.0, 0.0, 0.7556596233955515, 1.0, 0.0179490918520923, 0.0, 0.007647903615992531, 0.006684922562739301, 0.0, 0.0, 0.0, 0.0, 0.0, 0.0, 0.752031517726261, 0.0, 0.0, 0.0, 0.0, 0.0, 0.0, 
0.0, 0.0, 0.030910021330154788, 0.011567766596590558, 0.015229679338199055, 0.0007158621055512984, 0.10990721472922493, 0.0, 0.0, 0.7970992844945074, 1.0, 0.0184103025321891, 0.0, 0.009177484339191036, 0.00802190707528716, 0.0, 0.0, 0.0, 0.0, 0.0, 0.0, 0.767606404745513, 0.0, 0.0, 0.0, 0.0, 0.0, 0.0, 
0.0, 0.0, 0.03348776869945516, 0.013040905379247389, 0.01548343518034835, 0.00023862070185043296, 0.037191330519205645, 0.0, 0.0, 0.8385389455934633, 1.0, 0.018871513212285907, 0.0, 0.010707065062389543, 0.009358891587835021, 0.0, 0.0, 0.0, 0.0, 0.0, 0.0, 0.783181291764765, 0.0, 0.0, 0.0, 0.0, 0.0, 0.0, 
0.0, 0.0, 0.034002721154023724, 0.01354801964818232, 0.014569625561328129, 0.0, 0.0007778291865828899, 0.0, 0.0, 0.8475439394575939, 1.0, 0.017828643982178687, 0.0, 0.010707065062389541, 0.009657233386322598, 0.0, 0.0, 0.0011183445541349756, 0.0, 0.0, 0.0, 0.7388436701125889, 0.0, 0.0, 0.0, 0.0, 0.0, 0.0, 
0.0, 0.0, 0.03245487869386047, 0.013089109403395352, 0.012488250481138396, 0.0, 0.0006667107313567627, 0.0, 0.0, 0.824114266086899, 1.0, 0.015281694841867446, 0.0, 0.009177484339191036, 0.008916932470749896, 0.0, 0.0, 0.003355033662404927, 0.0, 0.0, 0.0, 0.6345935397889845, 0.0, 0.0, 0.0, 0.0, 0.0, 0.0, 
0.0, 0.0, 0.03090703623369721, 0.012630199158608385, 0.010406875400948663, 0.0, 0.0005555922761306357, 0.0, 0.0, 0.800684592716204, 1.0, 0.012734745701556204, 0.0, 0.00764790361599253, 0.008176631555177194, 0.0, 0.0, 0.0055917227706748784, 0.0, 0.0, 0.0, 0.5303434094653801, 0.0, 0.0, 0.0, 0.0, 0.0, 0.0, 
0.0, 0.0, 0.02935919377353395, 0.012171288913821417, 0.008325500320758931, 0.0, 0.0004444738209045085, 0.0, 0.0, 0.777254919345509, 1.0, 0.010187796561244964, 0.0, 0.006118322892794023, 0.0074363306396044914, 0.0, 0.0, 0.007828411878944829, 0.0, 0.0, 0.0, 0.4260932791417757, 0.0, 0.0, 0.0, 0.0, 0.0, 0.0, 
0.0, 0.0, 0.027811351313370695, 0.011712378669034448, 0.006244125240569198, 0.0, 0.00033335536567838137, 0.0, 0.0, 0.7538252459748142, 1.0, 0.007640847420933723, 0.0, 0.004588742169595518, 0.0066960297240317886, 0.0, 0.0, 0.01006510098721478, 0.0, 0.0, 0.0, 0.3218431488181713, 0.0, 0.0, 0.0, 0.0, 0.0, 0.0, 
0.0, 0.0, 0.026263508853207437, 0.01125346842424748, 0.004162750160379465, 0.0, 0.00022223691045225428, 0.0, 0.0, 0.7303955726041191, 1.0, 0.005093898280622481, 0.0, 0.003059161446397011, 0.0059557288084590865, 0.0, 0.0, 0.012301790095484731, 0.0, 0.0, 0.0, 0.21759301849456691, 0.0, 0.0, 0.0, 0.0, 0.0, 0.0, 
0.0, 0.0, 0.024715666393044178, 0.010794558179460513, 0.0020813750801897332, 0.0, 0.0001111184552261272, 0.0, 0.0, 0.7069658992334242, 1.0, 0.0025469491403112415, 0.0, 0.0015295807231985054, 0.005215427892886384, 0.0, 0.0, 0.014538479203754683, 0.0, 0.0, 0.0, 0.1133428881709625, 0.0, 0.0, 0.0, 0.0, 0.0, 0.0, 
0.0, 0.0, 0.023167823932880922, 0.010335647934673545, 0.0, 0.0, 0.0, 0.0, 0.0, 0.6835362258627293, 1.0, 0.0, 0.0, 0.0, 0.004475126977313681, 0.0, 0.0, 0.016775168312024635, 0.0, 0.0, 0.0, 0.009092757847358048, 0.0, 0.0, 0.0, 0.0, 0.0, 0.0, 
0.0, 0.0, 0.020466623727989235, 0.009344759758944185, 0.0, 0.0, 0.0, 0.0, 0.0, 0.6989359128652386, 0.9821706691077627, 0.0, 0.0, 0.0, 0.0038784433803385233, 0.0, 0.0, 0.147871812537088, 0.0, 0.0, 0.0, 0.06988408543687022, 0.0, 0.0, 0.0, 0.0, 0.0, 0.0, 
0.0, 0.0, 0.017765423523097547, 0.008353871583214826, 0.0, 0.0, 0.0, 0.0, 0.0, 0.714335599867748, 0.9643413382155255, 0.0, 0.0, 0.0, 0.003281759783363366, 0.0, 0.0, 0.2789684567621514, 0.0, 0.0, 0.0, 0.1306754130263824, 0.0, 0.0, 0.0, 0.0, 0.0, 0.0, 
0.0, 0.0, 0.015064223318205863, 0.0073629834074854655, 0.0, 0.0, 0.0, 0.0, 0.0, 0.7297352868702572, 0.9465120073232882, 0.0, 0.0, 0.0, 0.0026850761863882085, 0.0, 0.0, 0.4100651009872147, 0.0, 0.0, 0.0, 0.19146674061589458, 0.0, 0.0, 0.0, 0.0, 0.0, 0.0, 
0.0, 0.0, 0.012363023113314175, 0.006372095231756106, 0.0, 0.0, 0.0, 0.0, 0.0, 0.7451349738727665, 0.928682676431051, 0.0, 0.0, 0.0, 0.002088392589413051, 0.0, 0.0, 0.5411617452122781, 0.0, 0.0, 0.0, 0.25225806820540675, 0.0, 0.0, 0.0, 0.0, 0.0, 0.0, 
0.0, 0.0, 0.009661822908422487, 0.0053812070560267464, 0.0, 0.0, 0.0, 0.0, 0.0, 0.7605346608752758, 0.9108533455388137, 0.0, 0.0, 0.0, 0.0014917089924378936, 0.0, 0.0, 0.6722583894373415, 0.0, 0.0, 0.0, 0.3130493957949189, 0.0, 0.0, 0.0, 0.0, 0.0, 0.0, 
0.0, 0.0, 0.006960622703530803, 0.004390318880297386, 0.0, 0.0, 0.0, 0.0, 0.0, 0.7759343478777851, 0.8930240146465764, 0.0, 0.0, 0.0, 0.0008950253954627362, 0.0, 0.0, 0.8033550336624048, 0.0, 0.0, 0.0, 0.3738407233844311, 0.0, 0.0, 0.0, 0.0, 0.0, 0.0, 
0.0, 0.0, 0.004259422498639115, 0.0033994307045680265, 0.0, 0.0, 0.0, 0.0, 0.0, 0.7913340348802944, 0.8751946837543392, 0.0, 0.0, 0.0, 0.0002983417984875787, 0.0, 0.0, 0.9344516778874682, 0.0, 0.0, 0.0, 0.43463205097394325, 0.0, 0.0, 0.0, 0.0, 0.0, 0.0, 
0.0, 0.0, 0.0027149009031137207, 0.0027103875089231244, 0.0, 0.0, 0.0, 0.0, 0.0, 0.7961983687085145, 0.8565737124093842, 0.0, 0.0, 0.0, 0.0, 0.0, 0.0, 0.9999999999999999, 0.0, 0.0, 0.0, 0.43402586711745267, 0.0, 0.0, 0.0, 0.0, 0.0, 0.0, 
0.0, 0.0, 0.0023270579169546177, 0.002323189293362678, 0.0, 0.0, 0.0, 0.0, 0.0, 0.7905273493624454, 0.8371611006117116, 0.0, 0.0, 0.0, 0.0, 0.0, 0.0, 0.9999999999999999, 0.0, 0.0, 0.0, 0.37202217181495945, 0.0, 0.0, 0.0, 0.0, 0.0, 0.0, 
0.0, 0.0, 0.0019392149307955148, 0.0019359910778022319, 0.0, 0.0, 0.0, 0.0, 0.0, 0.7848563300163763, 0.8177484888140389, 0.0, 0.0, 0.0, 0.0, 0.0, 0.0, 0.9999999999999999, 0.0, 0.0, 0.0, 0.31001847651246617, 0.0, 0.0, 0.0, 0.0, 0.0, 0.0, 
0.0, 0.0, 0.0015513719446364118, 0.0015487928622417854, 0.0, 0.0, 0.0, 0.0, 0.0, 0.7791853106703073, 0.7983358770163662, 0.0, 0.0, 0.0, 0.0, 0.0, 0.0, 0.9999999999999999, 0.0, 0.0, 0.0, 0.24801478120997295, 0.0, 0.0, 0.0, 0.0, 0.0, 0.0, 
0.0, 0.0, 0.0011635289584773089, 0.001161594646681339, 0.0, 0.0, 0.0, 0.0, 0.0, 0.7735142913242382, 0.7789232652186936, 0.0, 0.0, 0.0, 0.0, 0.0, 0.0, 1.0, 0.0, 0.0, 0.0, 0.18601108590747972, 0.0, 0.0, 0.0, 0.0, 0.0, 0.0, 
0.0, 0.0, 0.0007756859723182059, 0.0007743964311208926, 0.0, 0.0, 0.0, 0.0, 0.0, 0.767843271978169, 0.759510653421021, 0.0, 0.0, 0.0, 0.0, 0.0, 0.0, 1.0, 0.0, 0.0, 0.0, 0.12400739060498644, 0.0, 0.0, 0.0, 0.0, 0.0, 0.0, 
0.0, 0.0, 0.00038784298615910295, 0.0003871982155604463, 0.0, 0.0, 0.0, 0.0, 0.0, 0.7621722526321, 0.7400980416233482, 0.0, 0.0, 0.0, 0.0, 0.0, 0.0, 1.0, 0.0, 0.0, 0.0, 0.06200369530249322, 0.0, 0.0, 0.0, 0.0, 0.0, 0.0, 
0.0, 0.0, 0.0, 0.0, 0.0, 0.0, 0.0, 0.0, 0.0, 0.7565012332860309, 0.7206854298256756, 0.0, 0.0, 0.0, 0.0, 0.0, 0.0, 1.0, 0.0, 0.0, 0.0, 0.0, 0.0, 0.0, 0.0, 0.0, 0.0, 0.0, 
0.0, 0.0, 0.0, 0.0, 0.0, 0.0, 0.0, 0.0, 0.0, 0.7787060969636139, 0.7579273725155855, 0.09128272988254735, 0.0, 0.0, 0.0, 0.0, 0.0, 0.9908333652372964, 0.001883272346873021, 0.0, 0.0, 0.0, 0.0, 0.0, 0.002101917079270205, 0.0, 0.0, 0.0, 
0.0, 0.0, 0.0, 0.0, 0.0, 0.0, 0.0, 0.0, 0.0, 0.8009109606411969, 0.7951693152054955, 0.1825654597650947, 0.0, 0.0, 0.0, 0.0, 0.0, 0.9816667304745927, 0.003766544693746042, 0.0, 0.0, 0.0, 0.0, 0.0, 0.00420383415854041, 0.0, 0.0, 0.0, 
0.0, 0.0, 0.0, 0.0, 0.0, 0.0, 0.0, 0.0, 0.0, 0.8231158243187799, 0.8324112578954054, 0.273848189647642, 0.0, 0.0, 0.0, 0.0, 0.0, 0.9725000957118892, 0.005649817040619063, 0.0, 0.0, 0.0, 0.0, 0.0, 0.006305751237810615, 0.0, 0.0, 0.0, 
0.0, 0.0, 0.0, 0.0, 0.0, 0.0, 0.0, 0.0, 0.0, 0.8453206879963628, 0.8696532005853153, 0.3651309195301894, 0.0, 0.0, 0.0, 0.0, 0.0, 0.9633334609491856, 0.007533089387492084, 0.0, 0.0, 0.0, 0.0, 0.0, 0.00840766831708082, 0.0, 0.0, 0.0, 
0.0, 0.0, 0.0, 0.0, 0.0, 0.0, 0.0, 0.0, 0.0, 0.8675255516739458, 0.9068951432752252, 0.45641364941273677, 0.0, 0.0, 0.0, 0.0, 0.0, 0.954166826186482, 0.009416361734365105, 0.0, 0.0, 0.0, 0.0, 0.0, 0.010509585396351025, 0.0, 0.0, 0.0, 
0.0, 0.0, 0.0, 0.0, 0.0, 0.0, 0.0, 0.0, 0.0, 0.8897304153515289, 0.9441370859651351, 0.547696379295284, 0.0, 0.0, 0.0, 0.0, 0.0, 0.9450001914237783, 0.011299634081238127, 0.0, 0.0, 0.0, 0.0, 0.0, 0.01261150247562123, 0.0, 0.0, 0.0, 
0.0, 0.0, 0.0, 0.0, 0.0, 0.0, 0.0, 0.0, 0.0, 0.9119352790291119, 0.981379028655045, 0.6389791091778314, 0.0, 0.0, 0.0, 0.0, 0.0, 0.9358335566610747, 0.013182906428111147, 0.0, 0.0, 0.0, 0.0, 0.0, 0.014713419554891435, 0.0, 0.0, 0.0, 
0.04505898880289072, 0.0, 0.0, 0.0, 0.0, 0.0, 0.0, 0.0, 0.0, 0.925942383507679, 0.9682550786827705, 0.7044254630844881, 0.0, 0.0, 0.0, 0.0, 0.0, 0.9278988936077289, 0.01474995500434489, 0.0, 0.0, 0.0, 0.0, 0.0, 0.016195792338215186, 0.0027914387109532505, 0.0, 0.0, 
0.13517696640867216, 0.0, 0.0, 0.0, 0.0, 0.0, 0.0, 0.0, 0.0, 0.9317517287872303, 0.9047652360483115, 0.7440354410152539, 0.0, 0.0, 0.0, 0.0, 0.0, 0.921196202263741, 0.01600077980993935, 0.0, 0.0, 0.0, 0.0, 0.0, 0.017058620825592483, 0.00837431613285975, 0.0, 0.0, 
0.2252949440144536, 0.0, 0.0, 0.0, 0.0, 0.0, 0.0, 0.0, 0.0, 0.9375610740667818, 0.8412753934138525, 0.7836454189460198, 0.0, 0.0, 0.0, 0.0, 0.0, 0.9144935109197531, 0.017251604615533815, 0.0, 0.0, 0.0, 0.0, 0.0, 0.01792144931296978, 0.013957193554766253, 0.0, 0.0, 
0.31541292162023504, 0.0, 0.0, 0.0, 0.0, 0.0, 0.0, 0.0, 0.0, 0.9433704193463331, 0.7777855507793935, 0.8232553968767857, 0.0, 0.0, 0.0, 0.0, 0.0, 0.9077908195757651, 0.01850242942112828, 0.0, 0.0, 0.0, 0.0, 0.0, 0.018784277800347075, 0.019540070976672753, 0.0, 0.0, 
0.4055308992260165, 0.0, 0.0, 0.0, 0.0, 0.0, 0.0, 0.0, 0.0, 0.9491797646258845, 0.7142957081449345, 0.8628653748075515, 0.0, 0.0, 0.0, 0.0, 0.0, 0.9010881282317772, 0.01975325422672274, 0.0, 0.0, 0.0, 0.0, 0.0, 0.019647106287724373, 0.025122948398579256, 0.0, 0.0, 
0.4956488768317979, 0.0, 0.0, 0.0, 0.0, 0.0, 0.0, 0.0, 0.0, 0.9549891099054358, 0.6508058655104755, 0.9024753527383175, 0.0, 0.0, 0.0, 0.0, 0.0, 0.8943854368877893, 0.021004079032317203, 0.0, 0.0, 0.0, 0.0, 0.0, 0.02050993477510167, 0.030705825820485755, 0.0, 0.0, 
0.5857668544375794, 0.0, 0.0, 0.0, 0.0, 0.0, 0.0, 0.0, 0.0, 0.9607984551849873, 0.5873160228760165, 0.9420853306690833, 0.0, 0.0, 0.0, 0.0, 0.0, 0.8876827455438013, 0.022254903837911663, 0.0, 0.0, 0.0, 0.0, 0.0, 0.021372763262478965, 0.03628870324239226, 0.0, 0.0, 
0.6758848320433608, 0.0, 0.0, 0.0, 0.0, 0.0, 0.0, 0.0, 0.0, 0.9666078004645386, 0.5238261802415575, 0.9816953085998492, 0.0, 0.0, 0.0, 0.0, 0.0, 0.8809800541998134, 0.023505728643506127, 0.0, 0.0, 0.0, 0.0, 0.0, 0.022235591749856263, 0.04187158066429876, 0.0, 0.0, 
0.5857668544375794, 0.0, 0.0, 0.0, 0.0, 0.0, 0.0, 0.0, 0.0, 0.9431410055519662, 0.45398268954268317, 0.8538478688994594, 0.0010250263392349414, 0.0, 0.0, 0.0, 0.0, 0.8864317595893453, 0.02560384387052913, 0.00023918343645423277, 0.0, 0.0, 0.0, 0.0, 0.0214787137104064, 0.1696220365757256, 0.0, 0.0, 
0.4956488768317979, 0.0, 0.0, 0.0, 0.0, 0.0, 0.0, 0.0, 0.0, 0.9196742106393938, 0.3841391988438088, 0.7260004291990696, 0.002050052678469883, 0.0, 0.0, 0.0, 0.0, 0.891883464978877, 0.027701959097552128, 0.00047836687290846554, 0.0, 0.0, 0.0, 0.0, 0.020721835670956534, 0.2973724924871524, 0.0, 0.0, 
0.4055308992260165, 0.0, 0.0, 0.0, 0.0, 0.0, 0.0, 0.0, 0.0, 0.8962074157268214, 0.31429570814493446, 0.5981529894986797, 0.0030750790177048242, 0.0, 0.0, 0.0, 0.0, 0.8973351703684089, 0.02980007432457513, 0.0007175503093626983, 0.0, 0.0, 0.0, 0.0, 0.019964957631506672, 0.4251229483985792, 0.0, 0.0, 
0.31541292162023504, 0.0, 0.0, 0.0, 0.0, 0.0, 0.0, 0.0, 0.0, 0.872740620814249, 0.24445221744606016, 0.47030554979828987, 0.004100105356939766, 0.0, 0.0, 0.0, 0.0, 0.9027868757579407, 0.03189818955159813, 0.0009567337458169311, 0.0, 0.0, 0.0, 0.0, 0.01920807959205681, 0.5528734043100061, 0.0, 0.0, 
0.2252949440144536, 0.0, 0.0, 0.0, 0.0, 0.0, 0.0, 0.0, 0.0, 0.8492738259016767, 0.17460872674718586, 0.34245811009790006, 0.005125131696174707, 0.0, 0.0, 0.0, 0.0, 0.9082385811474726, 0.03399630477862113, 0.0011959171822711638, 0.0, 0.0, 0.0, 0.0, 0.018451201552606947, 0.680623860221433, 0.0, 0.0, 
0.13517696640867216, 0.0, 0.0, 0.0, 0.0, 0.0, 0.0, 0.0, 0.0, 0.8258070309891042, 0.1047652360483115, 0.21461067039751014, 0.0061501580354096485, 0.0, 0.0, 0.0, 0.0, 0.9136902865370043, 0.03609442000564413, 0.0014351006187253966, 0.0, 0.0, 0.0, 0.0, 0.01769432351315708, 0.8083743161328597, 0.0, 0.0, 
0.04505898880289072, 0.0, 0.0, 0.0, 0.0, 0.0, 0.0, 0.0, 0.0, 0.8023402360765318, 0.03492174534943715, 0.08676323069712033, 0.00717518437464459, 0.0, 0.0, 0.0, 0.0, 0.9191419919265362, 0.038192535232667135, 0.0016742840551796294, 0.0, 0.0, 0.0, 0.0, 0.016937445473707218, 0.9361247720442866, 0.0, 0.0, 
0.03687017442187802, 0.0, 0.0, 0.0, 0.0, 0.0, 0.0, 0.0, 0.001719470665927256, 0.8045663827122292, 0.0, 0.07171140076310964, 0.009639677851149435, 0.0, 0.0, 0.00011465752802982287, 0.0, 0.9167107633684412, 0.09486822968052314, 0.0029375577414127454, 0.0, 0.0, 0.0, 0.0, 0.016716377211348905, 0.9944889088954241, 0.0, 0.0, 
0.11061052326563406, 0.0, 0.0, 0.0, 0.0, 0.0, 0.0, 0.0, 0.005158411997781768, 0.8324854708961965, 0.0, 0.16945518059547793, 0.013543638464924183, 0.0, 0.0, 0.0003439725840894686, 0.0, 0.9063966008627193, 0.20612150334921214, 0.005224921677424744, 0.0, 0.0, 0.0, 0.0, 0.01703111872608214, 0.9834667266862723, 0.0, 0.0, 
0.18435087210939008, 0.0, 0.0, 0.0, 0.0, 0.0, 0.0, 0.0, 0.008597353329636279, 0.8604045590801637, 0.0, 0.26719896042784624, 0.01744759907869893, 0.0, 0.0, 0.0005732876401491143, 0.0, 0.8960824383569975, 0.3173747770179011, 0.007512285613436744, 0.0, 0.0, 0.0, 0.0, 0.017345860240815376, 0.9724445444771205, 0.0, 0.0, 
0.2580912209531461, 0.0, 0.0, 0.0, 0.0, 0.0, 0.0, 0.0, 0.012036294661490792, 0.8883236472641309, 0.0, 0.36494274026021456, 0.021351559692473675, 0.0, 0.0, 0.00080260269620876, 0.0, 0.8857682758512756, 0.4286280506865901, 0.009799649549448742, 0.0, 0.0, 0.0, 0.0, 0.017660601755548615, 0.9614223622679686, 0.0, 0.0, 
0.33183156979690215, 0.0, 0.0, 0.0, 0.0, 0.0, 0.0, 0.0, 0.015475235993345302, 0.9162427354480982, 0.0, 0.4626865200925828, 0.025255520306248426, 0.0, 0.0, 0.0010319177522684058, 0.0, 0.8754541133455538, 0.5398813243552791, 0.01208701348546074, 0.0, 0.0, 0.0, 0.0, 0.01797534327028185, 0.9504001800588169, 0.0, 0.0, 
0.40557191864065817, 0.0, 0.0, 0.0, 0.0, 0.0, 0.0, 0.0, 0.018914177325199816, 0.9441618236320655, 0.0, 0.5604302999249512, 0.02915948092002317, 0.0, 0.0, 0.0012612328083280516, 0.0, 0.865139950839832, 0.6511345980239681, 0.01437437742147274, 0.0, 0.0, 0.0, 0.0, 0.018290084785015086, 0.939377997849665, 0.0, 0.0, 
0.47931226748441425, 0.0, 0.0, 0.0, 0.0, 0.0, 0.0, 0.0, 0.022353118657054326, 0.9720809118160326, 0.0, 0.6581740797573195, 0.03306344153379792, 0.0, 0.0, 0.0014905478643876973, 0.0, 0.85482578833411, 0.7623878716926571, 0.01666174135748474, 0.0, 0.0, 0.0, 0.0, 0.01860482629974832, 0.9283558156405133, 0.0, 0.0, 
0.5530526163281703, 0.0, 0.0, 0.0, 0.0, 0.0, 0.0, 0.0, 0.02579205998890884, 0.9999999999999999, 0.0, 0.7559178595896877, 0.036967402147572666, 0.0, 0.0, 0.001719862920447343, 0.0, 0.8445116258283882, 0.8736411453613461, 0.018949105293496738, 0.0, 0.0, 0.0, 0.0, 0.018919567814481557, 0.9173336334313614, 0.0, 0.0, 
0.47931226748441425, 0.0, 0.0, 0.0, 0.0, 0.0, 0.0, 0.0, 0.024359926808682313, 0.9343519191971712, 0.0, 0.6551288116443961, 0.03203841519456298, 0.0, 0.0, 0.0014905478643876973, 0.0, 0.7319100757179364, 0.7613922094829239, 0.019121173273750847, 0.0, 0.0, 0.0, 0.0, 0.01745952646260742, 0.9283558156405133, 0.0, 0.0, 
0.4055719186406582, 0.0, 0.0, 0.0, 0.0, 0.0, 0.0, 0.0, 0.022927793628455786, 0.8687038383943424, 0.0, 0.5543397636991043, 0.02710942824155329, 0.0, 0.0, 0.0012612328083280516, 0.0, 0.6193085256074847, 0.6491432736045015, 0.019293241254004955, 0.0, 0.0, 0.0, 0.0, 0.015999485110733284, 0.939377997849665, 0.0, 0.0, 
0.33183156979690215, 0.0, 0.0, 0.0, 0.0, 0.0, 0.0, 0.0, 0.02149566044822926, 0.8030557575915137, 0.0, 0.4535507157538126, 0.022180441288543597, 0.0, 0.0, 0.0010319177522684058, 0.0, 0.5067069754970329, 0.5368943377260793, 0.019465309234259067, 0.0, 0.0, 0.0, 0.0, 0.014539443758859148, 0.9504001800588169, 0.0, 0.0, 
0.2580912209531461, 0.0, 0.0, 0.0, 0.0, 0.0, 0.0, 0.0, 0.02006352726800273, 0.737407676788685, 0.0, 0.3527616678085209, 0.01725145433553391, 0.0, 0.0, 0.0008026026962087602, 0.0, 0.39410542538658117, 0.42464540184765703, 0.019637377214513176, 0.0, 0.0, 0.0, 0.0, 0.013079402406985012, 0.9614223622679686, 0.0, 0.0, 
0.1843508721093901, 0.0, 0.0, 0.0, 0.0, 0.0, 0.0, 0.0, 0.018631394087776205, 0.6717595959858562, 0.0, 0.25197261986322916, 0.01232246738252422, 0.0, 0.0, 0.0005732876401491145, 0.0, 0.2815038752761294, 0.31239646596923476, 0.019809445194767284, 0.0, 0.0, 0.0, 0.0, 0.011619361055110876, 0.9724445444771205, 0.0, 0.0, 
0.11061052326563403, 0.0, 0.0, 0.0, 0.0, 0.0, 0.0, 0.0, 0.017199260907549675, 0.6061115151830275, 0.0, 0.15118357191793752, 0.007393480429514529, 0.0, 0.0, 0.00034397258408946875, 0.0, 0.1689023251656776, 0.20014753009081254, 0.019981513175021393, 0.0, 0.0, 0.0, 0.0, 0.010159319703236738, 0.9834667266862722, 0.0, 0.0, 
0.03687017442187801, 0.0, 0.0, 0.0, 0.0, 0.0, 0.0, 0.0, 0.01576712772732315, 0.5404634343801988, 0.0, 0.05039452397264588, 0.0024644934765048407, 0.0, 0.0, 0.00011465752802982299, 0.0, 0.056300775055225905, 0.08789859421239021, 0.0201535811552755, 0.0, 0.0, 0.0, 0.0, 0.008699278351362602, 0.9944889088954241, 0.0, 0.0, 
0.0, 0.0, 0.0, 0.0, 0.0, 0.0, 0.0, 0.0, 0.07952578085916968, 0.47385195034270633, 0.0, 0.0, 0.0, 0.0, 0.0, 0.0010923813001707462, 0.0, 0.0, 0.03295814260513007, 0.07256112481917636, 0.0, 0.0, 0.0, 0.0, 0.007437973830397165, 1.0, 0.0006406249490071975, 0.0, 
0.0, 0.0, 0.0, 0.0, 0.0, 0.0, 0.0, 0.0, 0.2084752203030893, 0.4062770630705501, 0.0, 0.0, 0.0, 0.0, 0.0, 0.0032771439005122387, 0.0, 0.0, 0.03532617526903189, 0.17720414416672395, 0.0, 0.0, 0.0, 0.0, 0.006375406140340427, 1.0, 0.0019218748470215925, 0.0, 
0.0, 0.0, 0.0, 0.0, 0.0, 0.0, 0.0, 0.0, 0.33742465974700886, 0.3387021757983939, 0.0, 0.0, 0.0, 0.0, 0.0, 0.005461906500853731, 0.0, 0.0, 0.03769420793293371, 0.2818471635142715, 0.0, 0.0, 0.0, 0.0, 0.005312838450283689, 1.0, 0.0032031247450359877, 0.0, 
0.0, 0.0, 0.0, 0.0, 0.0, 0.0, 0.0, 0.0, 0.4663740991909285, 0.27112728852623774, 0.0, 0.0, 0.0, 0.0, 0.0, 0.007646669101195224, 0.0, 0.0, 0.040062240596835524, 0.38649018286181913, 0.0, 0.0, 0.0, 0.0, 0.004250270760226951, 1.0, 0.004484374643050382, 0.0, 
0.0, 0.0, 0.0, 0.0, 0.0, 0.0, 0.0, 0.0, 0.5953235386348481, 0.20355240125408153, 0.0, 0.0, 0.0, 0.0, 0.0, 0.009831431701536716, 0.0, 0.0, 0.042430273260737346, 0.49113320220936674, 0.0, 0.0, 0.0, 0.0, 0.0031877030701702135, 0.9999999999999999, 0.005765624541064778, 0.0, 
0.0, 0.0, 0.0, 0.0, 0.0, 0.0, 0.0, 0.0, 0.7242729780787677, 0.1359775139819253, 0.0, 0.0, 0.0, 0.0, 0.0, 0.012016194301878209, 0.0, 0.0, 0.04479830592463917, 0.5957762215569142, 0.0, 0.0, 0.0, 0.0, 0.0021251353801134756, 0.9999999999999999, 0.007046874439079172, 0.0, 
0.0, 0.0, 0.0, 0.0, 0.0, 0.0, 0.0, 0.0, 0.8532224175226872, 0.06840262670976915, 0.0, 0.0, 0.0, 0.0, 0.0, 0.0142009569022197, 0.0, 0.0, 0.04716633858854098, 0.7004192409044618, 0.0, 0.0, 0.0, 0.0, 0.0010625676900567378, 0.9999999999999999, 0.008328124337093568, 0.0, 
0.0, 0.0, 0.0, 0.0, 0.0, 0.0, 0.0, 0.0, 0.9821718569666069, 0.0008277394376129762, 0.0, 0.0, 0.0, 0.0, 0.0, 0.016385719502561194, 0.0, 0.0, 0.0495343712524428, 0.8050622602520094, 0.0, 0.0, 0.0, 0.0, 0.0, 0.9999999999999999, 0.009609374235107963, 0.0, 
0.002504942777801611, 0.0, 0.0, 0.0, 0.0, 0.0, 0.0, 0.0, 0.9669495995313062, 0.08219635617040864, 0.0, 0.0, 0.0, 0.0, 0.0, 0.019229451344140613, 0.0, 0.0, 0.04748150142083961, 0.8310539588850748, 0.08342347095248415, 0.0, 0.0, 0.0, 0.0, 0.990919860501357, 0.011283694065437515, 0.10028169330248328, 
0.005009885555603222, 0.0, 0.0, 0.0, 0.0, 0.0, 0.0, 0.0, 0.9517273420960056, 0.1635649729032043, 0.0, 0.0, 0.0, 0.0, 0.0, 0.022073183185720033, 0.0, 0.0, 0.045428631589236414, 0.8570456575181402, 0.1668469419049683, 0.0, 0.0, 0.0, 0.0, 0.9818397210027143, 0.012958013895767069, 0.20056338660496656, 
0.007514828333404833, 0.0, 0.0, 0.0, 0.0, 0.0, 0.0, 0.0, 0.9365050846607049, 0.24493358963599995, 0.0, 0.0, 0.0, 0.0, 0.0, 0.02491691502729945, 0.0, 0.0, 0.04337576175763322, 0.8830373561512056, 0.25027041285745244, 0.0, 0.0, 0.0, 0.0, 0.9727595815040715, 0.014632333726096621, 0.30084507990744985, 
0.010019771111206444, 0.0, 0.0, 0.0, 0.0, 0.0, 0.0, 0.0, 0.9212828272254043, 0.32630220636879564, 0.0, 0.0, 0.0, 0.0, 0.0, 0.027760646868878868, 0.0, 0.0, 0.041322891926030024, 0.909029054784271, 0.3336938838099366, 0.0, 0.0, 0.0, 0.0, 0.9636794420054287, 0.016306653556426173, 0.4011267732099331, 
0.012524713889008054, 0.0, 0.0, 0.0, 0.0, 0.0, 0.0, 0.0, 0.9060605697901036, 0.4076708231015913, 0.0, 0.0, 0.0, 0.0, 0.0, 0.030604378710458287, 0.0, 0.0, 0.03927002209442683, 0.9350207534173364, 0.41711735476242073, 0.0, 0.0, 0.0, 0.0, 0.9545993025067858, 0.017980973386755725, 0.5014084665124164, 
0.015029656666809665, 0.0, 0.0, 0.0, 0.0, 0.0, 0.0, 0.0, 0.8908383123548029, 0.48903943983438697, 0.0, 0.0, 0.0, 0.0, 0.0, 0.0334481105520377, 0.0, 0.0, 0.03721715226282364, 0.9610124520504018, 0.5005408257149049, 0.0, 0.0, 0.0, 0.0, 0.9455191630081431, 0.019655293217085278, 0.6016901598148997, 
0.017534599444611276, 0.0, 0.0, 0.0, 0.0, 0.0, 0.0, 0.0, 0.8756160549195023, 0.5704080565671826, 0.0, 0.0, 0.0, 0.0, 0.0, 0.03629184239361712, 0.0, 0.0, 0.03516428243122044, 0.9870041506834673, 0.583964296667389, 0.0, 0.0, 0.0, 0.0, 0.9364390235095003, 0.021329613047414833, 0.701971853117383, 
0.018082236326298788, 0.0, 0.0, 0.0, 0.0, 0.0, 0.0, 0.0, 0.8101379311217285, 0.5703528739380084, 0.0, 0.0, 0.0, 0.0, 0.0, 0.03519946109344638, 0.0, 0.0, 0.032978087827524656, 0.9999999999999999, 0.5848794198979245, 0.0, 0.0, 0.0, 0.0, 0.8697723568428336, 0.020688988098407635, 0.701971853117383, 
0.016672567311872197, 0.0, 0.0, 0.0, 0.0, 0.0, 0.0, 0.0, 0.6944039409614816, 0.48887389194686437, 0.0, 0.0, 0.0, 0.0, 0.0, 0.030170966651525466, 0.0, 0.0, 0.030658568451736277, 0.9999999999999999, 0.5032861954065113, 0.0, 0.0, 0.0, 0.0, 0.745519163008143, 0.017733418370063685, 0.6016901598148997, 
0.01526289829744561, 0.0, 0.0, 0.0, 0.0, 0.0, 0.0, 0.0, 0.5786699508012346, 0.40739490995572025, 0.0, 0.0, 0.0, 0.0, 0.0, 0.025142472209604555, 0.0, 0.0, 0.0283390490759479, 0.9999999999999999, 0.42169297091509816, 0.0, 0.0, 0.0, 0.0, 0.6212659691734526, 0.01477784864171974, 0.5014084665124163, 
0.013853229283019021, 0.0, 0.0, 0.0, 0.0, 0.0, 0.0, 0.0, 0.46293596064098774, 0.32591592796457625, 0.0, 0.0, 0.0, 0.0, 0.0, 0.020113977767683644, 0.0, 0.0, 0.02601952970015952, 0.9999999999999999, 0.34009974642368496, 0.0, 0.0, 0.0, 0.0, 0.49701277533876204, 0.01182227891337579, 0.4011267732099331, 
0.012443560268592432, 0.0, 0.0, 0.0, 0.0, 0.0, 0.0, 0.0, 0.34720197048074075, 0.24443694597343213, 0.0, 0.0, 0.0, 0.0, 0.0, 0.015085483325762733, 0.0, 0.0, 0.02370001032437114, 1.0, 0.2585065219322718, 0.0, 0.0, 0.0, 0.0, 0.3727595815040715, 0.008866709185031844, 0.30084507990744985, 
0.011033891254165843, 0.0, 0.0, 0.0, 0.0, 0.0, 0.0, 0.0, 0.23146798032049387, 0.16295796398228812, 0.0, 0.0, 0.0, 0.0, 0.0, 0.010056988883841822, 0.0, 0.0, 0.021380490948582763, 1.0, 0.1769132974408586, 0.0, 0.0, 0.0, 0.0, 0.24850638766938105, 0.005911139456687895, 0.20056338660496653, 
0.009624222239739254, 0.0, 0.0, 0.0, 0.0, 0.0, 0.0, 0.0, 0.11573399016024688, 0.081478981991144, 0.0, 0.0, 0.0, 0.0, 0.0, 0.005028494441920911, 0.0, 0.0, 0.01906097157279438, 1.0, 0.09532007294944544, 0.0, 0.0, 0.0, 0.0, 0.12425319383469058, 0.0029555697283439493, 0.10028169330248327, 
0.008214553225312666, 0.0, 0.0, 0.0, 0.0, 0.0, 0.0, 0.0, 0.0, 0.0, 0.0, 0.0, 0.0, 0.0, 0.0, 0.0, 0.0, 0.0, 0.016741452197006002, 1.0, 0.013726848458032263, 0.0, 0.0, 0.0, 0.0, 0.0, 0.0, 0.0, 
0.012881726115682595, 0.0, 0.0, 0.0, 0.0, 0.0, 0.0, 0.0, 0.08862216677727362, 0.0, 0.0, 0.0, 0.0, 0.0, 0.002932560823510704, 0.13188069200769226, 0.0, 0.0, 0.016477343278859337, 1.0, 0.014542343785677132, 0.0, 0.0, 0.0, 0.0, 0.00012106768271958345, 0.0008437348923521061, 0.0, 
0.017548899006052526, 0.0, 0.0, 0.0, 0.0, 0.0, 0.0, 0.0, 0.17724433355454725, 0.0, 0.0, 0.0, 0.0, 0.0, 0.005865121647021408, 0.2637613840153845, 0.0, 0.0, 0.01621323436071267, 1.0, 0.015357839113322001, 0.0, 0.0, 0.0, 0.0, 0.0002421353654391669, 0.0016874697847042122, 0.0, 
0.022216071896422454, 0.0, 0.0, 0.0, 0.0, 0.0, 0.0, 0.0, 0.26586650033182085, 0.0, 0.0, 0.0, 0.0, 0.0, 0.008797682470532111, 0.39564207602307677, 0.0, 0.0, 0.015949125442566006, 1.0, 0.016173334440966868, 0.0, 0.0, 0.0, 0.0, 0.00036320304815875036, 0.0025312046770563186, 0.0, 
0.02688324478679239, 0.0, 0.0, 0.0, 0.0, 0.0, 0.0, 0.0, 0.3544886671090945, 0.0, 0.0, 0.0, 0.0, 0.0, 0.011730243294042816, 0.527522768030769, 0.0, 0.0, 0.015685016524419337, 1.0, 0.016988829768611737, 0.0, 0.0, 0.0, 0.0, 0.0004842707308783338, 0.0033749395694084245, 0.0, 
0.03155041767716232, 0.0, 0.0, 0.0, 0.0, 0.0, 0.0, 0.0, 0.4431108338863681, 0.0, 0.0, 0.0, 0.0, 0.0, 0.01466280411755352, 0.6594034600384613, 0.0, 0.0, 0.015420907606272674, 1.0, 0.017804325096256606, 0.0, 0.0, 0.0, 0.0, 0.0006053384135979173, 0.00421867446176053, 0.0, 
0.036217590567532244, 0.0, 0.0, 0.0, 0.0, 0.0, 0.0, 0.0, 0.5317330006636417, 0.0, 0.0, 0.0, 0.0, 0.0, 0.017595364941064222, 0.7912841520461535, 0.0, 0.0, 0.015156798688126007, 1.0, 0.018619820423901475, 0.0, 0.0, 0.0, 0.0, 0.0007264060963175007, 0.005062409354112637, 0.0, 
0.04088476345790218, 0.0, 0.0, 0.0, 0.0, 0.0, 0.0, 0.0, 0.6203551674409153, 0.0, 0.0, 0.0, 0.0, 0.0, 0.020527925764574927, 0.9231648440538458, 0.0, 0.0, 0.014892689769979341, 1.0, 0.019435315751546344, 0.0, 0.0, 0.0, 0.0, 0.0008474737790370841, 0.005906144246464743, 0.0, 
0.04033712657621467, 0.0, 0.0, 0.0, 0.0, 0.0, 0.0, 0.0, 0.620410800728151, 0.0, 0.0, 0.0, 0.0, 0.0, 0.021039822725699285, 0.9240058409242224, 0.0, 0.0, 0.013776592956845609, 1.0, 0.07034967343297414, 0.0, 0.0, 0.0, 0.0, 0.0008474737790370841, 0.005906144246464743, 0.0, 
0.034574679922469716, 0.0, 0.0, 0.0, 0.0, 0.0, 0.0, 0.0, 0.5318999005253486, 0.0, 0.0, 0.0, 0.0, 0.0, 0.019131055824437297, 0.7938071426572835, 0.0, 0.0, 0.011808508248724807, 1.0, 0.1713628934681849, 0.0, 0.0, 0.0, 0.0, 0.0007264060963175007, 0.005062409354112637, 0.0, 
0.028812233268724764, 0.0, 0.0, 0.0, 0.0, 0.0, 0.0, 0.0, 0.44338900032254625, 0.0, 0.0, 0.0, 0.0, 0.0, 0.01722228892317531, 0.6636084443903445, 0.0, 0.0, 0.009840423540604005, 1.0, 0.27237611350339563, 0.0, 0.0, 0.0, 0.0, 0.0006053384135979172, 0.004218674461760531, 0.0, 
0.02304978661497981, 0.0, 0.0, 0.0, 0.0, 0.0, 0.0, 0.0, 0.35487810011974386, 0.0, 0.0, 0.0, 0.0, 0.0, 0.01531352202191332, 0.5334097461234056, 0.0, 0.0, 0.007872338832483203, 1.0, 0.37338933353860637, 0.0, 0.0, 0.0, 0.0, 0.0004842707308783338, 0.0033749395694084245, 0.0, 
0.017287339961234858, 0.0, 0.0, 0.0, 0.0, 0.0, 0.0, 0.0, 0.26636719991694147, 0.0, 0.0, 0.0, 0.0, 0.0, 0.013404755120651332, 0.40321104785646666, 0.0, 0.0, 0.0059042541243624035, 1.0, 0.4744025535738171, 0.0, 0.0, 0.0, 0.0, 0.0003632030481587503, 0.0025312046770563186, 0.0, 
0.011524893307489903, 0.0, 0.0, 0.0, 0.0, 0.0, 0.0, 0.0, 0.17785629971413908, 0.0, 0.0, 0.0, 0.0, 0.0, 0.011495988219389344, 0.2730123495895277, 0.0, 0.0, 0.003936169416241602, 1.0, 0.5754157736090278, 0.0, 0.0, 0.0, 0.0, 0.00024213536543916687, 0.0016874697847042127, 0.0, 
0.0057624466537449515, 0.0, 0.0, 0.0, 0.0, 0.0, 0.0, 0.0, 0.08934539951133669, 0.0, 0.0, 0.0, 0.0, 0.0, 0.009587221318127354, 0.14281365132258883, 0.0, 0.0, 0.0019680847081208, 1.0, 0.6764289936442386, 0.0, 0.0, 0.0, 0.0, 0.00012106768271958343, 0.0008437348923521059, 0.0, 
0.0, 0.0, 0.0, 0.0, 0.0, 0.0, 0.0, 0.0, 0.0008344993085343111, 0.0, 0.0, 0.0, 0.0, 0.0, 0.007678454416865366, 0.012614953055649908, 0.0, 0.0, 0.0, 1.0, 0.7774422136794493, 0.0, 0.0, 0.0, 0.0, 0.0, 0.0, 0.0, 
0.0, 0.0, 0.0, 0.0, 0.0, 0.0, 0.0, 0.0, 0.0007232327340630696, 0.0, 0.0, 0.0, 0.0, 0.0, 0.006654660494616651, 0.010932959314896587, 0.0, 0.0, 0.0, 0.9505527591079982, 0.8071165851888561, 0.0, 0.0, 0.0, 0.0, 0.0, 0.0, 0.0, 
0.0, 0.0, 0.0, 0.0, 0.0, 0.0, 0.0, 0.0, 0.0006119661595918282, 0.0, 0.0, 0.0, 0.0, 0.0, 0.005630866572367935, 0.009250965574143266, 0.0, 0.0, 0.0, 0.9011055182159964, 0.8367909566982629, 0.0, 0.0, 0.0, 0.0, 0.0, 0.0, 0.0, 
0.0, 0.0, 0.0, 0.0, 0.0, 0.0, 0.0, 0.0, 0.0005006995851205866, 0.0, 0.0, 0.0, 0.0, 0.0, 0.004607072650119219, 0.0075689718333899455, 0.0, 0.0, 0.0, 0.8516582773239947, 0.8664653282076696, 0.0, 0.0, 0.0, 0.0, 0.0, 0.0, 0.0, 
0.0, 0.0, 0.0, 0.0, 0.0, 0.0, 0.0, 0.0, 0.0003894330106493452, 0.0, 0.0, 0.0, 0.0, 0.0, 0.003583278727870504, 0.005886978092636624, 0.0, 0.0, 0.0, 0.8022110364319929, 0.8961396997170765, 0.0, 0.0, 0.0, 0.0, 0.0, 0.0, 0.0, 
0.0, 0.0, 0.0, 0.0, 0.0, 0.0, 0.0, 0.0, 0.00027816643617810367, 0.0, 0.0, 0.0, 0.0, 0.0, 0.002559484805621789, 0.004204984351883304, 0.0, 0.0, 0.0, 0.7527637955399911, 0.9258140712264833, 0.0, 0.0, 0.0, 0.0, 0.0, 0.0, 0.0, 
0.0, 0.0, 0.0, 0.0, 0.0, 0.0, 0.0, 0.0, 0.0001668998617068622, 0.0, 0.0, 0.0, 0.0, 0.0, 0.0015356908833730728, 0.0025229906111299827, 0.0, 0.0, 0.0, 0.7033165546479893, 0.9554884427358901, 0.0, 0.0, 0.0, 0.0, 0.0, 0.0, 0.0, 
0.0, 0.0, 0.0, 0.0, 0.0, 0.0, 0.0, 0.0, 5.563328723562073e-05, 0.0, 0.0, 0.0, 0.0, 0.0, 0.0005118969611243567, 0.0008409968703766615, 0.0, 0.0, 0.0, 0.6538693137559874, 0.9851628142452968, 0.0, 0.0, 0.0, 0.0, 0.0, 0.0, 0.0, 
0.0, 0.0, 0.0, 0.0, 0.040804675710625384, 0.0, 0.0, 0.0, 0.0, 0.0, 0.0, 0.0008843332913437283, 0.04249801818390379, 0.002966129088254133, 0.03692180948330834, 0.0, 0.0, 0.0, 0.0, 0.6456313382839334, 0.9881624926010942, 0.0, 0.0, 0.0001236403665956978, 0.03668172766294369, 0.0019353057477973596, 0.0005072935114747305, 0.0, 
0.0, 0.0, 0.0, 0.0, 0.12241402713187616, 0.0, 0.0, 0.0, 0.0, 0.0, 0.0, 0.0026529998740311847, 0.12749405455171137, 0.008898387264762398, 0.11076542844992501, 0.0, 0.0, 0.0, 0.0, 0.6786026282318269, 0.9644874778032823, 0.0, 0.0, 0.00037092109978709343, 0.11004518298883106, 0.005805917243392079, 0.0015218805344241917, 0.0, 
0.0, 0.0, 0.0, 0.0, 0.2040233785531269, 0.0, 0.0, 0.0, 0.0, 0.0, 0.0, 0.0044216664567186415, 0.21249009091951893, 0.014830645441270664, 0.1846090474165417, 0.0, 0.0, 0.0, 0.0, 0.7115739181797205, 0.9408124630054703, 0.0, 0.0, 0.000618201832978489, 0.18340863831471846, 0.009676528738986799, 0.0025364675573736526, 0.0, 
0.0, 0.0, 0.0, 0.0, 0.28563272997437766, 0.0, 0.0, 0.0, 0.0, 0.0, 0.0, 0.006190333039406098, 0.2974861272873265, 0.02076290361777893, 0.25845266638315834, 0.0, 0.0, 0.0, 0.0, 0.744545208127614, 0.9171374482076582, 0.0, 0.0, 0.0008654825661698847, 0.2567720936406058, 0.013547140234581517, 0.003551054580323114, 0.0, 
0.0, 0.0, 0.0, 0.0, 0.3672420813956285, 0.0, 0.0, 0.0, 0.0, 0.0, 0.0, 0.007958999622093555, 0.3824821636551341, 0.026695161794287194, 0.33229628534977507, 0.0, 0.0, 0.0, 0.0, 0.7775164980755076, 0.8934624334098462, 0.0, 0.0, 0.0011127632993612802, 0.3301355489664932, 0.017417751730176238, 0.004565641603272575, 0.0, 
0.0, 0.0, 0.0, 0.0, 0.4488514328168792, 0.0, 0.0, 0.0, 0.0, 0.0, 0.0, 0.009727666204781011, 0.46747820002294166, 0.03262741997079546, 0.4061399043163917, 0.0, 0.0, 0.0, 0.0, 0.8104877880234012, 0.8697874186120342, 0.0, 0.0, 0.001360044032552676, 0.4034990042923806, 0.021288363225770955, 0.005580228626222036, 0.0, 
0.0, 0.0, 0.0, 0.0, 0.53046078423813, 0.0, 0.0, 0.0, 0.0, 0.0, 0.0, 0.011496332787468467, 0.5524742363907492, 0.038559678147303725, 0.4799835232830084, 0.0, 0.0, 0.0, 0.0, 0.8434590779712947, 0.8461124038142223, 0.0, 0.0, 0.0016073247657440715, 0.47686245961826795, 0.025158974721365676, 0.006594815649171497, 0.0, 
0.0, 0.0, 0.0, 0.0, 0.6120701356593807, 0.0, 0.0, 0.0, 0.0, 0.0, 0.0, 0.013264999370155925, 0.6374702727585568, 0.044491936323811994, 0.553827142249625, 0.0, 0.0, 0.0, 0.0, 0.8764303679191883, 0.8224373890164103, 0.0, 0.0, 0.0018546054989354672, 0.5502259149441554, 0.029029586216960394, 0.007609402672120957, 0.0, 
0.0, 0.0, 0.0, 0.0, 0.5950051425773394, 0.0, 0.0, 0.0037055325303301107, 0.0022003175041163535, 0.0, 0.0, 0.0134515100325405, 0.5552184240576973, 0.11141958445556763, 0.5969548914681966, 0.0043953671445888815, 0.0, 0.0, 0.0, 0.8312459431744709, 0.712779070480889, 0.08603176748246409, 0.0, 0.0016073247657440717, 0.6008272248804315, 0.027651787751543595, 0.011151950047066641, 0.0, 
0.0, 0.0, 0.0, 0.0, 0.577940149495298, 0.0, 0.0, 0.007411065060660221, 0.004400635008232707, 0.0, 0.0, 0.013638020694925075, 0.47296657535683784, 0.17834723258732324, 0.6400826406867681, 0.008790734289177763, 0.0, 0.0, 0.0, 0.7860615184297535, 0.6031207519453675, 0.17206353496492818, 0.0, 0.001360044032552676, 0.6514285348167075, 0.026273989286126797, 0.014694497422012325, 0.0, 
0.0, 0.0, 0.0, 0.0, 0.5608751564132567, 0.0, 0.0, 0.011116597590990332, 0.006600952512349061, 0.0, 0.0, 0.01382453135730965, 0.3907147266559783, 0.24527488071907888, 0.6832103899053397, 0.013186101433766645, 0.0, 0.0, 0.0, 0.7408770936850362, 0.4934624334098462, 0.25809530244739226, 0.0, 0.0011127632993612802, 0.7020298447529836, 0.02489619082071, 0.018237044796958007, 0.0, 
0.0, 0.0, 0.0, 0.0, 0.5438101633312153, 0.0, 0.0, 0.014822130121320443, 0.008801270016465414, 0.0, 0.0, 0.014011042019694225, 0.3084628779551188, 0.3122025288508345, 0.7263381391239112, 0.017581468578355526, 0.0, 0.0, 0.0, 0.6956926689403188, 0.3838041148743248, 0.34412706992985637, 0.0, 0.0008654825661698847, 0.7526311546892597, 0.023518392355293204, 0.021779592171903693, 0.0, 
0.0, 0.0, 0.0, 0.0, 0.526745170249174, 0.0, 0.0, 0.018527662651650553, 0.011001587520581767, 0.0, 0.0, 0.0141975526820788, 0.2262110292542593, 0.3791301769825901, 0.7694658883424828, 0.021976835722944406, 0.0, 0.0, 0.0, 0.6505082441956014, 0.2741457963388034, 0.43015883741232047, 0.0, 0.0006182018329784892, 0.8032324646255358, 0.022140593889876405, 0.025322139546849375, 0.0, 
0.0, 0.0, 0.0, 0.0, 0.5096801771671327, 0.0, 0.0, 0.022233195181980664, 0.013201905024698122, 0.0, 0.0, 0.014384063344463375, 0.14395918055339973, 0.4460578251143458, 0.8125936375610542, 0.02637220286753329, 0.0, 0.0, 0.0, 0.605323819450884, 0.1644874778032821, 0.5161906048947845, 0.0, 0.0003709210997870935, 0.8538337745618119, 0.020762795424459607, 0.028864686921795057, 0.0, 
0.0, 0.0, 0.0, 0.0, 0.49261518408509125, 0.0, 0.0, 0.025938727712310775, 0.015402222528814475, 0.0, 0.0, 0.01457057400684795, 0.06170733185254029, 0.5129854732461014, 0.8557213867796257, 0.030767570012122172, 0.0, 0.0, 0.0, 0.5601393947061666, 0.05482915926776066, 0.6022223723772486, 0.0, 0.00012364036659569776, 0.9044350844980878, 0.019384996959042812, 0.03240723429674074, 0.0, 
0.0, 0.0, 0.0, 0.0, 0.4895347520425786, 0.0, 0.0, 0.027398997640147596, 0.06146261551985446, 0.0, 0.0, 0.013803998990987585, 0.02123822683496029, 0.5507760518745362, 0.885466243962984, 0.07495823633851659, 0.0, 0.0, 0.0, 0.5604743071950589, 0.0, 0.6022223723772487, 0.0, 0.0008991101459870747, 0.9305475768255503, 0.07734976049834566, 0.031899940785266014, 0.0009298193222783232, 
0.0, 0.0, 0.0, 0.0, 0.5004388810395948, 0.0, 0.0, 0.026614004965491128, 0.15138308399781808, 0.0, 0.0, 0.01208433829688228, 0.0225518655006599, 0.5594295609996501, 0.9018282091111292, 0.15894420184671654, 0.0, 0.0, 0.0, 0.6063285569175607, 0.0, 0.5161906048947846, 0.0, 0.002697330437961224, 0.9321712515441991, 0.19465708604236817, 0.02734280638737087, 0.0027894579668349697, 
0.0, 0.0, 0.0, 0.0, 0.511343010036611, 0.0, 0.0, 0.02582901229083466, 0.24130355247578172, 0.0, 0.0, 0.010364677602776972, 0.02386550416635951, 0.5680830701247641, 0.9181901742592743, 0.24293016735491646, 0.0, 0.0, 0.0, 0.6521828066400625, 0.0, 0.4301588374123205, 0.0, 0.0044955507299353735, 0.933794926262848, 0.31196441158639066, 0.022785671989475724, 0.004649096611391616, 
0.0, 0.0, 0.0, 0.0, 0.5222471390336271, 0.0, 0.0, 0.025044019616178192, 0.33122402095374537, 0.0, 0.0, 0.008645016908671664, 0.025179142832059118, 0.5767365792498781, 0.9345521394074194, 0.3269161328631164, 0.0, 0.0, 0.0, 0.6980370563625643, 0.0, 0.3441270699298564, 0.0, 0.006293771021909523, 0.9354186009814969, 0.4292717371304132, 0.01822853759158058, 0.0065087352559482625, 
0.0, 0.0, 0.0, 0.0, 0.5331512680306433, 0.0, 0.0, 0.024259026941521725, 0.421144489431709, 0.0, 0.0, 0.006925356214566359, 0.026492781497758727, 0.5853900883749921, 0.9509141045555646, 0.4109020983713163, 0.0, 0.0, 0.0, 0.7438913060850662, 0.0, 0.2580953024473923, 0.0, 0.008091991313883672, 0.9370422757001456, 0.5465790626744357, 0.013671403193685434, 0.008368373900504909, 
0.0, 0.0, 0.0, 0.0, 0.5440553970276594, 0.0, 0.0, 0.02347403426686526, 0.5110649579096727, 0.0, 0.0, 0.0052056955204610525, 0.027806420163458336, 0.5940435975001059, 0.9672760697037097, 0.4948880638795162, 0.0, 0.0, 0.0, 0.7897455558075679, 0.0, 0.1720635349649282, 0.0, 0.009890211605857822, 0.9386659504187945, 0.6638863882184582, 0.00911426879579029, 0.010228012545061555, 
0.0, 0.0, 0.0, 0.0, 0.5549595260246756, 0.0, 0.0, 0.022689041592208792, 0.6009854263876363, 0.0, 0.0, 0.0034860348263557467, 0.029120058829157948, 0.6026971066252199, 0.9836380348518549, 0.5788740293877161, 0.0, 0.0, 0.0, 0.8355998055300697, 0.0, 0.0860317674824641, 0.0, 0.011688431897831971, 0.9402896251374433, 0.7811937137624807, 0.004557134397895148, 0.012087651189618201, 
0.0, 0.0, 0.0, 0.0, 0.5658636550216917, 0.0, 0.0, 0.021904048917552325, 0.6909058948656, 0.0, 0.0, 0.0017663741322504391, 0.030433697494857557, 0.6113506157503339, 1.0, 0.6628599948959161, 0.0, 0.0, 0.0, 0.8814540552525716, 0.0, 0.0, 0.0, 0.01348665218980612, 0.9419132998560922, 0.8985010393065033, 0.0, 0.013947289834174847, 
0.07138178894284151, 0.0, 0.0, 0.0, 0.577847994915962, 0.0, 0.0, 0.14456547321622396, 0.7321184422168533, 0.0, 0.0, 0.001530857581283714, 0.026853959971064326, 0.6185532551222529, 0.9810460165773949, 0.579766954953899, 0.0, 0.0, 0.0, 0.8660133443144533, 0.0, 0.0, 0.0, 0.011688431897831971, 0.9031692167896722, 0.8900777530594721, 0.0, 0.012087651189618201, 
0.14276357788568303, 0.0, 0.0, 0.0, 0.5898323348102321, 0.0, 0.0, 0.2672268975148956, 0.7733309895681066, 0.0, 0.0, 0.0012953410303169887, 0.023274222447271096, 0.6257558944941719, 0.9620920331547897, 0.4966739150118818, 0.0, 0.0, 0.0, 0.8505726333763349, 0.0, 0.0, 0.0, 0.009890211605857822, 0.8644251337232521, 0.8816544668124409, 0.0, 0.010228012545061555, 
0.21414536682852453, 0.0, 0.0, 0.0, 0.6018166747045024, 0.0, 0.0, 0.3898883218135672, 0.81454353691936, 0.0, 0.0, 0.0010598244793502635, 0.01969448492347787, 0.632958533866091, 0.9431380497321846, 0.41358087506986463, 0.0, 0.0, 0.0, 0.8351319224382167, 0.0, 0.0, 0.0, 0.008091991313883672, 0.8256810506568322, 0.8732311805654097, 0.0, 0.008368373900504909, 
0.28552715577136606, 0.0, 0.0, 0.0, 0.6138010145987726, 0.0, 0.0, 0.5125497461122388, 0.8557560842706133, 0.0, 0.0, 0.0008243079283835383, 0.016114747399684638, 0.64016117323801, 0.9241840663095795, 0.3304878351278475, 0.0, 0.0, 0.0, 0.8196912115000984, 0.0, 0.0, 0.0, 0.006293771021909523, 0.7869369675904121, 0.8648078943183785, 0.0, 0.006508735255948262, 
0.3569089447142076, 0.0, 0.0, 0.0, 0.6257853544930428, 0.0, 0.0, 0.6352111704109105, 0.8969686316218667, 0.0, 0.0, 0.000588791377416813, 0.012535009875891408, 0.647363812609929, 0.9052300828869745, 0.2473947951858304, 0.0, 0.0, 0.0, 0.8042505005619801, 0.0, 0.0, 0.0, 0.0044955507299353735, 0.7481928845239921, 0.8563846080713473, 0.0, 0.0046490966113916146, 
0.42829073365704906, 0.0, 0.0, 0.0, 0.637769694387313, 0.0, 0.0, 0.7578725947095821, 0.93818117897312, 0.0, 0.0, 0.00035327482645008783, 0.008955272352098177, 0.654566451981848, 0.8862760994643694, 0.16430175524381324, 0.0, 0.0, 0.0, 0.7888097896238617, 0.0, 0.0, 0.0, 0.002697330437961224, 0.7094488014575722, 0.847961321824316, 0.0, 0.0027894579668349684, 
0.4996725225998906, 0.0, 0.0, 0.0, 0.6497540342815833, 0.0, 0.0, 0.8805340190082537, 0.9793937263243733, 0.0, 0.0, 0.00011775827548336261, 0.005375534828304947, 0.661769091353767, 0.8673221160417642, 0.08120871530179608, 0.0, 0.0, 0.0, 0.7733690786857434, 0.0, 0.0, 0.0, 0.0008991101459870747, 0.6707047183911521, 0.8395380355772849, 0.0, 0.0009298193222783222, 
0.49967252259989065, 0.0, 0.0, 0.00011514836126753672, 0.6123781817619126, 0.0, 0.0, 0.9193189513945602, 0.9732696213293561, 0.0, 0.0, 0.0, 0.003346621661981109, 0.6214663836687819, 0.8355907515474026, 0.08131596063315305, 0.0, 0.00047325070418033447, 0.05786476608856785, 0.7588513191966323, 0.0, 0.0, 0.0, 0.0, 0.6108410858748398, 0.8463046329568513, 0.0, 0.0, 
0.42829073365704917, 0.0, 0.0, 0.00034544508380261014, 0.525642136828301, 0.0, 0.0, 0.8742273918685016, 0.9198088639880685, 0.0, 0.0, 0.0, 0.002868532853126665, 0.5336583289268926, 0.7910820059812845, 0.1646234912378842, 0.0, 0.0014197521125410035, 0.17359429826570355, 0.7452565111565281, 0.0, 0.0, 0.0, 0.0, 0.5298579039086353, 0.8682611139630154, 0.0, 0.0, 
0.35690894471420764, 0.0, 0.0, 0.0005757418063376836, 0.4389060918946893, 0.0, 0.0, 0.829135832342443, 0.8663481066467809, 0.0, 0.0, 0.0, 0.0023904440442722207, 0.44585027418500334, 0.7465732604151664, 0.24793102184261537, 0.0, 0.0023662535209016725, 0.28932383044283927, 0.7316617031164241, 0.0, 0.0, 0.0, 0.0, 0.4488747219424307, 0.8902175949691795, 0.0, 0.0, 
0.2855271557713661, 0.0, 0.0, 0.000806038528872757, 0.35217004696107773, 0.0, 0.0, 0.7840442728163846, 0.8128873493054932, 0.0, 0.0, 0.0, 0.0019123552354177765, 0.35804221944311404, 0.7020645148490483, 0.3312385524473465, 0.0, 0.0033127549292623413, 0.405053362619975, 0.7180668950763199, 0.0, 0.0, 0.0, 0.0, 0.36789153997622626, 0.9121740759753436, 0.0, 0.0, 
0.21414536682852459, 0.0, 0.0, 0.0010363352514078305, 0.2654340020274661, 0.0, 0.0, 0.738952713290326, 0.7594265919642056, 0.0, 0.0, 0.0, 0.0014342664265633324, 0.2702341647012247, 0.6575557692829301, 0.4145460830520777, 0.0, 0.004259256337623011, 0.5207828947971107, 0.7044720870362159, 0.0, 0.0, 0.0, 0.0, 0.2869083580100217, 0.9341305569815077, 0.0, 0.0, 
0.14276357788568306, 0.0, 0.0, 0.001266631973942904, 0.17869795709385444, 0.0, 0.0, 0.6938611537642674, 0.705965834622918, 0.0, 0.0, 0.0, 0.0009561776177088883, 0.1824261099593354, 0.6130470237168121, 0.49785361365680886, 0.0, 0.0052057577459836794, 0.6365124269742464, 0.6908772789961117, 0.0, 0.0, 0.0, 0.0, 0.20592517604381722, 0.9560870379876718, 0.0, 0.0, 
0.07138178894284158, 0.0, 0.0, 0.0014969286964779773, 0.09196191216024285, 0.0, 0.0, 0.6487695942382088, 0.6525050772816303, 0.0, 0.0, 0.0, 0.00047808880885444414, 0.09461805521744604, 0.568538278150694, 0.5811611442615401, 0.0, 0.006152259154344348, 0.752241959151382, 0.6772824709560077, 0.0, 0.0, 0.0, 0.0, 0.12494199407761264, 0.9780435189938359, 0.0, 0.0, 
0.0, 0.0, 0.0, 0.0017272254190130508, 0.005225867226631248, 0.0, 0.0, 0.6036780347121502, 0.5990443199403427, 0.0, 0.0, 0.0, 0.0, 0.006810000475556798, 0.5240295325845759, 0.6644686748662711, 0.0, 0.007098760562705017, 0.8679714913285178, 0.6636876629159035, 0.0, 0.0, 0.0, 0.0, 0.04395881211140821, 1.0, 0.0, 0.0, 
0.0, 0.0, 0.0, 0.0033043243682341593, 0.0067457871764427324, 0.0, 0.0, 0.5231876300838635, 0.6023057061476098, 0.0019205962312500884, 0.0, 0.0, 0.0, 0.06881892975942286, 0.45415892823996573, 0.5758728515507683, 0.0, 0.008996618344566342, 0.8855752924847154, 0.63930797705113, 0.0, 0.0, 0.0, 0.0, 0.03809763716322045, 0.8671552181702483, 0.0014171997678864776, 0.11077237240378981, 
0.0, 0.0, 0.0, 0.004881423317455267, 0.008265707126254216, 0.0, 0.0, 0.4426972254555768, 0.6055670923548768, 0.003841192462500177, 0.0, 0.0, 0.0, 0.13082785904328892, 0.3842883238953556, 0.48727702823526553, 0.0, 0.010894476126427665, 0.9031790936409131, 0.6149282911863564, 0.0, 0.0, 0.0, 0.0, 0.03223646221503269, 0.7343104363404966, 0.002834399535772955, 0.22154474480757963, 
0.0, 0.0, 0.0, 0.006458522266676375, 0.0097856270760657, 0.0, 0.0, 0.36220682082729017, 0.608828478562144, 0.005761788693750265, 0.0, 0.0, 0.0, 0.192836788327155, 0.31441771955074554, 0.39868120491976267, 0.0, 0.01279233390828899, 0.9207828947971107, 0.5905486053215827, 0.0, 0.0, 0.0, 0.0, 0.026375287266844925, 0.6014656545107449, 0.004251599303659433, 0.3323171172113695, 
0.0, 0.0, 0.0, 0.008035621215897484, 0.011305547025877185, 0.0, 0.0, 0.28171641619900345, 0.6120898647694111, 0.007682384925000354, 0.0, 0.0, 0.0, 0.25484571761102104, 0.24454711520613542, 0.31008538160425986, 0.0, 0.014690191690150314, 0.9383866959533083, 0.5661689194568091, 0.0, 0.0, 0.0, 0.0, 0.020514112318657164, 0.4686208726809932, 0.00566879907154591, 0.44308948961515926, 
0.0, 0.0, 0.0, 0.009612720165118592, 0.01282546697568867, 0.0, 0.0, 0.20122601157071673, 0.6153512509766781, 0.009602981156250441, 0.0, 0.0, 0.0, 0.3168546468948871, 0.1746765108615253, 0.22148955828875705, 0.0, 0.01658804947201164, 0.9559904971095059, 0.5417892335920356, 0.0, 0.0, 0.0, 0.0, 0.014652937370469403, 0.3357760908512415, 0.007085998839432388, 0.553861862018949, 
0.0, 0.0, 0.0, 0.0111898191143397, 0.014345386925500154, 0.0, 0.0, 0.12073560694243007, 0.6186126371839452, 0.01152357738750053, 0.0, 0.0, 0.0, 0.3788635761787532, 0.10480590651691524, 0.13289373497325419, 0.0, 0.018485907253872964, 0.9735942982657035, 0.517409547727262, 0.0, 0.0, 0.0, 0.0, 0.008791762422281642, 0.2029313090214897, 0.008503198607318865, 0.664634234422739, 
0.0, 0.0, 0.0, 0.012766918063560808, 0.01586530687531164, 0.0, 0.0, 0.04024520231414341, 0.6218740233912123, 0.013444173618750619, 0.0, 0.0, 0.0, 0.44087250546261925, 0.034935302172305116, 0.04429791165775143, 0.0, 0.02038376503573429, 0.9911980994219012, 0.4930298618624884, 0.0, 0.0, 0.0, 0.0, 0.0029305874740938806, 0.07008652719173802, 0.009920398375205343, 0.7754066068265287, 
0.0, 0.0, 0.0, 0.012651769702293272, 0.015516915726869553, 0.0, 0.0, 0.0, 0.583412513325972, 0.013444173618750619, 0.0, 0.0, 0.0, 0.4404185054309155, 0.0005834822002895311, 0.0, 0.0, 0.08657718099822062, 0.9939948421312139, 0.44878401766809484, 0.0, 0.0, 0.0, 0.0, 0.0, 0.0034198605250714245, 0.009920398375205343, 0.7754066068265286, 
0.0, 0.0, 0.0, 0.01084437403053709, 0.013300213480173902, 0.0, 0.0, 0.0, 0.5032281069882243, 0.01152357738750053, 0.0, 0.0, 0.0, 0.3775015760836419, 0.0017504466008685933, 0.0, 0.0, 0.21706615514133196, 0.9819845263936419, 0.3846720151440813, 0.0, 0.0, 0.0, 0.0, 0.0, 0.0029313090214897926, 0.008503198607318865, 0.6646342344227388, 
0.0, 0.0, 0.0, 0.009036978358780909, 0.011083511233478251, 0.0, 0.0, 0.0, 0.4230437006504765, 0.009602981156250443, 0.0, 0.0, 0.0, 0.3145846467363682, 0.0029174110014476558, 0.0, 0.0, 0.34755512928444326, 0.9699742106560698, 0.3205600126200677, 0.0, 0.0, 0.0, 0.0, 0.0, 0.0024427575179081606, 0.007085998839432388, 0.553861862018949, 
0.0, 0.0, 0.0, 0.007229582687024727, 0.008866808986782602, 0.0, 0.0, 0.0, 0.3428592943127287, 0.007682384925000354, 0.0, 0.0, 0.0, 0.2516677173890946, 0.004084375402026718, 0.0, 0.0, 0.4780441034275546, 0.9579638949184976, 0.2564480100960542, 0.0, 0.0, 0.0, 0.0, 0.0, 0.0019542060143265287, 0.00566879907154591, 0.4430894896151592, 
0.0, 0.0, 0.0, 0.005422187015268545, 0.006650106740086951, 0.0, 0.0, 0.0, 0.262674887974981, 0.005761788693750266, 0.0, 0.0, 0.0, 0.18875078804182094, 0.00525133980260578, 0.0, 0.0, 0.6085330775706659, 0.9459535791809256, 0.19233600757204067, 0.0, 0.0, 0.0, 0.0, 0.0, 0.0014656545107448963, 0.004251599303659433, 0.3323171172113694, 
0.0, 0.0, 0.0, 0.0036147913435123635, 0.0044334044933913, 0.0, 0.0, 0.0, 0.18249048163723325, 0.0038411924625001773, 0.0, 0.0, 0.0, 0.12583385869454733, 0.006418304203184843, 0.0, 0.0, 0.7390220517137773, 0.9339432634433535, 0.1282240050480271, 0.0, 0.0, 0.0, 0.0, 0.0, 0.0009771030071632643, 0.002834399535772955, 0.22154474480757957, 
0.0, 0.0, 0.0, 0.0018073956717561818, 0.002216702246695651, 0.0, 0.0, 0.0, 0.10230607529948554, 0.0019205962312500886, 0.0, 0.0, 0.0, 0.06291692934727366, 0.007585268603763904, 0.0, 0.0, 0.8695110258568886, 0.9219329477057814, 0.06411200252401356, 0.0, 0.0, 0.0, 0.0, 0.0, 0.0004885515035816324, 0.0014171997678864776, 0.11077237240378979, 
0.0, 0.0, 0.0, 0.0, 0.0, 0.0, 0.0, 0.0, 0.02212166896173778, 0.0, 0.0, 0.0, 0.0, 0.0, 0.008752233004342967, 0.0, 0.0, 1.0, 0.9099226319682093, 0.0, 0.0, 0.0, 0.0, 0.0, 0.0, 0.0, 0.0, 0.0, 
0.0, 0.0, 0.0, 0.0, 0.0, 0.0, 0.0, 0.0, 0.1019425995936496, 0.08033741944736685, 0.00047249828290220054, 0.0, 0.0, 0.0, 0.007585268603763904, 0.0003400921055613375, 0.0, 1.0, 0.791007499701049, 0.0, 0.0, 0.0, 0.0, 0.0, 0.0, 0.0, 0.0, 0.0, 
0.0, 0.0, 0.0, 0.0, 0.0, 0.0, 0.0, 0.0, 0.1817635302255614, 0.1606748388947337, 0.0009449965658044011, 0.0, 0.0, 0.0, 0.006418304203184842, 0.000680184211122675, 0.0, 1.0, 0.6720923674338887, 0.0, 0.0, 0.0, 0.0, 0.0, 0.0, 0.0, 0.0, 0.0, 
0.0, 0.0, 0.0, 0.0, 0.0, 0.0, 0.0, 0.0, 0.2615844608574732, 0.24101225834210055, 0.0014174948487066016, 0.0, 0.0, 0.0, 0.00525133980260578, 0.0010202763166840124, 0.0, 1.0, 0.5531772351667283, 0.0, 0.0, 0.0, 0.0, 0.0, 0.0, 0.0, 0.0, 0.0, 
0.0, 0.0, 0.0, 0.0, 0.0, 0.0, 0.0, 0.0, 0.34140539148938503, 0.3213496777894674, 0.0018899931316088022, 0.0, 0.0, 0.0, 0.004084375402026718, 0.00136036842224535, 0.0, 1.0, 0.43426210289956807, 0.0, 0.0, 0.0, 0.0, 0.0, 0.0, 0.0, 0.0, 0.0, 
0.0, 0.0, 0.0, 0.0, 0.0, 0.0, 0.0, 0.0, 0.42122632212129685, 0.4016870972368342, 0.0023624914145110028, 0.0, 0.0, 0.0, 0.0029174110014476553, 0.0017004605278066877, 0.0, 1.0, 0.3153469706324078, 0.0, 0.0, 0.0, 0.0, 0.0, 0.0, 0.0, 0.0, 0.0, 
0.0, 0.0, 0.0, 0.0, 0.0, 0.0, 0.0, 0.0, 0.5010472527532086, 0.4820245166842011, 0.002834989697413203, 0.0, 0.0, 0.0, 0.0017504466008685937, 0.002040552633368025, 0.0, 1.0, 0.19643183836524747, 0.0, 0.0, 0.0, 0.0, 0.0, 0.0, 0.0, 0.0, 0.0, 
0.0, 0.0, 0.0, 0.0, 0.0, 0.0, 0.0, 0.0, 0.5808681833851205, 0.5623619361315679, 0.003307487980315404, 0.0, 0.0, 0.0, 0.0005834822002895312, 0.0023806447389293625, 0.0, 1.0, 0.07751670609808714, 0.0, 0.0, 0.0, 0.0, 0.0, 0.0, 0.0, 0.0, 0.0, 
0.0, 0.0, 0.0005471665495391015, 0.0, 0.0, 0.0, 0.0, 0.0, 0.6192520557107208, 0.607486886355885, 0.003997257347935968, 0.0, 0.0, 0.0, 0.0, 0.0023806447389293625, 0.00044853712729260164, 1.0, 0.017886645887022722, 0.0, 0.0, 0.0, 0.0, 0.0, 0.0, 0.0, 0.0, 0.0, 
0.0, 0.0, 0.0016414996486173044, 0.0, 0.0, 0.0, 0.0, 0.0, 0.6161988697300099, 0.6173993673571523, 0.004904297800274897, 0.0, 0.0, 0.0, 0.0, 0.002040552633368025, 0.001345611381877805, 1.0, 0.01754165773205428, 0.0, 0.0, 0.0, 0.0, 0.0, 0.0, 0.0, 0.0, 0.0, 
0.0, 0.0, 0.0027358327476955076, 0.0, 0.0, 0.0, 0.0, 0.0, 0.613145683749299, 0.6273118483584196, 0.005811338252613825, 0.0, 0.0, 0.0, 0.0, 0.0017004605278066875, 0.002242685636463008, 1.0, 0.017196669577085842, 0.0, 0.0, 0.0, 0.0, 0.0, 0.0, 0.0, 0.0, 0.0, 
0.0, 0.0, 0.00383016584677371, 0.0, 0.0, 0.0, 0.0, 0.0, 0.6100924977685881, 0.6372243293596869, 0.006718378704952753, 0.0, 0.0, 0.0, 0.0, 0.00136036842224535, 0.0031397598910482116, 1.0, 0.0168516814221174, 0.0, 0.0, 0.0, 0.0, 0.0, 0.0, 0.0, 0.0, 0.0, 
0.0, 0.0, 0.0049244989458519135, 0.0, 0.0, 0.0, 0.0, 0.0, 0.6070393117878772, 0.6471368103609542, 0.007625419157291682, 0.0, 0.0, 0.0, 0.0, 0.0010202763166840124, 0.004036834145633415, 1.0, 0.01650669326714896, 0.0, 0.0, 0.0, 0.0, 0.0, 0.0, 0.0, 0.0, 0.0, 
0.0, 0.0, 0.006018832044930116, 0.0, 0.0, 0.0, 0.0, 0.0, 0.6039861258071663, 0.6570492913622216, 0.008532459609630609, 0.0, 0.0, 0.0, 0.0, 0.000680184211122675, 0.004933908400218618, 1.0, 0.01616170511218052, 0.0, 0.0, 0.0, 0.0, 0.0, 0.0, 0.0, 0.0, 0.0, 
0.0, 0.0, 0.0071131651440083194, 0.0, 0.0, 0.0, 0.0, 0.0, 0.6009329398264553, 0.6669617723634889, 0.009439500061969537, 0.0, 0.0, 0.0, 0.0, 0.0003400921055613376, 0.005830982654803822, 1.0, 0.01581671695721208, 0.0, 0.0, 0.0, 0.0, 0.0, 0.0, 0.0, 0.0, 0.0, 
0.0, 0.0, 0.008207498243086522, 0.0, 0.0, 0.0, 0.0, 0.0, 0.5978797538457444, 0.6768742533647562, 0.010346540514308467, 0.0, 0.0, 0.0, 0.0, 0.0, 0.006728056909389025, 1.0, 0.015471728802243638, 0.0, 0.0, 0.0, 0.0, 0.0, 0.0, 0.0, 0.0, 0.0, 
0.0, 0.0, 0.008267573276758722, 0.0, 0.0, 0.0, 0.0, 0.0, 0.5886114248070399, 0.7017744025242044, 0.09603513022070988, 0.0, 0.0, 0.0, 0.0, 0.0, 0.13916431598813714, 0.9473634135456722, 0.013408831628611152, 0.0, 0.0, 0.0, 0.0, 0.0, 0.0, 0.0, 0.06527442325226426, 0.0, 
0.0, 0.0, 0.008327648310430922, 0.0, 0.0, 0.0, 0.0, 0.0, 0.5793430957683354, 0.7266745516836527, 0.18172371992711128, 0.0, 0.0, 0.0, 0.0, 0.0, 0.2716005750668853, 0.8947268270913445, 0.011345934454978668, 0.0, 0.0, 0.0, 0.0, 0.0, 0.0, 0.0, 0.13054884650452853, 0.0, 
0.0, 0.0, 0.008387723344103122, 0.0, 0.0, 0.0, 0.0, 0.0, 0.5700747667296309, 0.751574700843101, 0.26741230963351265, 0.0, 0.0, 0.0, 0.0, 0.0, 0.4040368341456334, 0.8420902406370168, 0.009283037281346183, 0.0, 0.0, 0.0, 0.0, 0.0, 0.0, 0.0, 0.1958232697567928, 0.0, 
0.0, 0.0, 0.008447798377775324, 0.0, 0.0, 0.0, 0.0, 0.0, 0.5608064376909263, 0.7764748500025493, 0.35310089933991406, 0.0, 0.0, 0.0, 0.0, 0.0, 0.5364730932243815, 0.789453654182689, 0.007220140107713697, 0.0, 0.0, 0.0, 0.0, 0.0, 0.0, 0.0, 0.26109769300905705, 0.0, 
0.0, 0.0, 0.008507873411447524, 0.0, 0.0, 0.0, 0.0, 0.0, 0.5515381086522217, 0.8013749991619976, 0.4387894890463155, 0.0, 0.0, 0.0, 0.0, 0.0, 0.6689093523031296, 0.7368170677283612, 0.005157242934081213, 0.0, 0.0, 0.0, 0.0, 0.0, 0.0, 0.0, 0.32637211626132134, 0.0, 
0.0, 0.0, 0.008567948445119725, 0.0, 0.0, 0.0, 0.0, 0.0, 0.5422697796135173, 0.8262751483214459, 0.5244780787527169, 0.0, 0.0, 0.0, 0.0, 0.0, 0.8013456113818778, 0.6841804812740335, 0.0030943457604487266, 0.0, 0.0, 0.0, 0.0, 0.0, 0.0, 0.0, 0.3916465395135856, 0.0, 
0.0, 0.0, 0.008628023478791925, 0.0, 0.0, 0.0, 0.0, 0.0, 0.5330014505748127, 0.8511752974808942, 0.6101666684591184, 0.0, 0.0, 0.0, 0.0, 0.0, 0.9337818704606259, 0.6315438948197057, 0.0010314485868162405, 0.0, 0.0, 0.0, 0.0, 0.0, 0.0, 0.0, 0.4569209627658498, 0.0, 
0.0, 0.0, 0.00928471192657874, 0.00042701647297995463, 0.0, 0.0, 0.0, 0.0, 0.4934796300194172, 0.8483930163487591, 0.6108836672022053, 0.0, 0.0, 0.0, 0.0, 0.0, 0.9999999999999999, 0.5945220723022268, 0.0, 0.0, 0.0, 0.0, 0.0, 0.0, 0.0, 0.0, 0.4884919324164238, 0.0, 
0.0, 0.0, 0.01053801378848017, 0.001281049418939864, 0.0, 0.0, 0.0, 0.0, 0.4237043179473307, 0.8179283049250408, 0.5266290749819781, 0.0, 0.0, 0.0, 0.0, 0.0, 1.0, 0.5731150137215966, 0.0, 0.0, 0.0, 0.0, 0.0, 0.0, 0.0, 0.0, 0.48635944846530743, 0.0, 
0.0, 0.0, 0.011791315650381601, 0.002135082364899773, 0.0, 0.0, 0.0, 0.0, 0.35392900587524423, 0.7874635935013223, 0.44237448276175073, 0.0, 0.0, 0.0, 0.0, 0.0, 1.0, 0.5517079551409664, 0.0, 0.0, 0.0, 0.0, 0.0, 0.0, 0.0, 0.0, 0.4842269645141911, 0.0, 
0.0, 0.0, 0.01304461751228303, 0.0029891153108596823, 0.0, 0.0, 0.0, 0.0, 0.2841536938031577, 0.756998882077604, 0.3581198905415235, 0.0, 0.0, 0.0, 0.0, 0.0, 1.0, 0.5303008965603362, 0.0, 0.0, 0.0, 0.0, 0.0, 0.0, 0.0, 0.0, 0.4820944805630748, 0.0, 
0.0, 0.0, 0.01429791937418446, 0.003843148256819592, 0.0, 0.0, 0.0, 0.0, 0.2143783817310712, 0.7265341706538857, 0.27386529832129614, 0.0, 0.0, 0.0, 0.0, 0.0, 1.0, 0.508893837979706, 0.0, 0.0, 0.0, 0.0, 0.0, 0.0, 0.0, 0.0, 0.47996199661195843, 0.0, 
0.0, 0.0, 0.015551221236085891, 0.004697181202779501, 0.0, 0.0, 0.0, 0.0, 0.14460306965898473, 0.6960694592301673, 0.1896107061010689, 0.0, 0.0, 0.0, 0.0, 0.0, 1.0000000000000002, 0.4874867793990758, 0.0, 0.0, 0.0, 0.0, 0.0, 0.0, 0.0, 0.0, 0.4778295126608421, 0.0, 
0.0, 0.0, 0.01680452309798732, 0.00555121414873941, 0.0, 0.0, 0.0, 0.0, 0.07482775758689825, 0.6656047478064488, 0.10535611388084154, 0.0, 0.0, 0.0, 0.0, 0.0, 1.0000000000000002, 0.4660797208184456, 0.0, 0.0, 0.0, 0.0, 0.0, 0.0, 0.0, 0.0, 0.47569702870972574, 0.0, 
0.0, 0.0, 0.018057824959888752, 0.00640524709469932, 0.0, 0.0, 0.0, 0.0, 0.005052445514811733, 0.6351400363827305, 0.021101521660614304, 0.0, 0.0, 0.0, 0.0, 0.0, 1.0000000000000002, 0.4446726622378154, 0.0, 0.0, 0.0, 0.0, 0.0, 0.0, 0.0, 0.0, 0.47356454475860943, 0.0, 
0.0, 0.0, 0.018673502404115912, 0.10013526830396065, 0.0, 0.0, 0.0, 0.0, 0.004378786112836835, 0.6462551625270899, 0.11207830652387693, 0.0, 0.0, 0.0, 0.0, 0.006168351442107926, 1.0000000000000002, 0.38538297393944, 0.0, 0.0, 0.0, 0.0, 0.0, 0.0, 0.0, 0.0, 0.49897006780943254, 0.0, 
0.0, 0.0, 0.019289179848343073, 0.19386528951322196, 0.0, 0.0, 0.0, 0.0, 0.0037051267108619374, 0.6573702886714494, 0.20305509138713956, 0.0, 0.0, 0.0, 0.0, 0.012336702884215851, 1.0000000000000002, 0.3260932856410646, 0.0, 0.0, 0.0, 0.0, 0.0, 0.0, 0.0, 0.0, 0.5243755908602556, 0.0, 
0.0, 0.0, 0.01990485729257023, 0.2875953107224833, 0.0, 0.0, 0.0, 0.0, 0.00303146730888704, 0.6684854148158088, 0.29403187625040217, 0.0, 0.0, 0.0, 0.0, 0.018505054326323777, 1.0000000000000002, 0.2668035973426892, 0.0, 0.0, 0.0, 0.0, 0.0, 0.0, 0.0, 0.0, 0.5497811139110789, 0.0, 
0.0, 0.0, 0.02052053473679739, 0.3813253319317446, 0.0, 0.0, 0.0, 0.0, 0.002357807906912142, 0.6796005409601683, 0.38500866111366483, 0.0, 0.0, 0.0, 0.0, 0.024673405768431703, 1.0, 0.20751390904431385, 0.0, 0.0, 0.0, 0.0, 0.0, 0.0, 0.0, 0.0, 0.575186636961902, 0.0, 
0.0, 0.0, 0.02113621218102455, 0.47505535314100594, 0.0, 0.0, 0.0, 0.0, 0.0016841485049372443, 0.6907156671045277, 0.4759854459769275, 0.0, 0.0, 0.0, 0.0, 0.03084175721053963, 1.0, 0.1482242207459385, 0.0, 0.0, 0.0, 0.0, 0.0, 0.0, 0.0, 0.0, 0.6005921600127251, 0.0, 
0.0, 0.0, 0.02175188962525171, 0.5687853743502673, 0.0, 0.0, 0.0, 0.0, 0.0010104891029623468, 0.7018307932488872, 0.56696223084019, 0.0, 0.0, 0.0, 0.0, 0.037010108652647554, 1.0, 0.08893453244756311, 0.0, 0.0, 0.0, 0.0, 0.0, 0.0, 0.0, 0.0, 0.6259976830635482, 0.0, 
0.0, 0.0, 0.022367567069478872, 0.6625153955595287, 0.0, 0.0, 0.0, 0.0, 0.00033682970098744894, 0.7129459193932466, 0.6579390157034527, 0.0, 0.0, 0.0, 0.0, 0.04317846009475548, 1.0, 0.02964484414918772, 0.0, 0.0, 0.0, 0.0, 0.0, 0.0, 0.0, 0.0, 0.6514032061143713, 0.0, 
0.0, 0.0, 0.022501614764913976, 0.7129107017284729, 0.0, 0.0, 0.0, 0.0, 0.0, 0.7372699169677311, 0.6581281188971345, 0.0, 0.0, 0.0007394781409970015, 0.0, 0.10658038695981664, 0.9861438667178126, 0.0, 0.0, 0.0, 0.0, 0.0, 0.0, 0.0, 0.0, 0.0, 0.6654280044242336, 0.0, 
0.0, 0.0, 0.022154032711557022, 0.7199712928571002, 0.0, 0.0, 0.0, 0.0, 0.0, 0.774802785972341, 0.5675295404212355, 0.0, 0.0, 0.0022184344229910047, 0.0, 0.227215889247831, 0.9584316001534379, 0.0, 0.0, 0.0, 0.0, 0.0, 0.0, 0.0, 0.0, 0.0, 0.668072077993135, 0.0, 
0.0, 0.0, 0.021806450658200072, 0.7270318839857273, 0.0, 0.0, 0.0, 0.0, 0.0, 0.8123356549769508, 0.47693096194533646, 0.0, 0.0, 0.0036973907049850075, 0.0, 0.34785139153584543, 0.930719333589063, 0.0, 0.0, 0.0, 0.0, 0.0, 0.0, 0.0, 0.0, 0.0, 0.6707161515620363, 0.0, 
0.0, 0.0, 0.02145886860484312, 0.7340924751143545, 0.0, 0.0, 0.0, 0.0, 0.0, 0.8498685239815607, 0.38633238346943743, 0.0, 0.0, 0.005176346986979011, 0.0, 0.4684868938238598, 0.9030070670246882, 0.0, 0.0, 0.0, 0.0, 0.0, 0.0, 0.0, 0.0, 0.0, 0.6733602251309377, 0.0, 
0.0, 0.0, 0.02111128655148617, 0.7411530662429817, 0.0, 0.0, 0.0, 0.0, 0.0, 0.8874013929861705, 0.2957338049935384, 0.0, 0.0, 0.006655303268973014, 0.0, 0.5891223961118742, 0.8752948004603135, 0.0, 0.0, 0.0, 0.0, 0.0, 0.0, 0.0, 0.0, 0.0, 0.6760042986998391, 0.0, 
0.0, 0.0, 0.020763704498129216, 0.7482136573716089, 0.0, 0.0, 0.0, 0.0, 0.0, 0.9249342619907803, 0.20513522651763938, 0.0, 0.0, 0.008134259550967016, 0.0, 0.7097578983998886, 0.8475825338959386, 0.0, 0.0, 0.0, 0.0, 0.0, 0.0, 0.0, 0.0, 0.0, 0.6786483722687404, 0.0, 
0.0, 0.0, 0.020416122444772263, 0.7552742485002361, 0.0, 0.0, 0.0, 0.0, 0.0, 0.96246713099539, 0.11453664804174035, 0.0, 0.0, 0.00961321583296102, 0.0, 0.8303934006879029, 0.8198702673315639, 0.0, 0.0, 0.0, 0.0, 0.0, 0.0, 0.0, 0.0, 0.0, 0.6812924458376418, 0.0, 
0.0, 0.0, 0.020068540391415313, 0.7623348396288633, 0.0, 0.0, 0.0, 0.0, 0.0, 0.9999999999999999, 0.023938069565841328, 0.0, 0.0, 0.011092172114955022, 0.0, 0.9510289029759174, 0.7921580007671891, 0.0, 0.0, 0.0, 0.0, 0.0, 0.0, 0.0, 0.0, 0.0, 0.6839365194065432, 0.0, 
0.0, 0.0, 0.01936678726968112, 0.7940235276783482, 0.0008830639848954323, 0.0, 0.0, 0.0, 0.0, 0.9645958731866195, 0.023849249448662117, 0.0, 0.0, 0.07508240307592529, 0.0, 0.9563239002309732, 0.777461721756343, 0.0, 0.0, 0.0, 0.0, 0.0, 0.0, 0.0, 0.0, 0.0, 0.594572244906121, 0.0009390225269423363, 
0.0, 0.0, 0.018665034147946926, 0.825712215727833, 0.0017661279697908645, 0.0, 0.0, 0.0, 0.0, 0.9291917463732392, 0.023760429331482903, 0.0, 0.0, 0.13907263403689554, 0.0, 0.9616188974860291, 0.7627654427454968, 0.0, 0.0, 0.0, 0.0, 0.0, 0.0, 0.0, 0.0, 0.0, 0.5052079704056989, 0.0018780450538846726, 
0.0, 0.0, 0.017963281026212734, 0.8574009037773179, 0.0026491919546862966, 0.0, 0.0, 0.0, 0.0, 0.8937876195598589, 0.023671609214303693, 0.0, 0.0, 0.2030628649978658, 0.0, 0.966913894741085, 0.7480691637346506, 0.0, 0.0, 0.0, 0.0, 0.0, 0.0, 0.0, 0.0, 0.0, 0.41584369590527664, 0.002817067580827009, 
0.0, 0.0, 0.01726152790447854, 0.8890895918268029, 0.003532255939581729, 0.0, 0.0, 0.0, 0.0, 0.8583834927464786, 0.023582789097124482, 0.0, 0.0, 0.26705309595883603, 0.0, 0.9722088919961409, 0.7333728847238045, 0.0, 0.0, 0.0, 0.0, 0.0, 0.0, 0.0, 0.0, 0.0, 0.3264794214048545, 0.0037560901077693452, 
0.0, 0.0, 0.016559774782744348, 0.9207782798762878, 0.0044153199244771615, 0.0, 0.0, 0.0, 0.0, 0.8229793659330983, 0.023493968979945268, 0.0, 0.0, 0.33104332691980626, 0.0, 0.9775038892511968, 0.7186766057129583, 0.0, 0.0, 0.0, 0.0, 0.0, 0.0, 0.0, 0.0, 0.0, 0.2371151469044323, 0.004695112634711681, 
0.0, 0.0, 0.015858021661010156, 0.9524669679257727, 0.005298383909372593, 0.0, 0.0, 0.0, 0.0, 0.7875752391197179, 0.023405148862766057, 0.0, 0.0, 0.39503355788077654, 0.0, 0.9827988865062527, 0.7039803267021122, 0.0, 0.0, 0.0, 0.0, 0.0, 0.0, 0.0, 0.0, 0.0, 0.14775087240401008, 0.005634135161654018, 
0.0, 0.0, 0.015156268539275961, 0.9841556559752576, 0.006181447894268026, 0.0, 0.0, 0.0, 0.0, 0.7521711123063376, 0.023316328745586846, 0.0, 0.0, 0.4590237888417468, 0.0, 0.9880938837613087, 0.689284047691266, 0.0, 0.0, 0.0, 0.0, 0.0, 0.0, 0.0, 0.0, 0.0, 0.05838659790358791, 0.006573157688596354, 
0.0, 0.000835521205094083, 0.014458833089488162, 1.0, 0.008336730107298554, 0.0, 0.0, 0.0, 0.0, 0.6866568670184171, 0.022944120690374575, 0.0003740411857562091, 0.0, 0.4886037044909056, 0.0, 0.967836776363662, 0.676632032458623, 0.0, 0.0, 0.0, 0.0, 0.0, 0.0, 0.0, 0.0, 0.0, 0.012904484424553393, 0.006573157688596354, 
0.0, 0.002506563615282249, 0.013765715311646755, 1.0, 0.01176423054846418, 0.0, 0.0, 0.0, 0.0, 0.5910325032559565, 0.022288524697129244, 0.0011221235572686273, 0.0, 0.48377330482825304, 0.0, 0.9220275643133131, 0.6660242810041833, 0.0, 0.0, 0.0, 0.0, 0.0, 0.0, 0.0, 0.0, 0.0, 0.011304531966906494, 0.005634135161654018, 
0.0, 0.004177606025470415, 0.013072597533805347, 1.0, 0.015191730989629807, 0.0, 0.0, 0.0, 0.0, 0.4954081394934957, 0.021632928703883912, 0.0018702059287810456, 0.0, 0.47894290516560045, 0.0, 0.8762183522629641, 0.6554165295497436, 0.0, 0.0, 0.0, 0.0, 0.0, 0.0, 0.0, 0.0, 0.0, 0.009704579509259594, 0.004695112634711682, 
0.0, 0.005848648435658581, 0.01237947975596394, 1.0, 0.018619231430795434, 0.0, 0.0, 0.0, 0.0, 0.3997837757310351, 0.02097733271063858, 0.0026182883002934636, 0.0, 0.47411250550294787, 0.0, 0.8304091402126151, 0.6448087780953038, 0.0, 0.0, 0.0, 0.0, 0.0, 0.0, 0.0, 0.0, 0.0, 0.008104627051612696, 0.0037560901077693452, 
0.0, 0.007519690845846747, 0.011686361978122534, 1.0, 0.02204673187196106, 0.0, 0.0, 0.0, 0.0, 0.3041594119685743, 0.02032173671739325, 0.0033663706718058822, 0.0, 0.4692821058402953, 0.0, 0.7845999281622662, 0.6342010266408641, 0.0, 0.0, 0.0, 0.0, 0.0, 0.0, 0.0, 0.0, 0.0, 0.006504674593965797, 0.0028170675808270092, 
0.0, 0.009190733256034913, 0.010993244200281126, 1.0, 0.025474232313126684, 0.0, 0.0, 0.0, 0.0, 0.20853504820611368, 0.019666140724147917, 0.0041144530433183, 0.0, 0.46445170617764264, 0.0, 0.7387907161119172, 0.6235932751864244, 0.0, 0.0, 0.0, 0.0, 0.0, 0.0, 0.0, 0.0, 0.0, 0.004904722136318899, 0.0018780450538846728, 
0.0, 0.010861775666223079, 0.010300126422439718, 1.0, 0.02890173275429231, 0.0, 0.0, 0.0, 0.0, 0.11291068444365293, 0.019010544730902586, 0.004862535414830719, 0.0, 0.45962130651499006, 0.0, 0.6929815040615681, 0.6129855237319846, 0.0, 0.0, 0.0, 0.0, 0.0, 0.0, 0.0, 0.0, 0.0, 0.0033047696786719996, 0.0009390225269423364, 
0.0, 0.012532818076411245, 0.009607008644598312, 1.0, 0.03232923319545794, 0.0, 0.0, 0.0, 0.0, 0.017286320681192298, 0.018354948737657254, 0.0056106177863431365, 0.0, 0.4547909068523375, 0.0, 0.6471722920112192, 0.6023777722775449, 0.0, 0.0, 0.0, 0.0, 0.0, 0.0, 0.0, 0.0, 0.0, 0.0017048172210250994, 0.0, 
0.0, 0.010861775666223079, 0.00832607415865187, 0.9281089460673558, 0.02893755734321653, 0.0, 0.0, 0.0, 0.0, 0.014981477923699991, 0.015907622239302952, 0.004862535414830718, 0.0, 0.3941521192720258, 0.005661134543131702, 0.5687595172858716, 0.5220607359738723, 0.0, 0.0, 0.0, 0.0, 0.0, 0.0, 0.0, 0.0, 0.0, 0.0014775082582217528, 0.0, 
0.0, 0.009190733256034913, 0.007045139672705429, 0.8562178921347117, 0.025545881490975125, 0.0, 0.0, 0.0, 0.0, 0.012676635166207685, 0.013460295740948654, 0.0041144530433183, 0.0, 0.33351333169171415, 0.011322269086263404, 0.490346742560524, 0.44174369967019955, 0.0, 0.0, 0.0, 0.0, 0.0, 0.0, 0.0, 0.0, 0.0, 0.0012501992954184063, 0.0, 
0.0, 0.007519690845846747, 0.005764205186758988, 0.7843268382020676, 0.022154205638733715, 0.0, 0.0, 0.0, 0.0, 0.010371792408715379, 0.011012969242594352, 0.003366370671805882, 0.0, 0.27287454411140244, 0.016983403629395107, 0.41193396783517644, 0.3614266633665269, 0.0, 0.0, 0.0, 0.0, 0.0, 0.0, 0.0, 0.0, 0.0, 0.0010228903326150597, 0.0, 
0.0, 0.005848648435658581, 0.004483270700812546, 0.7124357842694234, 0.01876252978649231, 0.0, 0.0, 0.0, 0.0, 0.008066949651223072, 0.008565642744240052, 0.0026182883002934636, 0.0, 0.2122357565310908, 0.022644538172526808, 0.33352119310982886, 0.28110962706285425, 0.0, 0.0, 0.0, 0.0, 0.0, 0.0, 0.0, 0.0, 0.0, 0.0007955813698117131, 0.0, 
0.0, 0.004177606025470414, 0.003202336214866104, 0.6405447303367793, 0.0153708539342509, 0.0, 0.0, 0.0, 0.0, 0.005762106893730766, 0.006118316245885751, 0.0018702059287810453, 0.0, 0.15159696895077912, 0.02830567271565851, 0.2551084183844813, 0.2007925907591816, 0.0, 0.0, 0.0, 0.0, 0.0, 0.0, 0.0, 0.0, 0.0, 0.0005682724070083666, 0.0, 
0.0, 0.0025065636152822486, 0.001921401728919663, 0.5686536764041352, 0.01197917808200949, 0.0, 0.0, 0.0, 0.0, 0.0034572641362384596, 0.0036709897475314494, 0.0011221235572686271, 0.0, 0.09095818137046746, 0.03396680725879021, 0.1766956436591337, 0.12047555445550895, 0.0, 0.0, 0.0, 0.0, 0.0, 0.0, 0.0, 0.0, 0.0, 0.0003409634442050199, 0.0, 
0.0, 0.0008355212050940829, 0.0006404672429732219, 0.49676262247149106, 0.008587502229768083, 0.0, 0.0, 0.0, 0.0, 0.0011524213787461532, 0.001223663249177151, 0.00037404118575620933, 0.0, 0.030319393790155802, 0.03962794180192191, 0.09828286893378613, 0.04015851815183635, 0.0, 0.0, 0.0, 0.0, 0.0, 0.0, 0.0, 0.0, 0.0, 0.00011365448140167344, 0.0, 
0.0, 0.0, 0.0, 0.4643186570275545, 0.03760161421107341, 0.0, 0.0, 0.0, 0.0, 0.0, 0.00036997851861780856, 0.0, 0.0, 0.0009960899125087046, 0.10629460846858857, 0.09452680394727668, 0.0, 0.0, 0.0, 0.0, 0.0, 0.0, 0.0, 0.0, 0.0, 0.0, 0.0, 0.0, 
0.0, 0.0, 0.0, 0.47132178007232567, 0.09902151402592546, 0.0, 0.0, 0.0, 0.0, 0.0, 0.0011099355558534256, 0.0, 0.0, 0.002988269737526114, 0.23396680725879015, 0.16542744869960546, 0.0, 0.0, 0.0, 0.0, 0.0, 0.0, 0.0, 0.0, 0.0, 0.0, 0.0, 0.0, 
0.0, 0.0, 0.0, 0.47832490311709686, 0.16044141384077754, 0.0, 0.0, 0.0, 0.0, 0.0, 0.0018498925930890428, 0.0, 0.0, 0.004980449562543523, 0.3616390060489918, 0.23632809345193428, 0.0, 0.0, 0.0, 0.0, 0.0, 0.0, 0.0, 0.0, 0.0, 0.0, 0.0, 0.0, 
0.0, 0.0, 0.0, 0.48532802616186804, 0.22186131365562958, 0.0, 0.0, 0.0, 0.0, 0.0, 0.00258984963032466, 0.0, 0.0, 0.006972629387560932, 0.4893112048391934, 0.30722873820426305, 0.0, 0.0, 0.0, 0.0, 0.0, 0.0, 0.0, 0.0, 0.0, 0.0, 0.0, 0.0, 
0.0, 0.0, 0.0, 0.49233114920663923, 0.28328121347048163, 0.0, 0.0, 0.0, 0.0, 0.0, 0.003329806667560277, 0.0, 0.0, 0.008964809212578341, 0.6169834036293951, 0.3781293829565919, 0.0, 0.0, 0.0, 0.0, 0.0, 0.0, 0.0, 0.0, 0.0, 0.0, 0.0, 0.0, 
0.0, 0.0, 0.0, 0.49933427225141036, 0.3447011132853337, 0.0, 0.0, 0.0, 0.0, 0.0, 0.004069763704795894, 0.0, 0.0, 0.01095698903759575, 0.7446556024195967, 0.44903002770892064, 0.0, 0.0, 0.0, 0.0, 0.0, 0.0, 0.0, 0.0, 0.0, 0.0, 0.0, 0.0, 
0.0, 0.0, 0.0, 0.5063373952961816, 0.4061210131001857, 0.0, 0.0, 0.0, 0.0, 0.0, 0.004809720742031511, 0.0, 0.0, 0.01294916886261316, 0.8723278012097982, 0.5199306724612495, 0.0, 0.0, 0.0, 0.0, 0.0, 0.0, 0.0, 0.0, 0.0, 0.0, 0.0, 0.0, 
0.0, 0.0, 0.0, 0.5133405183409527, 0.4675409129150378, 0.0, 0.0, 0.0, 0.0, 0.0, 0.0055496777792671285, 0.0, 0.0, 0.014941348687630569, 0.9999999999999999, 0.5908313172135782, 0.0, 0.0, 0.0, 0.0, 0.0, 0.0, 0.0, 0.0, 0.0, 0.0, 0.0, 0.0, 
0.13333333333333333, 0.0, 0.0, 0.44787490187089496, 0.47924734485198, 0.0, 0.0, 0.0009574383773045849, 0.0, 0.0, 0.004809720742031512, 0.0, 0.0, 0.01294916886261316, 0.9741019815014004, 0.5148382273528209, 0.0, 0.0, 0.0, 0.0, 0.0, 0.0, 0.0, 0.0, 0.0, 0.0, 0.0, 0.0, 
0.26666666666666666, 0.0, 0.0, 0.3824092854008372, 0.49095377678892216, 0.0, 0.0, 0.0019148767546091699, 0.0, 0.0, 0.004069763704795894, 0.0, 0.0, 0.01095698903759575, 0.9482039630028007, 0.43884513749206355, 0.0, 0.0, 0.0, 0.0, 0.0, 0.0, 0.0, 0.0, 0.0, 0.0, 0.0, 0.0, 
0.4, 0.0, 0.0, 0.31694366893077935, 0.5026602087258644, 0.0, 0.0, 0.002872315131913755, 0.0, 0.0, 0.0033298066675602773, 0.0, 0.0, 0.008964809212578341, 0.9223059445042012, 0.3628520476313063, 0.0, 0.0, 0.0, 0.0, 0.0, 0.0, 0.0, 0.0, 0.0, 0.0, 0.0, 0.0, 
0.5333333333333333, 0.0, 0.0, 0.2514780524607216, 0.5143666406628066, 0.0, 0.0, 0.0038297535092183398, 0.0, 0.0, 0.00258984963032466, 0.0, 0.0, 0.006972629387560932, 0.8964079260056017, 0.286858957770549, 0.0, 0.0, 0.0, 0.0, 0.0, 0.0, 0.0, 0.0, 0.0, 0.0, 0.0, 0.0, 
0.6666666666666666, 0.0, 0.0, 0.1860124359906638, 0.5260730725997487, 0.0, 0.0, 0.004787191886522925, 0.0, 0.0, 0.0018498925930890428, 0.0, 0.0, 0.0049804495625435236, 0.8705099075070022, 0.21086586790979167, 0.0, 0.0, 0.0, 0.0, 0.0, 0.0, 0.0, 0.0, 0.0, 0.0, 0.0, 0.0, 
0.8, 0.0, 0.0, 0.12054681952060597, 0.5377795045366909, 0.0, 0.0, 0.00574463026382751, 0.0, 0.0, 0.001109935555853426, 0.0, 0.0, 0.002988269737526113, 0.8446118890084026, 0.13487277804903441, 0.0, 0.0, 0.0, 0.0, 0.0, 0.0, 0.0, 0.0, 0.0, 0.0, 0.0, 0.0, 
0.9333333333333333, 0.0, 0.0, 0.0550812030505482, 0.5494859364736331, 0.0, 0.0, 0.006702068641132095, 0.0, 0.0, 0.0003699785186178084, 0.0, 0.0, 0.0009960899125087044, 0.818713870509803, 0.058879688188277046, 0.0, 0.0, 0.0, 0.0, 0.0, 0.0, 0.0, 0.0, 0.0, 0.0, 0.0, 0.0, 
0.0,0.0,0.0,0.0,0.0,0.0,0.0,0.0,0.0,0.0,0.0,0.0,0.0,0.0,0.0,0.0,0.0,0.0,0.0,0.0,0.0,0.0,0.0,0.0,0.0,0.0,0.0,0.0, 
0.0,0.0,0.0,0.0,0.0,0.0,0.0,0.0,0.0,0.0,0.0,0.0,0.0,0.0,0.0,0.0,0.0,0.0,0.0,0.0,0.0,0.0,0.0,0.0,0.0,0.0,0.0,0.0, 
0.0,0.0,0.0,0.0,0.0,0.0,0.0,0.0,0.0,0.0,0.0,0.0,0.0,0.0,0.0,0.0,0.0,0.0,0.0,0.0,0.0,0.0,0.0,0.0,0.0,0.0,0.0,0.0, 
0.0,0.0,0.0,0.0,0.0,0.0,0.0,0.0,0.0,0.0,0.0,0.0,0.0,0.0,0.0,0.0,0.0,0.0,0.0,0.0,0.0,0.0,0.0,0.0,0.0,0.0,0.0,0.0, 
0.0,0.0,0.0,0.0,0.0,0.0,0.0,0.0,0.0,0.0,0.0,0.0,0.0,0.0,0.0,0.0,0.0,0.0,0.0,0.0,0.0,0.0,0.0,0.0,0.0,0.0,0.0,0.0, 
0.0,0.0,0.0,0.0,0.0,0.0,0.0,0.0,0.0,0.0,0.0,0.0,0.0,0.0,0.0,0.0,0.0,0.0,0.0,0.0,0.0,0.0,0.0,0.0,0.0,0.0,0.0,0.0, 
0.0,0.0,0.0,0.0,0.0,0.0,0.0,0.0,0.0,0.0,0.0,0.0,0.0,0.0,0.0,0.0,0.0,0.0,0.0,0.0,0.0,0.0,0.0,0.0,0.0,0.0,0.0,0.0, 
0.0,0.0,0.0,0.0,0.0,0.0,0.0,0.0,0.0,0.0,0.0,0.0,0.0,0.0,0.0,0.0,0.0,0.0,0.0,0.0,0.0,0.0,0.0,0.0,0.0,0.0,0.0,0.0, 
0.0,0.0,0.0,0.0,0.0,0.0,0.0,0.0,0.0,0.0,0.0,0.0,0.0,0.0,0.0,0.0,0.0,0.0,0.0,0.0,0.0,0.0,0.0,0.0,0.0,0.0,0.0,0.0, 
0.0,0.0,0.0,0.0,0.0,0.0,0.0,0.0,0.0,0.0,0.0,0.0,0.0,0.0,0.0,0.0,0.0,0.0,0.0,0.0,0.0,0.0,0.0,0.0,0.0,0.0,0.0,0.0, 
